Time (s),Force (N),Displacement (mm),Strain,Stress (MPa)
2.012,1.00105,0.0,0.0,0.13347333333333333
2.063,0.994375,0.0,0.0,0.13258333333333333
2.115,0.9876999999999999,0.0,0.0,0.13169333333333333
2.166,0.9845,0.0,0.0,0.13126666666666667
2.217,0.9813000000000001,0.0,0.0,0.13084
2.27,0.978175,0.0,0.0,0.13042333333333334
2.321,0.9750500000000001,0.0,0.0,0.1300066666666667
2.373,0.97205,0.0,0.0,0.12960666666666668
2.424,0.96905,0.0,0.0,0.12920666666666666
2.475,0.966075,0.0,0.0,0.12881
2.527,0.9631000000000001,0.0,0.0,0.12841333333333335
2.579,0.9604250000000001,0.0,0.0,0.12805666666666668
2.63,0.9577500000000001,0.0,0.0,0.1277
2.682,0.954375,0.0,0.0,0.12725
2.733,0.951,0.0,0.0,0.1268
2.785,0.9478249999999999,0.0,0.0,0.12637666666666666
2.836,0.94465,0.0,0.0,0.12595333333333333
2.888,0.94155,0.0,0.0,0.12554
2.939,0.9384499999999999,0.0,0.0,0.12512666666666666
2.991,0.9352,0.0,0.0,0.12469333333333334
3.043,0.93195,0.0,0.0,0.12426
3.094,0.928825,0.0,0.0,0.12384333333333333
3.146,0.9257,0.0,0.0,0.12342666666666666
3.197,0.9218500000000001,0.0,0.0,0.12291333333333335
3.249,0.9179999999999999,0.0,0.0,0.1224
3.301,0.9148249999999999,0.0,0.0,0.12197666666666665
3.352,0.9116500000000001,0.0,0.0,0.12155333333333335
3.404,0.9069499999999999,0.0,0.0,0.12092666666666665
3.455,0.9022500000000001,0.0,0.0,0.12030000000000002
3.507,0.8980499999999999,0.0,0.0,0.11973999999999999
3.558,0.8938499999999999,0.0,0.0,0.11918
3.61,0.891025,0.0,0.0,0.11880333333333333
3.661,0.8882,0.0,0.0,0.11842666666666667
3.713,0.885425,0.0,0.0,0.11805666666666667
3.765,0.8826499999999999,0.0,0.0,0.11768666666666666
3.816,0.879875,0.0,0.0,0.11731666666666667
3.867,0.8771000000000001,0.0,0.0,0.11694666666666668
3.919,0.8745499999999999,0.0,0.0,0.11660666666666666
3.97,0.8720000000000001,0.0,0.0,0.11626666666666668
4.023,0.868925,0.0,0.0,0.11585666666666666
4.074,0.86585,0.0,0.0,0.11544666666666667
4.125,0.862025,0.0,0.0,0.11493666666666667
4.177,0.8582000000000001,0.0,0.0,0.11442666666666668
4.228,0.8552500000000001,0.0,0.0,0.11403333333333335
4.28,0.8523,0.0,0.0,0.11363999999999999
4.332,0.8494999999999999,0.0,0.0,0.11326666666666665
4.383,0.8467,0.0,0.0,0.11289333333333333
4.435,0.844,0.0,0.0,0.11253333333333333
4.487,0.8413,0.0,0.0,0.11217333333333333
4.538,0.8384750000000001,0.0,0.0,0.11179666666666668
4.589,0.83565,0.0,0.0,0.11142
4.641,0.8326499999999999,0.0,0.0,0.11101999999999998
4.692,0.82965,0.0,0.0,0.11062
4.745,0.826975,0.0,0.0,0.11026333333333334
4.796,0.8243,0.0,0.0,0.10990666666666667
4.847,0.82135,0.0,0.0,0.10951333333333334
4.898,0.8183999999999999,0.0,0.0,0.10911999999999998
4.95,0.8153499999999999,0.0,0.0,0.10871333333333331
5.002,0.8122999999999999,0.0,0.0,0.10830666666666665
5.054,0.8095000000000001,0.0,0.0,0.10793333333333335
5.105,0.8067,0.0,0.0,0.10756
5.156,0.8037750000000001,0.0,0.0,0.10717000000000002
5.208,0.80085,0.0,0.0,0.10678
5.26,0.79805,0.0,0.0,0.10640666666666668
5.311,0.79525,0.0,0.0,0.10603333333333334
5.363,0.792725,0.0,0.0,0.10569666666666667
5.414,0.7902,0.0,0.0,0.10536
5.466,0.7896,0.0,0.0,0.10528
5.518,0.7889999999999999,0.0,0.0,0.10519999999999999
5.569,0.78735,0.0,0.0,0.10498
5.62,0.7857000000000001,0.0,0.0,0.10476
5.672,0.7827,0.0,0.0,0.10436
5.724,0.7797,0.0,0.0,0.10396
5.776,0.77635,0.0,0.0,0.10351333333333333
5.827,0.773,0.0,0.0,0.10306666666666667
5.878,0.770425,0.0,0.0,0.10272333333333333
5.929,0.7678499999999999,0.0,0.0,0.10237999999999998
5.982,0.7644,0.0,0.0,0.10192
6.033,0.76095,0.0,0.0,0.10146000000000001
6.085,0.757775,0.0,0.0,0.10103666666666666
6.136,0.7546,0.0,0.0,0.10061333333333335
6.187,0.7523,0.0,0.0,0.10030666666666667
6.24,0.75,0.0,0.0,0.1
6.291,0.74735,0.0,0.0,0.09964666666666666
6.342,0.7447,0.0,0.0,0.09929333333333333
6.394,0.74205,0.0,0.0,0.09894
6.445,0.7394000000000001,0.0,0.0,0.09858666666666667
6.498,0.7370249999999999,0.0,0.0,0.09827
6.549,0.73465,0.0,0.0,0.09795333333333334
6.6,0.7325999999999999,0.0,0.0,0.09767999999999999
6.651,0.73055,0.0,0.0,0.09740666666666667
6.703,0.72805,0.0,0.0,0.09707333333333333
6.755,0.7255499999999999,0.0,0.0,0.09673999999999999
6.807,0.722825,0.0,0.0,0.09637666666666668
6.858,0.7201,0.0,0.0,0.09601333333333333
6.909,0.7177749999999999,0.0,0.0,0.09570333333333332
6.961,0.7154499999999999,0.0,0.0,0.09539333333333332
7.013,0.7133499999999999,0.0,0.0,0.09511333333333333
7.064,0.7112499999999999,0.0,0.0,0.09483333333333333
7.116,0.7077,0.0,0.0,0.09436
7.167,0.70415,0.0,0.0,0.09388666666666667
7.219,0.700875,0.0,0.0,0.09345
7.271,0.6976,0.0,0.0,0.09301333333333334
7.322,0.696125,0.0,0.0,0.09281666666666667
7.372,0.69465,0.0003275,4.6785714285714284e-06,0.09262
7.422,0.69225,0.001805,2.5785714285714284e-05,0.09230000000000001
7.473,0.689225,0.00443,6.328571428571429e-05,0.09189666666666667
7.523,0.68645,0.0082025,0.00011717857142857142,0.09152666666666667
7.573,0.6878249999999999,0.013125000000000001,0.00018750000000000003,0.09170999999999999
7.623,0.6897,0.019195,0.00027421428571428573,0.09196
7.673,0.7163,0.026415,0.0003773571428571429,0.09550666666666667
7.723,0.742775,0.0347825,0.0004968928571428572,0.09903666666666666
7.773,0.8073750000000001,0.0442525,0.0006321785714285714,0.10765000000000001
7.823,0.872075,0.054869999999999995,0.0007838571428571428,0.11627666666666667
7.873,0.97165,0.066635,0.0009519285714285715,0.12955333333333333
7.923,1.07105,0.07955,0.0011364285714285714,0.14280666666666667
7.973,1.200175,0.0936125,0.0013373214285714286,0.16002333333333332
8.023,1.3302,0.10880000000000001,0.0015542857142857144,0.17736000000000002
8.073,1.488275,0.12511250000000002,0.0017873214285714287,0.19843666666666668
8.123,1.646125,0.14255,0.0020364285714285714,0.21948333333333334
8.173,1.8291999999999997,0.161135,0.0023019285714285715,0.2438933333333333
8.223,2.011875,0.18084499999999998,0.0025835,0.26825
8.273,2.216925,0.20170499999999997,0.0028814999999999995,0.29558999999999996
8.323,2.42265,0.22369,0.0031955714285714287,0.32302
8.373,2.649225,0.2468,0.0035257142857142857,0.35323
8.423,2.8759,0.2710575,0.0038722500000000003,0.38345333333333337
8.473,3.122725,0.29646249999999996,0.004235178571428571,0.4163633333333333
8.523,3.3692,0.3230175,0.004614535714285714,0.4492266666666667
8.573,3.6348999999999996,0.35072000000000003,0.0050102857142857145,0.48465333333333327
8.623,3.9006499999999997,0.3795725,0.005422464285714286,0.5200866666666666
8.673,4.18395,0.40955,0.005850714285714286,0.55786
8.723,4.467575,0.440675,0.0062953571428571425,0.5956766666666666
8.773,4.76565,0.47294749999999997,0.006756392857142857,0.63542
8.823,5.063875,0.50637,0.007233857142857143,0.6751833333333334
8.873,5.3881250000000005,0.54094,0.007727714285714286,0.7184166666666667
8.924,5.7124,0.5766575,0.008237964285714286,0.7616533333333333
8.974,6.049474999999999,0.613525,0.008764642857142856,0.8065966666666665
9.024,6.3866,0.65154,0.009307714285714285,0.8515466666666666
9.074,6.7330749999999995,0.690705,0.009867214285714286,0.8977433333333332
9.124,7.080775,0.7310175,0.010443107142857143,0.9441033333333333
9.174,7.43665,0.7724775,0.011035392857142858,0.9915533333333334
9.224,7.79255,0.8150625,0.01164375,1.0390066666666666
9.274,8.1556,0.8587975,0.012268535714285714,1.0874133333333333
9.324,8.51795,0.9036799999999999,0.012909714285714285,1.1357266666666668
9.374,8.885974999999998,0.9493824999999999,0.013562607142857142,1.1847966666666665
9.424,9.254,0.9950850000000001,0.0142155,1.2338666666666667
9.474,9.627325,1.0407875,0.014868392857142856,1.2836433333333335
9.524,10.00065,1.0864449999999999,0.015520642857142856,1.33342
9.574,10.372874999999999,1.1320774999999998,0.016172535714285712,1.38305
9.624,10.745099999999999,1.17771,0.016824428571428574,1.43268
9.674,11.097100000000001,1.2233425,0.017476321428571428,1.4796133333333334
9.724,11.4491,1.268975,0.018128214285714286,1.5265466666666667
9.774,11.768025,1.3146525,0.01878075,1.56907
9.824,12.08695,1.360285,0.019432642857142857,1.6115933333333332
9.874,12.373875,1.4059175,0.020084535714285714,1.64985
9.924,12.6608,1.45155,0.02073642857142857,1.6881066666666666
9.974,12.920824999999999,1.4971825,0.02138832142857143,1.7227766666666666
10.024,13.180850000000001,1.5428375,0.022040535714285714,1.7574466666666668
10.074,13.4155,1.5885175,0.022693107142857143,1.7887333333333333
10.124,13.65015,1.6341975000000002,0.023345678571428573,1.82002
10.174,13.864650000000001,1.6798549999999999,0.02399792857142857,1.8486200000000002
10.224,14.079149999999998,1.7255125,0.024650178571428573,1.8772199999999999
10.274,14.275575,1.7711675,0.025302392857142857,1.90341
10.324,14.472,1.8168475000000002,0.02595496428571429,1.9296
10.375,14.647775,1.86255,0.02660785714285714,1.9530366666666665
10.425,14.823550000000001,1.9082525000000001,0.02726075,1.9764733333333335
10.475,14.9863,1.9539575,0.027913678571428572,1.9981733333333334
10.525,15.149049999999999,1.99966,0.028566571428571427,2.0198733333333334
10.575,15.3,2.045365,0.0292195,2.04
10.625,15.45095,2.0910675000000003,0.02987239285714286,2.0601266666666667
10.675,15.590475000000001,2.13677,0.030525285714285713,2.07873
10.725,15.73,2.1824500000000002,0.031177857142857146,2.0973333333333333
10.775,15.859100000000002,2.22813,0.03183042857142857,2.114546666666667
10.825,15.9882,2.27381,0.032483000000000005,2.1317600000000003
10.875,16.095625000000002,2.31949,0.03313557142857143,2.146083333333334
10.925,16.203049999999998,2.36517,0.03378814285714286,2.1604066666666664
10.975,16.30135,2.410825,0.03444035714285714,2.173513333333333
11.025,16.39965,2.4564825,0.03509260714285714,2.18662
11.075,16.4911,2.5021375,0.035744821428571424,2.1988133333333333
11.125,16.58255,2.547795,0.036397071428571424,2.211006666666667
11.175,16.66865,2.5934525,0.03704932142857143,2.2224866666666667
11.225,16.75475,2.6391325,0.03770189285714286,2.233966666666667
11.275,16.83625,2.684765,0.038353785714285715,2.2448333333333332
11.325,16.91775,2.7303975,0.03900567857142857,2.2557
11.375,16.996225000000003,2.7760325000000003,0.03965760714285715,2.2661633333333335
11.425,17.0747,2.8216650000000003,0.040309500000000005,2.2766266666666666
11.475,17.150075,2.8672750000000002,0.04096107142857143,2.2866766666666667
11.525,17.225450000000002,2.9129300000000002,0.04161328571428572,2.296726666666667
11.575,17.29845,2.9585850000000002,0.042265500000000004,2.30646
11.625,17.37145,3.0042425,0.042917750000000005,2.316193333333333
11.675,17.44245,3.0498975,0.04356996428571429,2.32566
11.725,17.51345,3.0955525,0.04422217857142857,2.3351266666666666
11.775,17.582974999999998,3.1411875,0.044874107142857146,2.3443966666666665
11.825,17.6525,3.186845,0.04552635714285714,2.353666666666667
11.875,17.722649999999998,3.2325025,0.04617860714285714,2.3630199999999997
11.925,17.7928,3.2781575,0.04683082142857142,2.3723733333333334
11.975,17.86025,3.3238149999999997,0.04748307142857142,2.3813666666666666
12.025,17.927699999999998,3.3694724999999996,0.04813532142857142,2.39036
12.075,17.99445,3.4151274999999996,0.04878753571428571,2.39926
12.125,18.0612,3.4607824999999997,0.04943975,2.40816
12.175,18.1261,3.5064625,0.05009232142857143,2.4168133333333333
12.225,18.191,3.552165,0.05074521428571429,2.4254666666666664
12.275,18.25875,3.5978700000000003,0.051398142857142864,2.4345
12.325,18.326500000000003,3.6435725,0.05205103571428571,2.443533333333334
12.375,18.40025,3.689275,0.05270392857142857,2.4533666666666667
12.425,18.474,3.7349550000000002,0.0533565,2.4632
12.475,18.544325,3.780635,0.054009071428571434,2.472576666666667
12.525,18.61465,3.826315,0.05466164285714286,2.4819533333333337
12.575,18.680125,3.8719925,0.05531417857142858,2.4906833333333336
12.625,18.745600000000003,3.9176724999999997,0.055966749999999996,2.499413333333334
12.675,18.807650000000002,3.963375,0.05661964285714286,2.507686666666667
12.725,18.8697,4.0090775,0.05727253571428571,2.51596
12.775,18.93055,4.0547825,0.05792546428571429,2.5240733333333334
12.825,18.991400000000002,4.100485,0.05857835714285714,2.532186666666667
12.875,19.050024999999998,4.1461875,0.05923125,2.540003333333333
12.925,19.10865,4.1918925,0.05988417857142857,2.54782
12.975,19.166150000000002,4.2375975,0.060537107142857136,2.555486666666667
13.025,19.22365,4.2832775,0.06118967857142857,2.563153333333333
13.075,19.282175000000002,4.3289349999999995,0.06184192857142856,2.570956666666667
13.125,19.340700000000002,4.3745899999999995,0.06249414285714285,2.5787600000000004
13.175,19.397075,4.4202224999999995,0.0631460357142857,2.586276666666667
13.225,19.45345,4.4658549999999995,0.06379792857142856,2.593793333333333
13.276,19.506575,4.5115099999999995,0.06445014285714284,2.6008766666666667
13.326,19.5597,4.5571675,0.06510239285714287,2.60796
13.376,19.61175,4.6028225,0.06575460714285715,2.6149
13.426,19.663800000000002,4.6484775,0.06640682142857143,2.62184
13.476,19.7183,4.6941575,0.06705939285714287,2.6291066666666665
13.526,19.7728,4.7398375,0.06771196428571429,2.6363733333333332
13.576,19.8264,4.7855175,0.06836453571428572,2.64352
13.626,19.880000000000003,4.8311975,0.06901710714285714,2.650666666666667
13.676,19.93195,4.8768775,0.06966967857142857,2.6575933333333333
13.726,19.9839,4.9225575,0.07032225,2.66452
13.776,20.0338,4.96826,0.07097514285714286,2.6711733333333334
13.826,20.0837,5.013985,0.07162835714285715,2.677826666666667
13.876,20.1344,5.0596875,0.07228125,2.6845866666666667
13.926,20.1851,5.10539,0.07293414285714285,2.6913466666666666
13.976,20.241525000000003,5.1510925,0.07358703571428571,2.6988700000000003
14.026,20.29795,5.196795,0.07423992857142857,2.706393333333333
14.076,20.356875,5.2425,0.07489285714285714,2.71425
14.126,20.4158,5.2882275,0.07554610714285714,2.722106666666667
14.176,20.4741,5.3339300000000005,0.076199,2.72988
14.226,20.532400000000003,5.3796325000000005,0.07685189285714286,2.7376533333333337
14.276,20.58595,5.425335,0.0775047857142857,2.7447933333333334
14.326,20.6395,5.4710374999999996,0.07815767857142857,2.7519333333333336
14.376,20.689975,5.5167425,0.07881060714285715,2.7586633333333332
14.426,20.740450000000003,5.562469999999999,0.07946385714285713,2.765393333333334
14.476,20.789725,5.6081725,0.08011675,2.7719633333333333
14.526,20.839000000000002,5.653875,0.08076964285714286,2.7785333333333337
14.576,20.8858,5.699555,0.08142221428571429,2.7847733333333333
14.626,20.9326,5.745235,0.08207478571428571,2.7910133333333333
14.676,20.978725,5.7908925,0.08272703571428572,2.7971633333333332
14.727,21.02485,5.8365725,0.08337960714285714,2.8033133333333335
14.777,21.071075,5.88225,0.08403214285714286,2.809476666666667
14.827,21.1173,5.92793,0.08468471428571428,2.81564
14.877,21.160425,5.97361,0.08533728571428571,2.82139
14.927,21.20355,6.0192875,0.08598982142857142,2.82714
14.977,21.247875,6.06499,0.08664271428571428,2.83305
15.027,21.2922,6.110692500000001,0.08729560714285715,2.83896
15.077,21.33485,6.1564175,0.08794882142857142,2.8446466666666668
15.127,21.3775,6.202145,0.08860207142857142,2.8503333333333334
15.177,21.42145,6.247895,0.08925564285714285,2.856193333333333
15.227,21.4654,6.293645,0.08990921428571429,2.8620533333333333
15.277,21.512275,6.33942,0.09056314285714286,2.868303333333333
15.327,21.55915,6.3851700000000005,0.09121671428571429,2.874553333333333
15.377,21.6048,6.43092,0.09187028571428572,2.88064
15.427,21.65045,6.47667,0.09252385714285714,2.8867266666666667
15.477,21.6938,6.522419999999999,0.09317742857142856,2.892506666666667
15.527,21.73715,6.56817,0.093831,2.8982866666666665
15.577,21.783825,6.613944999999999,0.09448492857142857,2.90451
15.627,21.8305,6.659695000000001,0.09513850000000001,2.9107333333333334
15.677,21.880375,6.705445,0.09579207142857143,2.9173833333333334
15.727,21.93025,6.751195,0.09644564285714285,2.9240333333333335
15.777,21.981625,6.796944999999999,0.09709921428571427,2.9308833333333335
15.827,22.032999999999998,6.842695000000001,0.09775278571428572,2.937733333333333
15.877,22.082024999999998,6.88847,0.09840671428571428,2.94427
15.927,22.13105,6.934220000000001,0.09906028571428573,2.9508066666666664
15.977,22.175800000000002,6.97997,0.09971385714285715,2.9567733333333335
16.027,22.22055,7.02572,0.10036742857142857,2.9627399999999997
16.077,22.262725,7.071445,0.10102064285714285,2.9683633333333335
16.127,22.3049,7.1171725,0.10167389285714286,2.973986666666667
16.177,22.347,7.1629000000000005,0.10232714285714287,2.9796
16.227,22.3891,7.2086275,0.10298039285714286,2.9852133333333333
16.277,22.42915,7.2543525,0.10363360714285715,2.990553333333333
16.327,22.4692,7.3000799999999995,0.10428685714285714,2.9958933333333335
16.377,22.508850000000002,7.345805,0.10494007142857144,3.00118
16.427,22.548499999999997,7.39153,0.10559328571428572,3.0064666666666664
16.477,22.585375,7.437255,0.10624650000000001,3.0113833333333333
16.527,22.62225,7.4829825,0.10689975,3.0163
16.577,22.66055,7.528732499999999,0.10755332142857142,3.0214066666666666
16.627,22.69885,7.5744825,0.10820689285714286,3.0265133333333334
16.677,22.73555,7.6202325,0.10886046428571429,3.031406666666667
16.727,22.77225,7.6659825,0.10951403571428571,3.0362999999999998
16.777,22.80785,7.711709999999999,0.1101672857142857,3.0410466666666665
16.827,22.843449999999997,7.757434999999999,0.11082049999999999,3.045793333333333
16.877,22.883699999999997,7.803162500000001,0.11147375000000001,3.05116
16.927,22.923949999999998,7.84889,0.112127,3.056526666666666
16.977,22.961325,7.894615,0.11278021428571429,3.0615099999999997
17.027,22.9987,7.940365,0.11343378571428571,3.0664933333333333
17.077,23.03415,7.9860925,0.11408703571428572,3.07122
17.127,23.0696,8.031817499999999,0.11474024999999999,3.075946666666667
17.177,23.10555,8.077544999999999,0.11539349999999998,3.08074
17.227,23.1415,8.1232725,0.11604675,3.0855333333333332
17.277,23.17895,8.1689975,0.11669996428571427,3.090526666666667
17.327,23.2164,8.2147475,0.11735353571428571,3.09552
17.377,23.257624999999997,8.260475,0.1180067857142857,3.1010166666666663
17.427,23.298849999999998,8.306202500000001,0.11866003571428574,3.106513333333333
17.477,23.340775,8.351927499999999,0.11931324999999998,3.112103333333333
17.527,23.3827,8.397655,0.1199665,3.1176933333333334
17.577,23.423175,8.443380000000001,0.1206197142857143,3.12309
17.628,23.46365,8.48913,0.12127328571428571,3.128486666666667
17.678,23.502525,8.53488,0.12192685714285713,3.13367
17.728,23.5414,8.58063,0.12258042857142856,3.138853333333333
17.778,23.579675,8.626380000000001,0.12323400000000001,3.143956666666667
17.828,23.61795,8.67213,0.12388757142857142,3.14906
17.878,23.65295,8.7178775,0.12454110714285714,3.1537266666666666
17.928,23.68795,8.7636275,0.12519467857142857,3.1583933333333336
17.978,23.724,8.8093775,0.12584825,3.1632000000000002
18.028,23.76005,8.8551275,0.12650182142857144,3.1680066666666664
18.078,23.7969,8.900902499999999,0.12715574999999998,3.17292
18.128,23.833750000000002,8.946675,0.12780964285714286,3.1778333333333335
18.178,23.868025,8.99247,0.12846385714285716,3.1824033333333333
18.228,23.9023,9.038242499999999,0.12911774999999998,3.1869733333333334
18.278,23.936125,9.0840175,0.12977167857142857,3.1914833333333332
18.328,23.96995,9.12979,0.13042557142857142,3.1959933333333335
18.378,24.00165,9.1755625,0.1310794642857143,3.2002200000000003
18.428,24.033350000000002,9.2213375,0.13173339285714286,3.204446666666667
18.478,24.066499999999998,9.267135,0.13238764285714286,3.2088666666666663
18.528,24.09965,9.3129075,0.1330415357142857,3.213286666666667
18.578,24.132425,9.3586825,0.1336954642857143,3.217656666666667
18.628,24.1652,9.404455,0.13434935714285715,3.2220266666666664
18.678,24.1978,9.45025,0.13500357142857144,3.2263733333333335
18.728,24.2304,9.4960475,0.1356578214285714,3.23072
18.778,24.26335,9.541867499999999,0.13631239285714283,3.235113333333333
18.828,24.2963,9.587665,0.13696664285714286,3.2395066666666663
18.878,24.329225,9.63346,0.13762085714285713,3.2438966666666667
18.928,24.36215,9.6792575,0.13827510714285715,3.2482866666666665
18.978,24.397525,9.725055000000001,0.13892935714285715,3.2530033333333335
19.028,24.4329,9.7708525,0.13958360714285714,3.25772
19.079,24.47025,9.8166725,0.14023817857142856,3.2627
19.129,24.5076,9.8624925,0.14089275,3.26768
19.179,24.543799999999997,9.9083125,0.1415473214285714,3.2725066666666662
19.229,24.580000000000002,9.9541325,0.14220189285714285,3.2773333333333334
19.279,24.61475,9.999952500000001,0.1428564642857143,3.281966666666667
19.329,24.6495,10.0457725,0.14351103571428572,3.2866
19.379,24.682525000000002,10.0915925,0.14416560714285714,3.2910033333333337
19.429,24.71555,10.1374125,0.14482017857142856,3.2954066666666666
19.479,24.747475,10.183235,0.1454747857142857,3.2996633333333336
19.529,24.779400000000003,10.229032499999999,0.1461290357142857,3.30392
19.579,24.810475,10.27483,0.1467832857142857,3.3080633333333336
19.629,24.84155,10.320625,0.1474375,3.312206666666667
19.679,24.8719,10.3663975,0.14809139285714285,3.3162533333333335
19.729,24.902250000000002,10.4121725,0.14874532142857144,3.3203000000000005
19.779,24.9313,10.457922499999999,0.14939889285714283,3.3241733333333334
19.829,24.96035,10.5036725,0.15005246428571428,3.3280466666666664
19.879,24.990924999999997,10.5494,0.1507057142857143,3.332123333333333
19.929,25.0215,10.59515,0.15135928571428572,3.3362
19.979,25.049275,10.640875,0.1520125,3.3399033333333334
20.029,25.07705,10.6866025,0.15266575,3.3436066666666666
20.079,25.1023,10.7323275,0.1533189642857143,3.346973333333333
20.129,25.12755,10.778055,0.15397221428571428,3.35034
20.179,25.155575,10.8237825,0.15462546428571428,3.3540766666666664
20.229,25.183600000000002,10.8695325,0.15527903571428572,3.3578133333333335
20.279,25.212475,10.9152575,0.15593225,3.3616633333333334
20.329,25.24135,10.960984999999999,0.1565855,3.3655133333333334
20.379,25.2692,11.00669,0.15723842857142858,3.369226666666667
20.429,25.29705,11.0523925,0.15789132142857143,3.37294
20.479,25.326625,11.0980725,0.15854389285714288,3.3768833333333332
20.529,25.3562,11.1437525,0.1591964642857143,3.3808266666666666
20.579,25.388399999999997,11.18943,0.159849,3.3851199999999997
20.629,25.4206,11.23511,0.16050157142857144,3.389413333333333
20.679,25.45665,11.28079,0.16115414285714286,3.39422
20.729,25.4927,11.32647,0.1618067142857143,3.3990266666666664
20.779,25.528950000000002,11.372150000000001,0.16245928571428572,3.4038600000000003
20.829,25.565199999999997,11.41783,0.16311185714285714,3.408693333333333
20.879,25.598599999999998,11.46351,0.16376442857142856,3.4131466666666666
20.929,25.631999999999998,11.50919,0.164417,3.4175999999999997
20.979,25.662425000000002,11.5548475,0.16506925,3.421656666666667
21.029,25.69285,11.600502500000001,0.1657214642857143,3.4257133333333334
21.079,25.722175,11.646135,0.16637335714285714,3.4296233333333332
21.129,25.7515,11.691745000000001,0.1670249285714286,3.4335333333333335
21.179,25.780700000000003,11.7373525,0.16767646428571428,3.437426666666667
21.229,25.8099,11.7829625,0.1683280357142857,3.4413199999999997
21.279,25.838324999999998,11.8285725,0.16897960714285715,3.4451099999999997
21.329,25.866750000000003,11.8741825,0.16963117857142856,3.4489000000000005
21.379,25.894824999999997,11.919815,0.17028307142857144,3.452643333333333
21.429,25.9229,11.965425,0.17093464285714285,3.4563866666666665
21.479,25.951074999999996,12.0110325,0.17158617857142858,3.460143333333333
21.529,25.97925,12.056664999999999,0.17223807142857142,3.4639
21.579,26.005925,12.102275,0.17288964285714287,3.4674566666666666
21.629,26.032600000000002,12.147884999999999,0.17354121428571426,3.4710133333333335
21.679,26.057074999999998,12.193495,0.17419278571428573,3.4742766666666665
21.729,26.08155,12.23908,0.174844,3.47754
21.779,26.1055,12.284665,0.1754952142857143,3.4807333333333332
21.829,26.12945,12.33025,0.17614642857142856,3.4839266666666666
21.879,26.1504,12.37586,0.17679799999999998,3.48672
21.929,26.17135,12.42147,0.17744957142857143,3.4895133333333335
21.98,26.19105,12.46708,0.17810114285714285,3.49214
22.03,26.21075,12.512690000000001,0.1787527142857143,3.4947666666666666
22.08,26.2334,12.5583,0.1794042857142857,3.497786666666667
22.13,26.25605,12.6039075,0.18005582142857143,3.5008066666666666
22.18,26.280075,12.6495175,0.18070739285714285,3.50401
22.23,26.3041,12.6951275,0.1813589642857143,3.507213333333333
22.28,26.331200000000003,12.7407375,0.18201053571428571,3.510826666666667
22.33,26.358299999999996,12.786345,0.18266207142857144,3.5144399999999996
22.38,26.390275000000003,12.831977499999999,0.18331396428571428,3.5187033333333337
22.43,26.422250000000002,12.87761,0.18396585714285715,3.522966666666667
22.48,26.455075,12.9232675,0.18461810714285715,3.5273433333333335
22.53,26.487900000000003,12.968947499999999,0.18527067857142857,3.5317200000000004
22.58,26.51955,13.0145825,0.18592260714285713,3.5359399999999996
22.63,26.5512,13.060215,0.1865745,3.54016
22.68,26.579050000000002,13.105825,0.18722607142857142,3.5438733333333334
22.73,26.606900000000003,13.151432500000002,0.18787760714285717,3.547586666666667
22.78,26.6324,13.1970425,0.18852917857142856,3.5509866666666667
22.83,26.6579,13.242675,0.18918107142857143,3.554386666666667
22.88,26.683299999999996,13.288284999999998,0.18983264285714282,3.5577733333333326
22.93,26.7087,13.3338925,0.19048417857142855,3.56116
22.98,26.734125,13.379525000000001,0.19113607142857145,3.5645499999999997
23.03,26.75955,13.425157500000001,0.1917879642857143,3.56794
23.08,26.784750000000003,13.470814999999998,0.19244021428571426,3.5713000000000004
23.13,26.809949999999997,13.516495,0.19309278571428573,3.5746599999999997
23.18,26.834699999999998,13.5621525,0.19374503571428572,3.5779599999999996
23.23,26.85945,13.607807500000002,0.19439725000000002,3.58126
23.28,26.882875000000002,13.65344,0.19504914285714287,3.5843833333333337
23.33,26.906299999999998,13.6990725,0.1957010357142857,3.5875066666666666
23.38,26.9279,13.7446825,0.19635260714285713,3.590386666666667
23.431,26.9495,13.790315000000001,0.19700450000000003,3.5932666666666666
23.481,26.969775,13.8359475,0.19765639285714284,3.59597
23.531,26.990050000000004,13.88158,0.19830828571428571,3.5986733333333336
23.581,27.008125,13.927235,0.19896049999999998,3.6010833333333334
23.631,27.0262,13.9728925,0.19961275,3.603493333333333
23.681,27.045350000000003,14.0185725,0.20026532142857142,3.606046666666667
23.731,27.0645,14.0642525,0.20091789285714287,3.6086
23.781,27.0861,14.109955,0.20157078571428572,3.61148
23.831,27.1077,14.155660000000001,0.2022237142857143,3.61436
23.881,27.135849999999998,14.201362499999998,0.20287660714285713,3.618113333333333
23.931,27.163999999999998,14.247065000000001,0.2035295,3.6218666666666666
23.981,27.197575,14.2927925,0.20418275,3.6263433333333333
24.031,27.231150000000003,14.338495,0.20483564285714287,3.6308200000000004
24.081,27.271425,14.384197499999999,0.2054885357142857,3.63619
24.131,27.311700000000002,14.4298775,0.20614110714285713,3.64156
24.181,27.349425000000004,14.4755325,0.20679332142857143,3.6465900000000007
24.231,27.38715,14.52119,0.20744557142857145,3.65162
24.281,27.421024999999997,14.56687,0.20809814285714284,3.6561366666666664
24.331,27.4549,14.612527499999999,0.20875039285714284,3.6606533333333333
24.381,27.483825000000003,14.6581825,0.20940260714285716,3.6645100000000004
24.431,27.51275,14.70384,0.21005485714285713,3.6683666666666666
24.481,27.537124999999996,14.749495,0.21070707142857142,3.671616666666666
24.531,27.561500000000002,14.795150000000001,0.21135928571428572,3.674866666666667
24.581,27.584449999999997,14.8408525,0.21201217857142857,3.677926666666666
24.631,27.607400000000002,14.886532500000001,0.21266475,3.680986666666667
24.681,27.631700000000002,14.932235,0.21331764285714286,3.684226666666667
24.731,27.656,14.977915,0.21397021428571428,3.6874666666666664
24.781,27.681575,15.023595,0.21462278571428572,3.6908766666666666
24.831,27.707150000000002,15.0692525,0.21527503571428572,3.694286666666667
24.881,27.7323,15.11491,0.2159272857142857,3.69764
24.931,27.75745,15.160544999999999,0.21657921428571428,3.7009933333333334
24.981,27.781675,15.206155,0.21723078571428572,3.704223333333333
25.031,27.805899999999998,15.2517425,0.21788203571428572,3.707453333333333
25.081,27.830325,15.297305,0.21853292857142856,3.7107099999999997
25.131,27.854750000000003,15.342845,0.2191835,3.713966666666667
25.181,27.877100000000002,15.388385,0.21983407142857142,3.716946666666667
25.231,27.89945,15.433902499999999,0.2204843214285714,3.719926666666667
25.281,27.921249999999997,15.4794425,0.22113489285714286,3.722833333333333
25.331,27.94305,15.5249575,0.22178510714285712,3.72574
25.381,27.965825000000002,15.5704725,0.22243532142857142,3.728776666666667
25.431,27.9886,15.615965,0.22308521428571426,3.7318133333333336
25.481,28.011899999999997,15.6614125,0.2237344642857143,3.73492
25.531,28.035199999999996,15.706835000000002,0.22438335714285718,3.738026666666666
25.581,28.067975,15.752257499999999,0.22503225,3.7423966666666666
25.631,28.100749999999998,15.7976775,0.22568110714285716,3.7467666666666664
25.681,28.13775,15.843100000000002,0.22633000000000003,3.7517
25.731,28.17475,15.888544999999999,0.22697921428571427,3.7566333333333333
25.781,28.2109,15.9339675,0.22762810714285714,3.7614533333333333
25.831,28.24705,15.97939,0.228277,3.7662733333333334
25.881,28.282125,16.0248125,0.22892589285714285,3.77095
25.931,28.317200000000003,16.070235,0.22957478571428572,3.775626666666667
25.981,28.350625,16.1156575,0.23022367857142859,3.7800833333333332
26.031,28.384050000000002,16.161080000000002,0.23087257142857145,3.7845400000000002
26.081,28.407600000000002,16.20648,0.23152114285714284,3.7876800000000004
26.131,28.431150000000002,16.25188,0.23216971428571428,3.7908200000000005
26.181,28.451475,16.29728,0.23281828571428573,3.7935299999999996
26.231,28.4718,16.342655,0.23346650000000002,3.79624
26.281,28.492700000000003,16.38803,0.2341147142857143,3.799026666666667
26.332,28.513600000000004,16.4334275,0.23476325,3.801813333333334
26.382,28.536425,16.4788025,0.2354114642857143,3.8048566666666668
26.432,28.55925,16.5241525,0.23605932142857142,3.8078999999999996
26.482,28.5844,16.56948,0.23670685714285714,3.811253333333333
26.532,28.609550000000002,16.614785,0.23735407142857146,3.814606666666667
26.582,28.63315,16.660065,0.23800092857142857,3.8177533333333336
26.632,28.65675,16.705345,0.23864778571428574,3.8209
26.682,28.675,16.7506025,0.23929432142857143,3.8233333333333333
26.732,28.69325,16.795885000000002,0.23994121428571433,3.8257666666666665
26.782,28.708,16.8411425,0.24058775,3.827733333333333
26.832,28.72275,16.886422500000002,0.24123460714285716,3.8297000000000003
26.882,28.73585,16.931725,0.24188178571428573,3.8314466666666664
26.932,28.74895,16.9770275,0.24252896428571427,3.8331933333333335
26.982,28.761725000000002,17.022354999999997,0.24317649999999996,3.834896666666667
27.032,28.7745,17.067705,0.24382435714285713,3.8366
27.082,28.787525,17.11308,0.24447257142857143,3.8383366666666663
27.132,28.800549999999998,17.1584775,0.24512110714285715,3.8400733333333332
27.182,28.818575,17.2038975,0.2457699642857143,3.8424766666666668
27.232,28.836599999999997,17.2493175,0.24641882142857144,3.8448799999999994
27.282,28.860625,17.294739999999997,0.24706771428571425,3.8480833333333333
27.332,28.88465,17.340184999999998,0.24771692857142855,3.8512866666666667
27.382,28.914524999999998,17.3856525,0.24836646428571427,3.8552699999999995
27.432,28.9444,17.43112,0.249016,3.8592533333333336
27.482,28.978250000000003,17.476634999999998,0.24966621428571426,3.8637666666666672
27.532,29.012099999999997,17.5221275,0.2503161071428571,3.8682799999999995
27.582,29.0408,17.567619999999998,0.25096599999999997,3.872106666666667
27.632,29.069499999999998,17.61309,0.25161557142857144,3.8759333333333332
27.682,29.09435,17.6585575,0.25226510714285716,3.8792466666666665
27.732,29.1192,17.704027500000002,0.25291467857142863,3.88256
27.783,29.142625,17.74952,0.2535645714285714,3.885683333333333
27.833,29.166050000000002,17.795009999999998,0.25421442857142856,3.888806666666667
27.883,29.18655,17.8404775,0.2548639642857143,3.89154
27.933,29.20705,17.8859475,0.2555135357142857,3.894273333333333
27.983,29.224849999999996,17.9313925,0.25616275,3.8966466666666664
28.033,29.242649999999998,17.97686,0.2568122857142857,3.8990199999999997
28.083,29.261599999999998,18.0223275,0.25746182142857144,3.9015466666666665
28.133,29.280549999999998,18.0678175,0.2581116785714286,3.9040733333333333
28.183,29.302675,18.1133325,0.25876189285714285,3.9070233333333335
28.233,29.3248,18.1588475,0.2594121071428572,3.9099733333333333
28.283,29.348000000000003,18.20434,0.26006199999999996,3.913066666666667
28.333,29.371199999999998,18.2498325,0.26071189285714286,3.9161599999999996
28.383,29.393575,18.2953025,0.2613614642857143,3.919143333333333
28.433,29.41595,18.3407725,0.2620110357142857,3.9221266666666663
28.483,29.43765,18.3862425,0.26266060714285716,3.9250200000000004
28.533,29.45935,18.431735,0.2633105,3.9279133333333336
28.583,29.474124999999997,18.4772525,0.26396074999999997,3.929883333333333
28.633,29.4889,18.5227925,0.26461132142857147,3.9318533333333336
28.683,29.49975,18.5683325,0.26526189285714286,3.9333
28.733,29.5106,18.6138475,0.2659121071428571,3.934746666666667
28.783,29.511575,18.659385,0.2665626428571429,3.934876666666667
28.833,29.512549999999997,18.704925,0.26721321428571426,3.9350066666666663
28.883,29.505950000000002,18.750465,0.2678637857142857,3.9341266666666668
28.933,29.49935,18.796005,0.26851435714285715,3.933246666666667
28.983,29.492649999999998,18.84152,0.2691645714285714,3.932353333333333
29.033,29.485950000000003,18.8870125,0.2698144642857143,3.9314600000000004
29.083,29.483674999999998,18.932502500000002,0.27046432142857146,3.9311566666666664
29.133,29.4814,18.9779725,0.2711138928571429,3.9308533333333333
29.183,29.484750000000002,19.023442499999998,0.27176346428571424,3.9313000000000002
29.233,29.488099999999996,19.0688875,0.27241267857142853,3.9317466666666663
29.283,29.497025,19.1143325,0.27306189285714283,3.932936666666667
29.333,29.505950000000002,19.1597775,0.2737111071428571,3.9341266666666668
29.383,29.5169,19.205225,0.2743603571428571,3.9355866666666666
29.433,29.52785,19.2506725,0.27500960714285716,3.937046666666667
29.483,29.5394,19.296095,0.27565850000000003,3.9385866666666667
29.533,29.55095,19.341515,0.27630735714285715,3.9401266666666666
29.583,29.563925,19.3869375,0.27695624999999996,3.941856666666667
29.633,29.576900000000002,19.43236,0.27760514285714283,3.943586666666667
29.683,29.592025,19.47776,0.27825371428571427,3.945603333333333
29.733,29.60715,19.523135,0.2789019285714286,3.94762
29.783,29.624649999999995,19.5684875,0.27954982142857143,3.9499533333333328
29.833,29.642149999999997,19.6137925,0.2801970357142857,3.9522866666666663
29.883,29.660224999999997,19.659122500000002,0.2808446071428572,3.954696666666666
29.933,29.6783,19.70445,0.28149214285714286,3.9571066666666668
29.983,29.697125,19.7497775,0.2821396785714286,3.959616666666667
30.033,29.71595,19.7950825,0.28278689285714287,3.962126666666667
30.083,29.735500000000002,19.84041,0.28343442857142853,3.9647333333333337
30.133,29.75505,19.885692499999998,0.2840813214285714,3.96734
30.183,29.7755,19.930972500000003,0.2847281785714286,3.970066666666667
30.233,29.795949999999998,19.976277500000002,0.28537539285714286,3.972793333333333
30.283,29.814575,20.021605,0.2860229285714286,3.975276666666667
30.333,29.833199999999998,20.06691,0.2866701428571429,3.9777599999999995
30.383,29.848674999999997,20.11226,0.28731799999999996,3.979823333333333
30.433,29.864150000000002,20.157587499999998,0.2879655357142857,3.981886666666667
30.483,29.8745,20.202937499999997,0.2886133928571428,3.9832666666666667
30.533,29.88485,20.248265,0.28926092857142854,3.984646666666667
30.583,29.897974999999995,20.2935925,0.28990846428571426,3.986396666666666
30.633,29.911099999999998,20.338897499999998,0.29055567857142856,3.9881466666666663
30.684,29.93135,20.384225,0.2912032142857143,3.9908466666666667
30.734,29.951600000000003,20.4295525,0.29185075,3.993546666666667
30.784,29.984699999999997,20.4748825,0.2924983214285714,3.9979599999999995
30.834,30.0178,20.52021,0.2931458571428571,4.002373333333334
30.884,30.0631,20.565537499999998,0.29379339285714284,4.008413333333333
30.934,30.1084,20.61089,0.29444128571428574,4.014453333333333
30.984,30.1613,20.656242499999998,0.2950891785714285,4.021506666666666
31.034,30.214199999999998,20.701595,0.2957370714285714,4.02856
31.084,30.2699,20.746924999999997,0.29638464285714283,4.035986666666667
31.134,30.325599999999998,20.792275,0.2970325,4.043413333333333
31.184,30.376799999999996,20.837625,0.2976803571428571,4.05024
31.234,30.427999999999997,20.883000000000003,0.29832857142857144,4.057066666666667
31.284,30.471175,20.9283275,0.29897610714285716,4.062823333333333
31.334,30.51435,20.973655,0.2996236428571429,4.06858
31.384,30.54985,21.0189575,0.3002708214285714,4.073313333333333
31.434,30.58535,21.064285,0.30091835714285714,4.078046666666666
31.484,30.616699999999998,21.1096125,0.30156589285714286,4.082226666666666
31.534,30.64805,21.154965,0.3022137857142857,4.086406666666667
31.584,30.678475,21.200267500000002,0.3028609642857143,4.090463333333333
31.634,30.7089,21.24557,0.3035081428571429,4.09452
31.684,30.737775,21.2908975,0.30415567857142856,4.09837
31.734,30.76665,21.3362475,0.3048035357142857,4.10222
31.784,30.79265,21.3816225,0.30545174999999997,4.105686666666666
31.834,30.81865,21.427045,0.30610064285714284,4.109153333333333
31.884,30.843700000000002,21.4724425,0.3067491785714286,4.112493333333334
31.934,30.86875,21.5178175,0.30739739285714285,4.115833333333333
31.984,30.895774999999997,21.563215,0.30804592857142854,4.119436666666666
32.034,30.922800000000002,21.6086375,0.3086948214285714,4.1230400000000005
32.084,30.950125000000003,21.6540375,0.30934339285714285,4.126683333333334
32.135,30.977449999999997,21.69946,0.30999228571428566,4.130326666666666
32.185,31.00195,21.7448825,0.31064117857142853,4.133593333333334
32.235,31.02645,21.790280000000003,0.31128971428571434,4.13686
32.285,31.048925000000004,21.8356775,0.31193825,4.139856666666668
32.335,31.0714,21.881075000000003,0.3125867857142858,4.142853333333333
32.385,31.096899999999998,21.926475,0.31323535714285716,4.146253333333333
32.435,31.1224,21.9718725,0.31388389285714285,4.149653333333333
32.485,31.153550000000003,22.0172725,0.3145324642857143,4.153806666666667
32.535,31.1847,22.062672499999998,0.3151810357142857,4.15796
32.585,31.221674999999998,22.10807,0.31582957142857143,4.16289
32.635,31.25865,22.153467499999998,0.3164781071428571,4.16782
32.685,31.29945,22.1988425,0.31712632142857144,4.17326
32.735,31.340249999999997,22.244194999999998,0.31777421428571423,4.1787
32.785,31.38485,22.2895225,0.31842175,4.184646666666667
32.835,31.429450000000003,22.33485,0.3190692857142857,4.190593333333334
32.885,31.474700000000002,22.380155,0.31971649999999996,4.196626666666667
32.935,31.51995,22.425435,0.32036335714285713,4.20266
32.985,31.560525000000002,22.47074,0.3210105714285714,4.20807
33.035,31.601100000000002,22.51602,0.3216574285714286,4.213480000000001
33.085,31.6334,22.5613,0.3223042857142857,4.217786666666667
33.135,31.665699999999998,22.6065575,0.32295082142857146,4.222093333333333
33.185,31.695925,22.6518175,0.32359739285714284,4.226123333333333
33.235,31.72615,22.6970775,0.3242439642857143,4.230153333333333
33.285,31.7549,22.742382499999998,0.3248911785714285,4.233986666666667
33.335,31.78365,22.787665,0.32553807142857144,4.23782
33.385,31.810924999999997,22.83297,0.32618528571428573,4.241456666666666
33.435,31.8382,22.87825,0.32683214285714285,4.245093333333333
33.485,31.865225,22.923555,0.32747935714285714,4.248696666666667
33.535,31.89225,22.96886,0.32812657142857143,4.2523
33.585,31.917725,23.01419,0.32877414285714285,4.255696666666667
33.635,31.9432,23.05952,0.32942171428571426,4.259093333333333
33.685,31.968875000000004,23.104847499999998,0.33006925,4.262516666666667
33.735,31.994549999999997,23.150152499999997,0.3307164642857143,4.26594
33.785,32.0209,23.195455000000003,0.33136364285714287,4.269453333333333
33.835,32.047250000000005,23.24076,0.33201085714285716,4.272966666666667
33.885,32.07475,23.286065,0.33265807142857146,4.276633333333334
33.935,32.10225,23.33137,0.3333052857142857,4.2802999999999995
33.985,32.1282,23.376675,0.3339525,4.28376
34.035,32.15415,23.421955,0.33459935714285716,4.2872200000000005
34.085,32.177775000000004,23.46726,0.33524657142857145,4.29037
34.135,32.2014,23.512587500000002,0.33589410714285717,4.29352
34.185,32.2256,23.5578925,0.33654132142857146,4.2967466666666665
34.235,32.2498,23.6031975,0.3371885357142857,4.299973333333333
34.285,32.27885,23.64848,0.33783542857142856,4.303846666666667
34.335,32.307900000000004,23.693785,0.33848264285714286,4.307720000000001
34.385,32.339325,23.739089999999997,0.3391298571428571,4.31191
34.435,32.37075,23.78442,0.33977742857142856,4.3161000000000005
34.485,32.403925,23.829725,0.34042464285714286,4.320523333333333
34.535,32.4371,23.875030000000002,0.3410718571428572,4.3249466666666665
34.585,32.471575,23.9203125,0.34171875,4.3295433333333335
34.635,32.50605,23.965595,0.3423656428571429,4.3341400000000005
34.685,32.539525,24.0109,0.3430128571428571,4.338603333333333
34.735,32.573,24.05625,0.34366071428571426,4.343066666666667
34.785,32.602625,24.101599999999998,0.3443085714285714,4.347016666666667
34.835,32.63225,24.1469275,0.3449561071428571,4.350966666666666
34.885,32.65785,24.19228,0.345604,4.354380000000001
34.935,32.68345,24.2376325,0.34625189285714286,4.357793333333333
34.985,32.706275,24.2829825,0.34689975,4.360836666666667
35.036,32.7291,24.328357500000003,0.34754796428571433,4.36388
35.086,32.752625,24.3737575,0.3481965357142857,4.367016666666667
35.136,32.77615,24.4191575,0.34884510714285716,4.370153333333334
35.186,32.797375,24.464555,0.34949364285714285,4.372983333333334
35.236,32.818599999999996,24.5099525,0.3501421785714286,4.3758133333333324
35.286,32.8352,24.555349999999997,0.35079071428571423,4.378026666666667
35.336,32.851800000000004,24.600725,0.35143892857142855,4.380240000000001
35.386,32.86625,24.6461,0.3520871428571429,4.3821666666666665
35.436,32.880700000000004,24.691475,0.35273535714285714,4.384093333333334
35.486,32.8976,24.736825,0.3533832142857143,4.386346666666666
35.536,32.9145,24.7822,0.35403142857142855,4.388599999999999
35.586,32.933575000000005,24.827575,0.3546796428571429,4.391143333333334
35.636,32.95265,24.872925000000002,0.3553275,4.3936866666666665
35.686,32.97055,24.9182525,0.35597503571428574,4.396073333333334
35.736,32.98845,24.963605,0.3566229285714286,4.39846
35.786,33.001575,25.0089575,0.3572708214285714,4.40021
35.836,33.0147,25.054285,0.35791835714285714,4.40196
35.886,33.02685,25.0996125,0.35856589285714285,4.403580000000001
35.936,33.039,25.14494,0.3592134285714286,4.4052
35.986,33.054500000000004,25.190267499999997,0.35986096428571424,4.4072666666666676
36.036,33.07,25.23562,0.36050885714285713,4.4093333333333335
36.086,33.089275,25.28097,0.3611567142857143,4.411903333333333
36.136,33.10855,25.3263225,0.3618046071428571,4.4144733333333335
36.186,33.135775,25.3716975,0.36245282142857144,4.418103333333334
36.236,33.163,25.4170725,0.3631010357142857,4.421733333333333
36.286,33.190250000000006,25.46247,0.36374957142857145,4.425366666666667
36.336,33.2175,25.507845,0.3643977857142857,4.429
36.386,33.24235,25.55322,0.365046,4.432313333333334
36.436,33.2672,25.598595,0.3656942142857143,4.435626666666667
36.487,33.2895,25.643992500000003,0.36634275000000005,4.438599999999999
36.537,33.3118,25.689412499999996,0.3669916071428571,4.441573333333333
36.587,33.333625,25.734857499999997,0.3676408214285714,4.444483333333333
36.637,33.355450000000005,25.780302499999998,0.3682900357142857,4.447393333333334
36.687,33.375575000000005,25.8257475,0.36893925,4.450076666666667
36.737,33.3957,25.871195,0.3695885,4.45276
36.787,33.41555,25.916642500000002,0.37023775000000003,4.455406666666667
36.837,33.4354,25.9621125,0.37088732142857145,4.458053333333334
36.887,33.4572,26.00758,0.37153685714285717,4.46096
36.937,33.479,26.053072500000003,0.37218675,4.463866666666666
36.987,33.502375,26.098565,0.37283664285714285,4.466983333333333
37.037,33.52575,26.144080000000002,0.3734868571428572,4.4701
37.087,33.549025,26.189547499999996,0.3741363928571428,4.473203333333333
37.137,33.5723,26.235014999999997,0.3747859285714285,4.476306666666667
37.187,33.59525,26.280459999999998,0.3754351428571428,4.4793666666666665
37.237,33.6182,26.325905,0.37608435714285715,4.482426666666667
37.287,33.644325,26.3713275,0.37673325,4.4859100000000005
37.337,33.67045,26.4167725,0.3773824642857143,4.489393333333334
37.387,33.697375,26.462195,0.3780313571428572,4.492983333333333
37.437,33.7243,26.5076175,0.37868025,4.496573333333333
37.487,33.7434,26.5530625,0.3793294642857143,4.4991200000000005
37.537,33.7625,26.5984825,0.3799783214285714,4.501666666666667
37.587,33.773250000000004,26.6439275,0.3806275357142857,4.503100000000001
37.637,33.784000000000006,26.689420000000002,0.3812774285714286,4.504533333333334
37.687,33.792225,26.7349125,0.38192732142857144,4.50563
37.737,33.80045,26.780405000000002,0.3825772142857143,4.506726666666666
37.787,33.817375,26.825897500000004,0.3832271071428572,4.508983333333333
37.837,33.8343,26.87139,0.383877,4.51124
37.887,33.858475,26.916882500000003,0.3845268928571429,4.5144633333333335
37.937,33.88265,26.962352499999998,0.3851764642857143,4.517686666666666
37.987,33.908325000000005,27.007822499999996,0.38582603571428564,4.521110000000001
38.037,33.934,27.053289999999997,0.38647557142857136,4.524533333333333
38.087,33.9597,27.098734999999998,0.38712478571428566,4.527959999999999
38.137,33.9854,27.144155,0.3877736428571429,4.531386666666666
38.187,34.005,27.189577500000002,0.38842253571428575,4.534000000000001
38.237,34.0246,27.234975000000002,0.38907107142857145,4.536613333333333
38.287,34.043875,27.280375,0.38971964285714283,4.539183333333333
38.337,34.06315,27.325775,0.3903682142857143,4.541753333333333
38.387,34.084199999999996,27.3711725,0.39101675,4.54456
38.437,34.10525,27.41657,0.3916652857142857,4.547366666666666
38.487,34.125975,27.461945000000004,0.39231350000000004,4.550129999999999
38.537,34.146699999999996,27.507275,0.39296107142857145,4.552893333333333
38.587,34.166675,27.55258,0.3936082857142857,4.555556666666666
38.637,34.18665,27.5979075,0.39425582142857146,4.55822
38.687,34.207025,27.643234999999997,0.3949033571428571,4.560936666666667
38.737,34.2274,27.6885625,0.39555089285714284,4.563653333333334
38.787,34.244025,27.733890000000002,0.3961984285714286,4.56587
38.837,34.26065,27.77917,0.39684528571428573,4.568086666666667
38.887,34.2719,27.824427500000002,0.3974918214285715,4.569586666666667
38.937,34.28315,27.86966,0.398138,4.571086666666667
38.987,34.286874999999995,27.914895,0.3987842142857143,4.571583333333333
39.037,34.2906,27.9601075,0.39943010714285715,4.57208
39.087,34.292825,28.0053425,0.40007632142857147,4.572376666666667
39.137,34.295049999999996,28.0505525,0.40072217857142856,4.5726733333333325
39.187,34.29835,28.0957875,0.4013683928571429,4.573113333333334
39.237,34.30165,28.141045000000002,0.4020149285714286,4.573553333333334
39.287,34.2983,28.186327499999997,0.4026618214285714,4.573106666666666
39.337,34.29495,28.2316325,0.4033090357142857,4.57266
39.388,34.296775000000004,28.276960000000003,0.40395657142857144,4.5729033333333335
39.438,34.2986,28.3223125,0.4046044642857143,4.573146666666667
39.488,34.310199999999995,28.367665,0.4052523571428571,4.574693333333332
39.538,34.3218,28.413040000000002,0.40590057142857144,4.57624
39.588,34.3431,28.458415000000002,0.40654878571428577,4.57908
39.638,34.3644,28.50379,0.407197,4.58192
39.688,34.3921,28.549165,0.40784521428571424,4.585613333333333
39.738,34.419799999999995,28.594515,0.40849307142857144,4.589306666666666
39.788,34.44895,28.6398675,0.4091409642857143,4.593193333333334
39.838,34.4781,28.685219999999997,0.4097888571428571,4.59708
39.888,34.50595,28.730595,0.41043707142857144,4.600793333333333
39.938,34.5338,28.776015,0.41108592857142856,4.6045066666666665
39.988,34.5589,28.82139,0.4117341428571429,4.607853333333334
40.038,34.583999999999996,28.866764999999997,0.4123823571428571,4.611199999999999
40.088,34.606625,28.912164999999998,0.41303092857142854,4.614216666666667
40.138,34.62925,28.9575875,0.4136798214285714,4.617233333333333
40.188,34.6517,29.002985000000002,0.41432835714285715,4.6202266666666665
40.238,34.67415,29.048430000000003,0.4149775714285715,4.62322
40.288,34.6961,29.093849999999996,0.4156264285714285,4.626146666666667
40.338,34.71805,29.13927,0.41627528571428574,4.629073333333333
40.388,34.739825,29.1846675,0.41692382142857143,4.6319766666666675
40.438,34.7616,29.23009,0.4175727142857143,4.63488
40.488,34.7855,29.2755125,0.41822160714285717,4.638066666666666
40.538,34.8094,29.32098,0.41887114285714283,4.641253333333333
40.588,34.833375000000004,29.366425,0.4195203571428571,4.644450000000001
40.638,34.85735,29.4118475,0.42016925,4.647646666666666
40.688,34.880424999999995,29.45727,0.42081814285714286,4.650723333333333
40.738,34.903499999999994,29.502692500000002,0.42146703571428573,4.6537999999999995
40.788,34.928,29.548115000000003,0.4221159285714286,4.657066666666666
40.839,34.9525,29.593585,0.4227655,4.660333333333333
40.889,34.973875,29.639077500000003,0.4234153928571429,4.6631833333333335
40.939,34.99525,29.684595,0.4240656428571429,4.666033333333333
40.989,35.0111,29.730110000000003,0.4247158571428572,4.668146666666667
41.039,35.02695,29.7756475,0.4253663928571429,4.67026
41.089,35.032349999999994,29.82121,0.4260172857142857,4.670979999999999
41.139,35.03775,29.8667975,0.4266685357142857,4.6717
41.189,35.034800000000004,29.9123825,0.42731975,4.671306666666667
41.239,35.03185,29.95797,0.427971,4.670913333333333
41.289,35.0363,30.003555,0.4286222142857143,4.671506666666667
41.339,35.040749999999996,30.04914,0.4292734285714286,4.6720999999999995
41.389,35.039675,30.094727499999998,0.4299246785714285,4.671956666666667
41.439,35.038599999999995,30.14029,0.43057557142857145,4.671813333333333
41.489,35.0273,30.1858525,0.43122646428571426,4.670306666666666
41.539,35.016,30.231415,0.43187735714285713,4.6688
41.589,35.005775,30.276977499999997,0.43252824999999995,4.667436666666666
41.639,34.995549999999994,30.322539999999996,0.4331791428571428,4.666073333333332
41.689,34.989475,30.368127499999996,0.4338303928571428,4.665263333333333
41.739,34.9834,30.413715000000003,0.4344816428571429,4.664453333333333
41.789,34.9784,30.459300000000002,0.43513285714285715,4.663786666666667
41.839,34.9734,30.5049075,0.4357843928571429,4.66312
41.889,34.971925,30.5505175,0.4364359642857143,4.6629233333333335
41.939,34.97045,30.5961275,0.4370875357142857,4.662726666666667
41.989,34.974000000000004,30.641782499999998,0.43773975,4.663200000000001
42.039,34.977549999999994,30.687414999999998,0.4383916428571428,4.663673333333333
42.089,34.985725,30.733047499999998,0.43904353571428567,4.664763333333334
42.139,34.9939,30.77868,0.43969542857142857,4.665853333333333
42.189,35.005325,30.824337500000002,0.4403476785714286,4.667376666666667
42.239,35.01675,30.869995,0.44099992857142856,4.6689
42.289,35.032725,30.9156525,0.4416521785714286,4.67103
42.339,35.0487,30.961332499999997,0.44230474999999997,4.673159999999999
42.389,35.063824999999994,31.007037500000003,0.4429576785714286,4.675176666666666
42.439,35.07895,31.05274,0.4436105714285714,4.677193333333333
42.489,35.093650000000004,31.098464999999997,0.44426378571428565,4.679153333333334
42.539,35.10835,31.144192500000003,0.44491703571428576,4.681113333333333
42.589,35.124649999999995,31.1899425,0.4455706071428572,4.683286666666666
42.639,35.14095,31.235715,0.44622449999999997,4.68546
42.689,35.159675,31.28149,0.4468784285714286,4.6879566666666665
42.739,35.178399999999996,31.3272625,0.4475323214285714,4.690453333333333
42.789,35.201,31.373057499999998,0.4481865357142857,4.693466666666667
42.839,35.2236,31.418855,0.4488407857142857,4.696479999999999
42.889,35.253225,31.46463,0.4494947142857143,4.70043
42.939,35.28285,31.510402499999998,0.4501486071428571,4.7043800000000005
42.989,35.317725,31.556175000000003,0.45080250000000005,4.70903
43.039,35.3526,31.60195,0.45145642857142854,4.71368
43.089,35.38925,31.647722499999997,0.4521103214285714,4.718566666666666
43.139,35.4259,31.69352,0.4527645714285714,4.7234533333333335
43.189,35.462325,31.739295,0.4534185,4.72831
43.239,35.49875,31.785067500000004,0.4540723928571429,4.7331666666666665
43.289,35.528275,31.830840000000002,0.45472628571428575,4.737103333333334
43.339,35.5578,31.876614999999997,0.45538021428571424,4.74104
43.389,35.58485,31.922387500000003,0.4560341071428572,4.744646666666667
43.439,35.611900000000006,31.9681825,0.45668832142857146,4.748253333333334
43.489,35.634825,32.013954999999996,0.4573422142857142,4.75131
43.539,35.65775,32.05973,0.4579961428571429,4.754366666666667
43.589,35.667675,32.10548,0.45864971428571427,4.75569
43.639,35.6776,32.15123,0.4593032857142857,4.757013333333333
43.689,35.6749,32.19698,0.45995685714285717,4.756653333333333
43.74,35.6722,32.2427525,0.46061075,4.756293333333333
43.79,35.67855,32.288525,0.46126464285714286,4.757140000000001
43.84,35.6849,32.3343,0.4619185714285714,4.757986666666667
43.89,35.691649999999996,32.3800725,0.46257246428571425,4.758886666666666
43.94,35.6984,32.425844999999995,0.4632263571428571,4.759786666666667
43.99,35.706675000000004,32.47162,0.46388028571428574,4.760890000000001
44.04,35.71495,32.517395,0.4645342142857143,4.761993333333334
44.09,35.725575,32.5631675,0.46518810714285713,4.7634099999999995
44.14,35.736200000000004,32.6089425,0.4658420357142857,4.764826666666667
44.19,35.7481,32.654714999999996,0.4664959285714285,4.766413333333333
44.24,35.760000000000005,32.7004875,0.4671498214285714,4.768000000000001
44.29,35.771249999999995,32.746285,0.46780407142857144,4.769499999999999
44.34,35.7825,32.79206,0.468458,4.771
44.39,35.796625,32.837832500000005,0.46911189285714294,4.772883333333334
44.44,35.81075,32.883605,0.46976578571428573,4.774766666666666
44.49,35.826075,32.929379999999995,0.4704197142857142,4.77681
44.54,35.8414,32.9751525,0.4710736071428571,4.778853333333333
44.59,35.855374999999995,33.02095,0.47172785714285714,4.780716666666666
44.64,35.869350000000004,33.066725000000005,0.4723817857142858,4.78258
44.69,35.883875,33.1124975,0.47303567857142864,4.784516666666667
44.74,35.898399999999995,33.15827,0.47368957142857143,4.786453333333332
44.79,35.914625,33.204045,0.47434350000000003,4.788616666666667
44.84,35.93085,33.2498175,0.4749973928571428,4.79078
44.89,35.949775,33.2956125,0.4756516071428571,4.793303333333333
44.94,35.9687,33.341385,0.47630550000000005,4.795826666666667
44.99,35.99705,33.38716,0.4769594285714286,4.799606666666667
45.04,36.025400000000005,33.4329325,0.47761332142857144,4.803386666666667
45.09,36.0641,33.4787075,0.47826725,4.808546666666667
45.14,36.1028,33.52448,0.4789211428571428,4.813706666666667
45.191,36.146425,33.570274999999995,0.4795753571428571,4.819523333333334
45.241,36.186575,33.6160725,0.4802296071428572,4.8248766666666665
45.291,36.232625,33.6618475,0.4808835357142857,4.831016666666667
45.341,36.27825,33.70762,0.48153742857142856,4.8371
45.391,36.328125,33.753370000000004,0.48219100000000004,4.84375
45.441,36.38135,33.79912,0.48284457142857146,4.8508466666666665
45.491,36.443725,33.8448475,0.48349782142857145,4.859163333333333
45.541,36.508525,33.890572500000005,0.4841510357142858,4.867803333333333
45.591,36.58135,33.9362975,0.48480425000000005,4.877513333333334
45.641,36.654174999999995,33.982025,0.4854575,4.887223333333333
45.691,36.734925,34.02775,0.48611071428571423,4.897989999999999
45.741,36.815675,34.0734775,0.48676396428571433,4.908756666666666
45.791,36.885000000000005,34.1191825,0.48741689285714285,4.918000000000001
45.841,36.954325,34.164885,0.48806978571428566,4.927243333333333
45.891,37.01795,34.2105875,0.4887226785714286,4.935726666666667
45.941,37.081575,34.2562925,0.48937560714285716,4.94421
45.991,37.136874999999996,34.301995,0.4900285,4.951583333333333
46.041,37.192175,34.347722499999996,0.49068174999999997,4.9589566666666665
46.091,37.240325,34.393425,0.49133464285714284,4.965376666666667
46.141,37.288475,34.4391275,0.49198753571428566,4.971796666666666
46.191,37.33265,34.48483,0.4926404285714286,4.977686666666667
46.241,37.376825,34.530535,0.49329335714285716,4.983576666666666
46.291,37.41555,34.576237500000005,0.4939462500000001,4.988740000000001
46.341,37.454275,34.6219625,0.49459946428571433,4.993903333333334
46.391,37.48965,34.667665,0.49525235714285715,4.99862
46.441,37.525025,34.71337,0.49590528571428566,5.003336666666667
46.491,37.560825,34.7590725,0.4965581785714286,5.00811
46.541,37.596625,34.8047775,0.49721110714285716,5.012883333333334
46.591,37.6349,34.850455,0.4978636428571428,5.017986666666667
46.641,37.673175,34.896135,0.4985162142857143,5.02309
46.691,37.70895,34.941815,0.4991687857142857,5.02786
46.741,37.744725,34.987495,0.4998213571428572,5.03263
46.791,37.775349999999996,35.03315,0.5004735714285714,5.036713333333333
46.841,37.805975000000004,35.078807499999996,0.5011258214285714,5.040796666666667
46.891,37.825374999999994,35.124465,0.5017780714285714,5.043383333333333
46.941,37.844775,35.170122500000005,0.5024303214285715,5.04597
46.991,37.859325,35.2157775,0.5030825357142857,5.04791
47.041,37.873875,35.261435,0.5037347857142856,5.04985
47.091,37.888999999999996,35.30709,0.504387,5.051866666666666
47.141,37.904125,35.352745,0.5050392142857143,5.053883333333333
47.191,37.9246,35.398402499999996,0.5056914642857142,5.056613333333333
47.241,37.94855,35.444035,0.5063433571428572,5.059806666666666
47.291,37.975225,35.48969,0.5069955714285714,5.063363333333333
47.341,38.002325,35.5353475,0.5076478214285715,5.066976666666666
47.391,38.032275,35.581005,0.5083000714285714,5.07097
47.441,38.058875,35.626662499999995,0.5089523214285714,5.074516666666667
47.491,38.09065,35.6723425,0.5096048928571428,5.078753333333333
47.541,38.12,35.718,0.5102571428571429,5.082666666666666
47.591,38.1529,35.76368,0.5109097142857143,5.087053333333333
47.641,38.1858,35.80936,0.5115622857142856,5.09144
47.691,38.215025,35.85504,0.5122148571428572,5.095336666666666
47.741,38.24425,35.9007175,0.5128673928571429,5.099233333333333
47.791,38.2703,35.94642,0.5135202857142858,5.102706666666666
47.841,38.296350000000004,35.9921,0.5141728571428571,5.10618
47.891,38.31855,36.03778,0.5148254285714285,5.10914
47.941,38.34075,36.08346,0.515478,5.1121
47.991,38.354124999999996,36.1291175,0.51613025,5.113883333333333
48.041,38.3675,36.1747725,0.5167824642857143,5.115666666666667
48.092,38.374975,36.2204525,0.5174350357142857,5.116663333333333
48.142,38.38245,36.2661325,0.5180876071428571,5.11766
48.192,38.390175,36.3118125,0.5187401785714286,5.11869
48.242,38.3979,36.35749,0.5193927142857143,5.11972
48.292,38.41015,36.40317,0.5200452857142858,5.121353333333333
48.342,38.422399999999996,36.44885,0.5206978571428571,5.122986666666666
48.392,38.4406,36.49453,0.5213504285714285,5.125413333333333
48.442,38.458800000000004,36.54021,0.522003,5.127840000000001
48.492,38.473349999999996,36.58589,0.5226555714285714,5.129779999999999
48.542,38.4879,36.6315675,0.5233081071428571,5.1317200000000005
48.592,38.49355,36.6772725,0.5239610357142858,5.132473333333333
48.642,38.4992,36.722997500000005,0.5246142500000001,5.133226666666667
48.692,38.49785,36.7687,0.5252671428571429,5.133046666666667
48.742,38.4965,36.8144025,0.5259200357142857,5.132866666666667
48.792,38.495025,36.86013,0.5265732857142856,5.13267
48.842,38.49355,36.905855,0.5272265,5.132473333333333
48.892,38.499624999999995,36.9515825,0.52787975,5.133283333333333
48.942,38.505700000000004,36.9973325,0.5285333214285715,5.134093333333334
48.992,38.517375,37.043060000000004,0.5291865714285715,5.13565
49.042,38.52905,37.088785,0.5298397857142857,5.137206666666667
49.092,38.543675,37.1345125,0.5304930357142857,5.139156666666667
49.142,38.558299999999996,37.18024,0.5311462857142857,5.1411066666666665
49.192,38.57365,37.225965,0.5317995,5.143153333333333
49.242,38.589,37.271715,0.5324530714285715,5.1452
49.292,38.60635,37.3174425,0.5331063214285714,5.147513333333333
49.342,38.6237,37.363167499999996,0.5337595357142857,5.149826666666667
49.392,38.643899999999995,37.4089175,0.5344131071428572,5.152519999999999
49.442,38.6641,37.4546675,0.5350666785714285,5.155213333333333
49.492,38.6853,37.50044,0.5357205714285714,5.15804
49.543,38.7065,37.546237500000004,0.5363748214285715,5.160866666666666
49.593,38.7265,37.592034999999996,0.5370290714285714,5.1635333333333335
49.643,38.7465,37.63783,0.5376832857142857,5.1662
49.693,38.7663,37.6836275,0.5383375357142857,5.16884
49.743,38.7861,37.729425,0.5389917857142857,5.17148
49.793,38.8063,37.7752225,0.5396460357142857,5.174173333333333
49.843,38.826499999999996,37.82102,0.5403002857142857,5.176866666666666
49.893,38.852025,37.8668175,0.5409545357142858,5.180269999999999
49.943,38.87755,37.9126125,0.54160875,5.183673333333333
49.993,38.91075,37.9584325,0.5422633214285715,5.1881
50.043,38.94395,38.0042525,0.5429178928571429,5.192526666666667
50.093,38.983075,38.0500725,0.5435724642857143,5.197743333333333
50.143,39.0222,38.095870000000005,0.5442267142857143,5.20296
50.193,39.060775,38.1416675,0.5448809642857142,5.208103333333333
50.243,39.09935,38.187464999999996,0.5455352142857143,5.213246666666667
50.293,39.1332,38.2332625,0.5461894642857144,5.21776
50.343,39.16705,38.27906,0.5468437142857143,5.222273333333334
50.393,39.194900000000004,38.32488,0.5474982857142857,5.2259866666666674
50.443,39.222750000000005,38.370675,0.5481524999999999,5.2297
50.493,39.25085,38.4164725,0.54880675,5.233446666666667
50.543,39.278949999999995,38.462270000000004,0.5494610000000001,5.237193333333333
50.593,39.308975,38.508065,0.5501152142857143,5.241196666666666
50.643,39.339,38.5538625,0.5507694642857143,5.2452
50.693,39.375575,38.5996825,0.5514240357142857,5.250076666666667
50.743,39.41215,38.64548,0.5520782857142857,5.254953333333333
50.793,39.452075,38.6912775,0.5527325357142857,5.260276666666667
50.843,39.492000000000004,38.737075,0.5533867857142857,5.265600000000001
50.893,39.5345,38.78287,0.554041,5.2712666666666665
50.943,39.577,38.8286675,0.55469525,5.276933333333333
50.993,39.619299999999996,38.874465,0.5553495,5.282573333333333
51.043,39.6616,38.9202625,0.55600375,5.288213333333333
51.093,39.703925,38.9660575,0.5566579642857142,5.293856666666667
51.143,39.746249999999996,39.011855,0.5573122142857142,5.299499999999999
51.193,39.7896,39.0576525,0.5579664642857143,5.30528
51.243,39.83295,39.103449999999995,0.5586207142857142,5.3110599999999994
51.293,39.873425000000005,39.1492475,0.5592749642857143,5.316456666666667
51.343,39.9139,39.195045,0.5599292142857143,5.321853333333333
51.393,39.952175,39.24084,0.5605834285714285,5.326956666666666
51.443,39.990449999999996,39.2866375,0.5612376785714286,5.332059999999999
51.493,40.023,39.332435,0.5618919285714286,5.3364
51.543,40.05555,39.37823,0.5625461428571429,5.340739999999999
51.593,40.086825,39.4240025,0.5632000357142857,5.34491
51.643,40.1181,39.4697775,0.5638539642857143,5.34908
51.693,40.1499,39.515550000000005,0.5645078571428572,5.35332
51.743,40.1817,39.561325,0.5651617857142857,5.35756
51.793,40.212125,39.607097499999995,0.5658156785714284,5.3616166666666665
51.843,40.24255,39.6528925,0.5664698928571429,5.3656733333333335
51.893,40.268825,39.698665,0.5671237857142857,5.369176666666666
51.943,40.295100000000005,39.74444,0.5677777142857142,5.372680000000001
51.993,40.32125,39.7902125,0.5684316071428572,5.376166666666666
52.043,40.3474,39.835985,0.5690855,5.379653333333334
52.093,40.369299999999996,39.88176,0.5697394285714286,5.382573333333332
52.143,40.3912,39.927555,0.5703936428571428,5.385493333333333
52.193,40.40605,39.973327499999996,0.5710475357142857,5.387473333333333
52.243,40.4209,40.0191025,0.5717014642857143,5.389453333333334
52.293,40.42975,40.064875,0.5723553571428571,5.390633333333333
52.343,40.4386,40.1106475,0.57300925,5.391813333333333
52.393,40.444275,40.156422500000005,0.5736631785714287,5.39257
52.444,40.44995,40.20222,0.5743174285714285,5.393326666666667
52.494,40.459224999999996,40.2480175,0.5749716785714286,5.394563333333333
52.544,40.4685,40.293815,0.5756259285714286,5.3957999999999995
52.594,40.484674999999996,40.3396125,0.5762801785714285,5.3979566666666665
52.644,40.50085,40.38541,0.5769344285714286,5.4001133333333335
52.694,40.521425,40.4312075,0.5775886785714286,5.402856666666667
52.744,40.542,40.477005000000005,0.5782429285714287,5.405600000000001
52.794,40.565025,40.522800000000004,0.5788971428571429,5.40867
52.844,40.588049999999996,40.568597499999996,0.5795513928571427,5.411739999999999
52.894,40.6185,40.614395,0.5802056428571429,5.4158
52.944,40.64895,40.66019,0.5808598571428571,5.41986
52.994,40.67825,40.70601,0.5815144285714285,5.423766666666666
53.044,40.70755,40.7518075,0.5821686785714285,5.427673333333333
53.094,40.73365,40.797605,0.5828229285714285,5.431153333333333
53.144,40.75975,40.8434025,0.5834771785714287,5.434633333333333
53.194,40.782275,40.8892,0.5841314285714286,5.437636666666666
53.244,40.8048,40.934995,0.5847856428571429,5.44064
53.294,40.828075,40.980815,0.5854402142857142,5.443743333333333
53.344,40.851350000000004,41.0266125,0.5860944642857143,5.4468466666666675
53.394,40.87195,41.072410000000005,0.5867487142857144,5.4495933333333335
53.444,40.89255,41.118205,0.5874029285714286,5.45234
53.494,40.91265,41.164002499999995,0.5880571785714285,5.45502
53.544,40.93275,41.2098,0.5887114285714286,5.4577
53.594,40.953224999999996,41.2556225,0.5893660357142857,5.46043
53.644,40.9737,41.30142,0.5900202857142857,5.46316
53.694,40.994475,41.3472175,0.5906745357142857,5.46593
53.744,41.01525,41.3930125,0.59132875,5.4687
53.794,41.034825,41.438810000000004,0.591983,5.47131
53.844,41.0544,41.484607499999996,0.5926372499999999,5.473920000000001
53.895,41.067575,41.5304275,0.5932918214285715,5.475676666666667
53.945,41.08075,41.5762475,0.5939463928571429,5.477433333333334
53.995,41.083800000000004,41.6220675,0.5946009642857143,5.4778400000000005
54.045,41.08685,41.66789,0.5952555714285714,5.478246666666666
54.095,41.08015,41.71371,0.5959101428571428,5.477353333333334
54.145,41.07345,41.75953,0.5965647142857142,5.47646
54.195,41.059775,41.80535,0.5972192857142856,5.474636666666667
54.245,41.0461,41.85117,0.5978738571428572,5.472813333333334
54.295,41.028475,41.89699,0.5985284285714286,5.470463333333333
54.345,41.01085,41.942809999999994,0.5991829999999999,5.468113333333333
54.395,40.980475,41.98863,0.5998375714285714,5.464063333333333
54.445,40.9501,42.03445,0.6004921428571428,5.460013333333333
54.495,40.91055,42.080245000000005,0.6011463571428572,5.45474
54.545,40.870999999999995,42.1260425,0.6018006071428571,5.449466666666666
54.595,40.822874999999996,42.171839999999996,0.6024548571428571,5.4430499999999995
54.645,40.77475,42.217635,0.6031090714285714,5.436633333333333
54.695,40.7258,42.2634325,0.6037633214285715,5.430106666666666
54.745,40.67685,42.3092525,0.6044178928571429,5.42358
54.795,40.6319,42.35505,0.6050721428571428,5.417586666666667
54.845,40.58695,42.4008475,0.6057263928571428,5.411593333333333
54.895,40.537875,42.446645000000004,0.6063806428571429,5.40505
54.945,40.488800000000005,42.492442499999996,0.6070348928571428,5.398506666666667
54.995,40.4488,42.53824,0.6076891428571429,5.393173333333333
55.045,40.4088,42.58406,0.6083437142857143,5.38784
55.095,40.381150000000005,42.6298575,0.6089979642857143,5.384153333333334
55.145,40.353500000000004,42.6756525,0.6096521785714285,5.380466666666667
55.195,40.335425,42.72145,0.6103064285714286,5.378056666666667
55.245,40.31735,42.7672475,0.6109606785714287,5.3756466666666665
55.295,40.303025000000005,42.8130425,0.6116148928571429,5.373736666666668
55.345,40.2887,42.8588375,0.6122691071428571,5.371826666666666
55.395,40.27955,42.904610000000005,0.6129230000000001,5.370606666666666
55.445,40.2704,42.950385,0.6135769285714285,5.369386666666667
55.495,40.266275,42.996134999999995,0.6142304999999999,5.368836666666667
55.545,40.262150000000005,43.041885,0.6148840714285715,5.368286666666667
55.595,40.2599,43.087635,0.6155376428571429,5.367986666666667
55.645,40.25765,43.133385,0.6161912142857142,5.367686666666667
55.695,40.258575,43.179135,0.6168447857142857,5.36781
55.745,40.2595,43.224885,0.6174983571428572,5.367933333333334
55.795,40.26465,43.270635,0.6181519285714285,5.368620000000001
55.845,40.2698,43.316385000000004,0.6188055,5.369306666666666
55.895,40.283924999999996,43.362135,0.6194590714285715,5.3711899999999995
55.945,40.29805,43.40786,0.6201122857142857,5.373073333333334
55.995,40.326575000000005,43.4535875,0.6207655357142857,5.376876666666667
56.045,40.3551,43.4993125,0.62141875,5.38068
56.095,40.3943,43.54504,0.622072,5.385906666666667
56.145,40.433499999999995,43.5907675,0.62272525,5.3911333333333324
56.195,40.4807,43.636517500000004,0.6233788214285715,5.397426666666666
56.245,40.5279,43.6822425,0.6240320357142858,5.403720000000001
56.295,40.582325000000004,43.72797,0.6246852857142857,5.410976666666667
56.345,40.63675,43.773697500000004,0.6253385357142858,5.418233333333333
56.395,40.6964,43.8194,0.6259914285714286,5.426186666666666
56.445,40.75605,43.8651025,0.6266443214285714,5.43414
56.495,40.8074,43.91083,0.6272975714285713,5.440986666666666
56.545,40.85875,43.956532499999994,0.6279504642857142,5.4478333333333335
56.595,40.903975,44.002235,0.6286033571428571,5.4538633333333335
56.645,40.949200000000005,44.04794,0.6292562857142857,5.459893333333334
56.695,40.98265,44.0936425,0.6299091785714286,5.464353333333333
56.745,41.0161,44.139345,0.6305620714285715,5.468813333333333
56.796,41.0344,44.185072500000004,0.6312153214285715,5.471253333333333
56.846,41.0527,44.2307975,0.6318685357142857,5.473693333333333
56.896,41.062349999999995,44.276525,0.6325217857142857,5.4749799999999995
56.946,41.072,44.322252500000005,0.6331750357142858,5.476266666666667
56.996,41.06965,44.3679775,0.63382825,5.475953333333334
57.046,41.0673,44.413705,0.6344815,5.47564
57.096,41.051625,44.459432500000005,0.6351347500000001,5.47355
57.146,41.03595,44.505160000000004,0.635788,5.4714599999999995
57.196,41.0191,44.550885,0.6364412142857143,5.469213333333333
57.246,41.00225,44.5966125,0.6370944642857143,5.466966666666666
57.296,40.992175,44.642340000000004,0.6377477142857143,5.465623333333334
57.346,40.9821,44.68809,0.6384012857142858,5.4642800000000005
57.396,40.978325,44.73384,0.6390548571428571,5.463776666666666
57.446,40.97455,44.77959,0.6397084285714285,5.463273333333333
57.496,40.98165,44.8253625,0.6403623214285714,5.46422
57.546,40.988749999999996,44.871137499999996,0.64101625,5.465166666666666
57.596,40.7372,44.91691,0.6416701428571429,5.431626666666667
57.646,40.48565,44.962705,0.6423243571428572,5.398086666666667
57.696,39.2665,45.0084775,0.64297825,5.235533333333334
57.746,38.04735,45.054252500000004,0.6436321785714286,5.07298
57.796,36.4357,45.100025,0.6442860714285714,4.858093333333333
57.846,34.82405,45.1457975,0.6449399642857143,4.643206666666667
57.896,33.200675000000004,45.1915725,0.6455938928571429,4.426756666666667
57.946,31.5773,45.23737,0.6462481428571428,4.210306666666667
57.996,29.949399999999997,45.283142500000004,0.6469020357142857,3.993253333333333
58.046,28.321499999999997,45.3289175,0.6475559642857144,3.7762
58.096,26.695925,45.37469,0.6482098571428572,3.5594566666666667
58.146,25.070349999999998,45.4204625,0.64886375,3.342713333333333
58.196,23.4484,45.4662125,0.6495173214285714,3.126453333333333
58.247,21.82645,45.5119875,0.65017125,2.9101933333333334
58.297,20.20675,45.55776,0.6508251428571429,2.6942333333333335
58.347,18.587049999999998,45.6035325,0.6514790357142857,2.478273333333333
58.397,16.97715,45.64933,0.6521332857142857,2.2636200000000004
58.447,15.367250000000002,45.6951275,0.6527875357142857,2.048966666666667
58.497,13.770575,45.740925,0.6534417857142857,1.8360766666666666
58.547,12.1739,45.7867225,0.6540960357142858,1.6231866666666666
58.597,10.587375,45.83252,0.6547502857142857,1.41165
58.647,9.00085,45.878315,0.6554045000000001,1.2001133333333334
58.697,7.4221,45.9241125,0.65605875,0.9896133333333333
58.747,5.84335,45.96991,0.656713,0.7791133333333333
58.797,4.271675,46.015705000000004,0.6573672142857143,0.5695566666666667
58.847,2.7,46.06148,0.6580211428571429,0.36000000000000004
58.897,1.1317000000000004,46.1072525,0.6586750357142858,0.15089333333333338
58.947,-0.4365999999999996,46.153025,0.6593289285714286,-0.05821333333333328
58.997,-2.0033499999999997,46.1988,0.6599828571428571,-0.2671133333333333
59.047,-3.5701,46.2445725,0.66063675,-0.47601333333333334
59.097,-5.137099999999999,46.2903675,0.6612909642857143,-0.6849466666666666
59.147,-6.7040999999999995,46.33614,0.6619448571428571,-0.8938799999999999
59.197,-8.280475,46.381915,0.6625987857142857,-1.1040633333333332
59.247,-9.85685,46.427687500000005,0.6632526785714287,-1.3142466666666666
59.297,-11.446000000000002,46.47346,0.6639065714285715,-1.5261333333333336
59.347,-13.035150000000002,46.519234999999995,0.6645604999999999,-1.7380200000000001
59.397,-14.636574999999999,46.5650325,0.66521475,-1.9515433333333332
59.447,-16.238,46.610805,0.6658686428571429,-2.1650666666666667
59.497,-17.8552,46.656580000000005,0.6665225714285715,-2.3806933333333333
59.547,-19.4724,46.7023525,0.6671764642857143,-2.59632
59.597,-20.834,46.748125,0.6678303571428572,-2.7778666666666667
59.647,-22.1956,46.7939,0.6684842857142858,-2.959413333333333
59.697,-22.593525,46.839675,0.6691382142857143,-3.01247
59.747,-22.99145,46.8854475,0.6697921071428571,-3.0655266666666665
59.797,-23.00095,46.93122,0.6704460000000001,-3.0667933333333335
59.847,-23.01045,46.976995,0.6710999285714286,-3.06806
59.897,-23.0125,47.0227675,0.6717538214285714,-3.0683333333333334
59.947,-23.01455,47.0685425,0.67240775,-3.0686066666666667
59.997,-23.016075,47.1143175,0.6730616785714285,-3.06881
60.047,-23.017599999999998,47.160090000000004,0.6737155714285715,-3.069013333333333
60.097,-23.019425000000002,47.2058625,0.6743694642857143,-3.069256666666667
60.147,-23.021250000000002,47.2516375,0.6750233928571429,-3.0695
60.197,-23.023225,47.297435,0.6756776428571428,-3.0697633333333334
60.247,-23.0252,47.34323,0.6763318571428572,-3.0700266666666667
60.297,-23.026675,47.3890025,0.6769857499999999,-3.0702233333333333
60.347,-23.02815,47.4347775,0.6776396785714286,-3.07042
60.397,-23.0295,47.48055,0.6782935714285715,-3.0705999999999998
60.447,-23.03085,47.526325,0.6789475,-3.07078
60.497,-23.03185,47.5720975,0.6796013928571428,-3.070913333333333
60.547,-23.03285,47.617892499999996,0.680255607142857,-3.0710466666666667
60.597,-23.0333,47.663664999999995,0.6809095,-3.0711066666666667
60.647,-23.03375,47.70944,0.6815634285714286,-3.071166666666667
60.697,-23.033825,47.7552125,0.6822173214285714,-3.0711766666666667
60.747,-23.0339,47.800985000000004,0.6828712142857144,-3.0711866666666667
60.797,-23.034125,47.84676,0.6835251428571429,-3.0712166666666665
60.847,-23.03435,47.892555,0.6841793571428572,-3.0712466666666667
60.897,-23.03415,47.9383275,0.68483325,-3.07122
60.947,-23.033949999999997,47.9841025,0.6854871785714286,-3.071193333333333
60.997,-23.034299999999998,48.029875,0.6861410714285714,-3.07124
61.047,-23.03465,48.0756475,0.6867949642857143,-3.0712866666666665
61.097,-23.0345,48.1214225,0.6874488928571428,-3.071266666666667
61.148,-23.03435,48.16722,0.6881031428571429,-3.0712466666666667
61.198,-23.034025,48.2130175,0.6887573928571429,-3.0712033333333335
61.248,-23.0337,48.258815,0.6894116428571428,-3.07116
61.298,-23.033775,48.304612500000005,0.6900658928571429,-3.07117
61.348,-23.03385,48.35041,0.6907201428571428,-3.07118
61.398,-23.033724999999997,48.3962075,0.6913743928571429,-3.071163333333333
61.448,-23.0336,48.442005,0.6920286428571428,-3.0711466666666665
61.498,-23.033575,48.4878,0.6926828571428572,-3.071143333333333
61.548,-23.033549999999998,48.5335975,0.6933371071428571,-3.0711399999999998
61.598,-23.0338,48.579395,0.6939913571428571,-3.0711733333333333
61.648,-23.03405,48.625189999999996,0.6946455714285714,-3.071206666666667
61.698,-23.0349,48.67101,0.6953001428571429,-3.07132
61.748,-23.03575,48.7168075,0.6959543928571429,-3.0714333333333332
61.798,-23.036975,48.762605,0.6966086428571429,-3.0715966666666668
61.848,-23.0382,48.8084025,0.6972628928571428,-3.07176
61.898,-23.038800000000002,48.8542,0.6979171428571428,-3.0718400000000003
61.948,-23.0394,48.899995000000004,0.6985713571428572,-3.07192
61.998,-23.039724999999997,48.945814999999996,0.6992259285714285,-3.071963333333333
62.048,-23.04005,48.9916125,0.6998801785714286,-3.0720066666666668
62.098,-23.040475,49.03741,0.7005344285714286,-3.0720633333333334
62.148,-23.0409,49.083205,0.7011886428571429,-3.07212
62.198,-23.04075,49.1290025,0.7018428928571429,-3.0721
62.248,-23.0406,49.1748,0.7024971428571428,-3.07208
62.298,-23.040275,49.220622500000005,0.7031517500000001,-3.072036666666667
62.348,-23.039949999999997,49.26642,0.7038059999999999,-3.071993333333333
62.398,-23.039575,49.3122175,0.70446025,-3.071943333333333
62.448,-23.0392,49.3580125,0.7051144642857143,-3.0718933333333336
62.498,-23.038525,49.40381,0.7057687142857143,-3.0718033333333334
62.548,-23.03785,49.4496075,0.7064229642857143,-3.0717133333333333
62.599,-23.037174999999998,49.4954275,0.7070775357142857,-3.071623333333333
62.649,-23.0365,49.5412475,0.7077321071428571,-3.0715333333333334
62.699,-23.036125000000002,49.5870675,0.7083866785714287,-3.0714833333333336
62.749,-23.03575,49.632889999999996,0.7090412857142857,-3.0714333333333332
62.799,-23.035425,49.67871,0.7096958571428572,-3.07139
62.849,-23.0351,49.72453,0.7103504285714286,-3.0713466666666664
62.899,-23.035075,49.77035,0.711005,-3.071343333333333
62.949,-23.035050000000002,49.81617,0.7116595714285714,-3.07134
62.999,-23.03475,49.861990000000006,0.7123141428571429,-3.0713
63.049,-23.03445,49.9078125,0.7129687499999999,-3.07126
63.099,-23.0345,49.9536325,0.7136233214285714,-3.071266666666667
63.149,-23.03455,49.999452500000004,0.7142778928571429,-3.071273333333333
63.199,-23.034825,50.0452475,0.7149321071428572,-3.07131
63.249,-23.0351,50.091045,0.7155863571428571,-3.0713466666666664
63.299,-23.0355,50.1368425,0.7162406071428572,-3.0713999999999997
63.349,-23.0359,50.1826375,0.7168948214285714,-3.0714533333333334
63.399,-23.03725,50.228435000000005,0.7175490714285715,-3.071633333333333
63.449,-23.0386,50.274255,0.7182036428571428,-3.071813333333333
63.499,-23.039675,50.320052499999996,0.7188578928571427,-3.0719566666666664
63.549,-23.04075,50.3658475,0.7195121071428572,-3.0721
63.599,-23.041999999999998,50.411645,0.7201663571428571,-3.0722666666666663
63.649,-23.04325,50.4574425,0.7208206071428571,-3.0724333333333336
63.699,-23.0441,50.50324,0.7214748571428571,-3.0725466666666668
63.749,-23.04495,50.54906,0.7221294285714285,-3.07266
63.799,-23.04535,50.5948575,0.7227836785714287,-3.072713333333333
63.849,-23.04575,50.6406525,0.7234378928571429,-3.072766666666667
63.899,-23.046025,50.68645,0.7240921428571429,-3.0728033333333333
63.949,-23.0463,50.7322475,0.7247463928571428,-3.07284
63.999,-23.046775,50.7780425,0.7254006071428571,-3.0729033333333335
64.049,-23.04725,50.8238375,0.7260548214285715,-3.0729666666666664
64.099,-23.04725,50.869635,0.7267090714285714,-3.0729666666666664
64.149,-23.04725,50.915432499999994,0.7273633214285713,-3.0729666666666664
64.199,-23.0475,50.96123,0.7280175714285715,-3.073
64.249,-23.04775,51.0070275,0.7286718214285715,-3.0730333333333335
64.299,-23.048025,51.052822500000005,0.7293260357142858,-3.07307
64.349,-23.0483,51.0986175,0.72998025,-3.073106666666667
64.399,-23.048125,51.14439,0.7306341428571429,-3.0730833333333334
64.449,-23.04795,51.190165,0.7312880714285714,-3.07306
64.499,-23.047975,51.2359375,0.7319419642857142,-3.0730633333333333
64.549,-23.048,51.28171,0.7325958571428571,-3.0730666666666666
64.599,-23.04755,51.327485,0.7332497857142858,-3.0730066666666667
64.649,-23.0471,51.373235,0.7339033571428571,-3.0729466666666667
64.699,-23.046525,51.418985,0.7345569285714285,-3.07287
64.749,-23.045949999999998,51.464735,0.7352105,-3.072793333333333
64.799,-23.0456,51.510484999999996,0.7358640714285714,-3.0727466666666667
64.849,-23.04525,51.556235,0.7365176428571428,-3.0726999999999998
64.899,-23.0454,51.60200999999999,0.7371715714285714,-3.07272
64.949,-23.04555,51.647760000000005,0.737825142857143,-3.07274
64.999,-23.045775,51.6934875,0.7384783928571429,-3.07277
65.049,-23.046,51.739212499999994,0.7391316071428571,-3.0728
65.099,-23.046950000000002,51.784915,0.7397845,-3.072926666666667
65.149,-23.0479,51.8306175,0.7404373928571429,-3.073053333333333
65.199,-23.0491,51.8763225,0.7410903214285715,-3.0732133333333334
65.249,-23.0503,51.922000000000004,0.7417428571428571,-3.0733733333333335
65.299,-23.05125,51.967655,0.7423950714285714,-3.0735
65.349,-23.0522,52.0133125,0.7430473214285714,-3.0736266666666667
65.399,-23.05215,52.05896750000001,0.7436995357142858,-3.07362
65.449,-23.0521,52.104625,0.7443517857142857,-3.0736133333333333
65.5,-23.052325,52.150305,0.7450043571428572,-3.0736433333333335
65.55,-23.05255,52.19598499999999,0.7456569285714285,-3.0736733333333333
65.6,-23.052799999999998,52.241665,0.7463095,-3.0737066666666664
65.65,-23.05305,52.287345,0.7469620714285714,-3.07374
65.7,-23.053024999999998,52.333022500000006,0.7476146071428572,-3.0737366666666666
65.75,-23.053,52.378702499999996,0.7482671785714285,-3.0737333333333337
65.8,-23.05265,52.4243825,0.74891975,-3.0736866666666667
65.85,-23.0523,52.470062500000004,0.7495723214285714,-3.0736399999999997
65.9,-23.051625,52.5157425,0.7502248928571429,-3.07355
65.95,-23.05095,52.561422500000006,0.7508774642857143,-3.07346
66.0,-23.0506,52.607102499999996,0.7515300357142857,-3.0734133333333333
66.05,-23.05025,52.65280750000001,0.7521829642857144,-3.0733666666666664
66.1,-23.0499,52.6984875,0.7528355357142857,-3.0733200000000003
66.15,-23.04955,52.7441675,0.7534881071428572,-3.0732733333333333
66.2,-23.0488,52.789845,0.7541406428571429,-3.0731733333333335
66.25,-23.04805,52.835525,0.7547932142857142,-3.0730733333333333
66.3,-23.047475,52.881205,0.7554457857142858,-3.0729966666666666
66.35,-23.0469,52.92691,0.7560987142857143,-3.0729200000000003
66.4,-23.046475,52.972615,0.7567516428571428,-3.0728633333333333
66.45,-23.04605,53.0183175,0.7574045357142858,-3.0728066666666667
66.5,-23.04605,53.064020000000006,0.7580574285714287,-3.0728066666666667
66.559,-23.0463,53.1096075,0.7587086785714287,-3.07284
66.612,-23.047125,53.154044999999996,0.7593435,-3.07295
66.664,-23.04845,53.197357499999995,0.75996225,-3.0731266666666666
66.715,-23.0497,53.2395225,0.7605646071428571,-3.0732933333333334
66.767,-23.051075,53.2805375,0.7611505357142857,-3.0734766666666666
66.818,-23.052175,53.32040500000001,0.7617200714285716,-3.073623333333333
66.871,-23.052675,53.35912499999999,0.7622732142857142,-3.07369
66.922,-23.052775,53.396695,0.7628099285714286,-3.0737033333333335
66.974,-23.052675,53.43314,0.7633305714285714,-3.07369
67.025,-23.052625,53.46846000000001,0.7638351428571429,-3.0736833333333333
67.077,-23.05235,53.502632500000004,0.7643233214285715,-3.073646666666667
67.129,-23.051375,53.53568,0.7647954285714286,-3.073516666666667
67.181,-23.050325,53.56758,0.7652511428571428,-3.073376666666667
67.232,-23.04905,53.5983525,0.76569075,-3.0732066666666666
67.284,-23.048275,53.6280025,0.7661143214285714,-3.0731033333333335
67.337,-23.047575000000002,53.6565275,0.7665218214285715,-3.0730100000000005
67.388,-23.0469,53.6839025,0.7669128928571429,-3.0729200000000003
67.44,-23.0465,53.71013000000001,0.7672875714285715,-3.072866666666667
67.491,-23.04635,53.7352075,0.7676458214285714,-3.0728466666666665
67.543,-23.046174999999998,53.759137499999994,0.7679876785714285,-3.072823333333333
67.595,-23.046,53.78192,0.7683131428571428,-3.0728
67.647,-23.045625,53.8035525,0.7686221785714286,-3.07275
67.699,-23.045575,53.824037499999996,0.7689148214285714,-3.0727433333333334
67.75,-23.045725,53.843375,0.7691910714285715,-3.0727633333333335
67.802,-23.0458,53.861562500000005,0.769450892857143,-3.072773333333333
67.854,-23.046100000000003,53.878625,0.7696946428571428,-3.072813333333334
67.906,-23.045925,53.89453999999999,0.7699219999999999,-3.07279
67.957,-23.046174999999998,53.909304999999996,0.7701329285714286,-3.072823333333333
68.009,-23.04635,53.922922500000006,0.7703274642857144,-3.0728466666666665
68.061,-23.046425,53.9353925,0.7705056071428571,-3.0728566666666666
68.113,-23.046575,53.946712500000004,0.7706673214285715,-3.0728766666666667
68.164,-23.046775,53.9569075,0.7708129642857143,-3.0729033333333335
68.216,-23.0469,53.965954999999994,0.7709422142857142,-3.0729200000000003
68.267,-23.047275,53.973855,0.7710550714285714,-3.0729699999999998
68.32,-23.047874999999998,53.980605000000004,0.7711515000000001,-3.07305
68.372,-23.04855,53.9862075,0.7712315357142857,-3.07314
68.423,-23.04955,53.990660000000005,0.771295142857143,-3.0732733333333333
68.475,-23.050800000000002,53.9939875,0.7713426785714286,-3.07344
68.526,-23.051575,53.9961675,0.7713738214285714,-3.0735433333333333
68.579,-23.0519,53.9972,0.7713885714285714,-3.0735866666666665
68.631,-23.0522,53.9972,0.7713885714285714,-3.0736266666666667
68.682,-23.052500000000002,53.9972,0.7713885714285714,-3.073666666666667
68.734,-23.05225,53.9972,0.7713885714285714,-3.0736333333333334
68.786,-23.052,53.9972,0.7713885714285714,-3.0736
68.838,-23.051775,53.9972,0.7713885714285714,-3.0735699999999997
68.889,-23.05155,53.9972,0.7713885714285714,-3.07354
68.941,-23.052,53.9972,0.7713885714285714,-3.0736
68.992,-23.05245,53.9972,0.7713885714285714,-3.07366
69.045,-23.05315,53.9972,0.7713885714285714,-3.0737533333333333
69.096,-23.05385,53.9972,0.7713885714285714,-3.073846666666667
69.148,-23.0551,53.9972,0.7713885714285714,-3.0740133333333333
69.199,-23.056350000000002,53.9972,0.7713885714285714,-3.07418
69.251,-23.0574,53.9972,0.7713885714285714,-3.07432
69.304,-23.05845,53.9972,0.7713885714285714,-3.07446
69.355,-23.058625,53.9972,0.7713885714285714,-3.0744833333333332
69.407,-23.058799999999998,53.9972,0.7713885714285714,-3.0745066666666663
69.458,-23.058699999999998,53.9972,0.7713885714285714,-3.0744933333333333
69.511,-23.058600000000002,53.9972,0.7713885714285714,-3.0744800000000003
69.563,-23.0584,53.9972,0.7713885714285714,-3.074453333333333
69.614,-23.0582,53.9972,0.7713885714285714,-3.0744266666666666
69.666,-23.05825,53.9972,0.7713885714285714,-3.0744333333333334
69.717,-23.0583,53.9972,0.7713885714285714,-3.07444
69.77,-23.05825,53.9972,0.7713885714285714,-3.0744333333333334
69.821,-23.0582,53.9972,0.7713885714285714,-3.0744266666666666
69.873,-23.058075,53.9972,0.7713885714285714,-3.07441
69.924,-23.057949999999998,53.9972,0.7713885714285714,-3.074393333333333
69.976,-23.057875,53.9972,0.7713885714285714,-3.074383333333333
70.028,-23.0578,53.9972,0.7713885714285714,-3.0743733333333334
70.08,-23.057650000000002,53.9972,0.7713885714285714,-3.0743533333333337
70.131,-23.057499999999997,53.9972,0.7713885714285714,-3.074333333333333
70.183,-23.057425000000002,53.9972,0.7713885714285714,-3.0743233333333335
70.236,-23.05735,53.9972,0.7713885714285714,-3.0743133333333335
70.287,-23.057274999999997,53.9972,0.7713885714285714,-3.074303333333333
70.339,-23.0572,53.9972,0.7713885714285714,-3.0742933333333338
70.39,-23.057125,53.9972,0.7713885714285714,-3.0742833333333333
70.442,-23.05705,53.9972,0.7713885714285714,-3.074273333333333
70.495,-23.05705,53.9972,0.7713885714285714,-3.074273333333333
70.546,-23.05705,53.9972,0.7713885714285714,-3.074273333333333
70.598,-23.057375,53.9972,0.7713885714285714,-3.074316666666667
70.649,-23.0577,53.9972,0.7713885714285714,-3.07436
70.701,-23.057724999999998,53.9972,0.7713885714285714,-3.074363333333333
70.753,-23.05775,53.9972,0.7713885714285714,-3.0743666666666667
70.805,-23.057975,53.9972,0.7713885714285714,-3.0743966666666664
70.856,-23.0582,53.9972,0.7713885714285714,-3.0744266666666666
70.908,-23.058375,53.9972,0.7713885714285714,-3.07445
70.959,-23.05855,53.9972,0.7713885714285714,-3.074473333333333
71.012,-23.058775,53.9972,0.7713885714285714,-3.0745033333333334
71.063,-23.059,53.9972,0.7713885714285714,-3.0745333333333336
71.115,-23.05895,53.9972,0.7713885714285714,-3.0745266666666664
71.167,-23.0589,53.9972,0.7713885714285714,-3.07452
71.219,-23.058425,53.9972,0.7713885714285714,-3.074456666666667
71.271,-23.057949999999998,53.9972,0.7713885714285714,-3.074393333333333
71.322,-23.058125,53.9972,0.7713885714285714,-3.0744166666666666
71.374,-23.0583,53.9972,0.7713885714285714,-3.07444
71.426,-23.05855,53.9972,0.7713885714285714,-3.074473333333333
71.478,-23.058799999999998,53.9972,0.7713885714285714,-3.0745066666666663
71.53,-23.058975,53.9972,0.7713885714285714,-3.07453
71.581,-23.05915,53.9972,0.7713885714285714,-3.0745533333333332
71.633,-23.059825,53.9972,0.7713885714285714,-3.0746433333333334
71.684,-23.060499999999998,53.9972,0.7713885714285714,-3.074733333333333
71.737,-23.06085,53.9972,0.7713885714285714,-3.0747799999999996
71.788,-23.0612,53.9972,0.7713885714285714,-3.0748266666666666
71.84,-23.061125,53.9972,0.7713885714285714,-3.0748166666666665
71.891,-23.06105,53.9972,0.7713885714285714,-3.074806666666667
71.944,-23.061175,53.9972,0.7713885714285714,-3.0748233333333332
71.995,-23.0613,53.9972,0.7713885714285714,-3.07484
72.047,-23.061275000000002,53.9972,0.7713885714285714,-3.074836666666667
72.099,-23.06125,53.9972,0.7713885714285714,-3.0748333333333333
72.15,-23.0611,53.9972,0.7713885714285714,-3.074813333333333
72.203,-23.06095,53.9972,0.7713885714285714,-3.074793333333333
72.254,-23.0608,53.9972,0.7713885714285714,-3.0747733333333334
72.306,-23.060650000000003,53.9972,0.7713885714285714,-3.0747533333333337
72.358,-23.061075,53.9972,0.7713885714285714,-3.07481
72.409,-23.061500000000002,53.9972,0.7713885714285714,-3.074866666666667
72.462,-23.061725000000003,53.9972,0.7713885714285714,-3.074896666666667
72.513,-23.061950000000003,53.9972,0.7713885714285714,-3.0749266666666673
72.565,-23.0617,53.9972,0.7713885714285714,-3.0748933333333333
72.616,-23.06145,53.9972,0.7713885714285714,-3.07486
72.669,-23.06135,53.9972,0.7713885714285714,-3.0748466666666667
72.72,-23.06125,53.9972,0.7713885714285714,-3.0748333333333333
72.772,-23.061175,53.9972,0.7713885714285714,-3.0748233333333332
72.823,-23.0611,53.9972,0.7713885714285714,-3.074813333333333
72.875,-23.0604,53.9972,0.7713885714285714,-3.07472
72.927,-23.0597,53.9972,0.7713885714285714,-3.0746266666666666
72.979,-23.05925,53.9972,0.7713885714285714,-3.0745666666666667
73.031,-23.058799999999998,53.9972,0.7713885714285714,-3.0745066666666663
73.082,-23.05845,53.9972,0.7713885714285714,-3.07446
73.134,-23.0581,53.9972,0.7713885714285714,-3.074413333333333
73.186,-23.058,53.9972,0.7713885714285714,-3.0744
73.238,-23.0579,53.9972,0.7713885714285714,-3.074386666666667
73.29,-23.05745,53.9972,0.7713885714285714,-3.0743266666666664
73.341,-23.057,53.9972,0.7713885714285714,-3.0742666666666665
73.394,-23.05645,53.9972,0.7713885714285714,-3.0741933333333336
73.445,-23.0559,53.9972,0.7713885714285714,-3.07412
73.497,-23.05595,53.9972,0.7713885714285714,-3.0741266666666665
73.548,-23.056,53.9972,0.7713885714285714,-3.0741333333333336
73.6,-23.0568,53.9972,0.7713885714285714,-3.07424
73.652,-23.0576,53.9972,0.7713885714285714,-3.0743466666666666
73.704,-23.057274999999997,53.9972,0.7713885714285714,-3.074303333333333
73.755,-23.05695,53.9972,0.7713885714285714,-3.07426
73.807,-23.056675,53.9972,0.7713885714285714,-3.0742233333333333
73.858,-23.0564,53.9972,0.7713885714285714,-3.074186666666667
73.911,-23.055925,53.9972,0.7713885714285714,-3.074123333333333
73.963,-23.05545,53.9972,0.7713885714285714,-3.0740600000000002
74.014,-23.055124999999997,53.9972,0.7713885714285714,-3.074016666666666
74.066,-23.0548,53.9972,0.7713885714285714,-3.0739733333333334
74.117,-23.055275,53.9972,0.7713885714285714,-3.0740366666666668
74.17,-23.05575,53.9972,0.7713885714285714,-3.0741
74.222,-23.056625,53.9972,0.7713885714285714,-3.0742166666666666
74.273,-23.057499999999997,53.9972,0.7713885714285714,-3.074333333333333
74.325,-23.058124999999997,53.9972,0.7713885714285714,-3.074416666666666
74.377,-23.05875,53.9972,0.7713885714285714,-3.0745
74.429,-23.058775,53.9972,0.7713885714285714,-3.0745033333333334
74.48,-23.058799999999998,53.9972,0.7713885714285714,-3.0745066666666663
74.532,-23.058799999999998,53.9972,0.7713885714285714,-3.0745066666666663
74.583,-23.058799999999998,53.9972,0.7713885714285714,-3.0745066666666663
74.636,-23.0586,53.9972,0.7713885714285714,-3.07448
74.687,-23.0584,53.9972,0.7713885714285714,-3.074453333333333
74.739,-23.0586,53.9972,0.7713885714285714,-3.07448
74.79,-23.058799999999998,53.9972,0.7713885714285714,-3.0745066666666663
74.842,-23.05915,53.9972,0.7713885714285714,-3.0745533333333332
74.895,-23.0595,53.9972,0.7713885714285714,-3.0745999999999998
74.946,-23.060375,53.9972,0.7713885714285714,-3.0747166666666668
74.998,-23.061249999999998,53.9972,0.7713885714285714,-3.074833333333333
75.049,-23.0616,53.9972,0.7713885714285714,-3.07488
75.102,-23.06195,53.9972,0.7713885714285714,-3.074926666666667
75.154,-23.06165,53.9972,0.7713885714285714,-3.0748866666666665
75.205,-23.061349999999997,53.9972,0.7713885714285714,-3.0748466666666663
75.257,-23.060975,53.9972,0.7713885714285714,-3.0747966666666664
75.308,-23.0606,53.9972,0.7713885714285714,-3.074746666666667
75.361,-23.060875,53.9972,0.7713885714285714,-3.0747833333333334
75.412,-23.06115,53.9972,0.7713885714285714,-3.0748200000000003
75.464,-23.061325,53.9972,0.7713885714285714,-3.0748433333333334
75.515,-23.061500000000002,53.9972,0.7713885714285714,-3.074866666666667
75.567,-23.061275000000002,53.9972,0.7713885714285714,-3.074836666666667
75.619,-23.06105,53.9972,0.7713885714285714,-3.074806666666667
75.671,-23.060375,53.9972,0.7713885714285714,-3.0747166666666668
75.722,-23.0597,53.9972,0.7713885714285714,-3.0746266666666666
75.774,-23.059575000000002,53.9972,0.7713885714285714,-3.0746100000000003
75.827,-23.059450000000002,53.9972,0.7713885714285714,-3.0745933333333335
75.878,-23.059175,53.9972,0.7713885714285714,-3.0745566666666666
75.93,-23.0589,53.9972,0.7713885714285714,-3.07452
75.981,-23.059225,53.9972,0.7713885714285714,-3.0745633333333333
76.033,-23.059549999999998,53.9972,0.7713885714285714,-3.0746066666666665
76.086,-23.0598,53.9972,0.7713885714285714,-3.07464
76.137,-23.06005,53.9972,0.7713885714285714,-3.0746733333333336
76.189,-23.059825,53.9972,0.7713885714285714,-3.0746433333333334
76.24,-23.0596,53.9972,0.7713885714285714,-3.074613333333333
76.292,-23.0589,53.9972,0.7713885714285714,-3.07452
76.344,-23.0582,53.9972,0.7713885714285714,-3.0744266666666666
76.396,-23.057875,53.9972,0.7713885714285714,-3.074383333333333
76.447,-23.05755,53.9972,0.7713885714285714,-3.07434
76.499,-23.05715,53.9972,0.7713885714285714,-3.0742866666666666
76.551,-23.05675,53.9972,0.7713885714285714,-3.0742333333333334
76.603,-23.05705,53.9972,0.7713885714285714,-3.074273333333333
76.654,-23.05735,53.9972,0.7713885714285714,-3.0743133333333335
76.706,-23.05755,53.9972,0.7713885714285714,-3.07434
76.758,-23.05775,53.9972,0.7713885714285714,-3.0743666666666667
76.81,-23.057375,53.9972,0.7713885714285714,-3.074316666666667
76.862,-23.057,53.9972,0.7713885714285714,-3.0742666666666665
76.913,-23.056649999999998,53.9972,0.7713885714285714,-3.0742199999999995
76.965,-23.0563,53.9972,0.7713885714285714,-3.0741733333333334
77.017,-23.055725000000002,53.9972,0.7713885714285714,-3.074096666666667
77.069,-23.05515,53.9972,0.7713885714285714,-3.07402
77.121,-23.055225,53.9972,0.7713885714285714,-3.07403
77.172,-23.0553,53.9972,0.7713885714285714,-3.0740399999999997
77.224,-23.055600000000002,53.9972,0.7713885714285714,-3.0740800000000004
77.276,-23.0559,53.9972,0.7713885714285714,-3.07412
77.328,-23.05595,53.9972,0.7713885714285714,-3.0741266666666665
77.379,-23.056,53.9972,0.7713885714285714,-3.0741333333333336
77.431,-23.055825,53.9972,0.7713885714285714,-3.0741099999999997
77.482,-23.05565,53.9972,0.7713885714285714,-3.0740866666666666
77.535,-23.05525,53.9972,0.7713885714285714,-3.0740333333333334
77.586,-23.05485,53.9972,0.7713885714285714,-3.0739799999999997
77.638,-23.05505,53.9972,0.7713885714285714,-3.074006666666667
77.69,-23.05525,53.9972,0.7713885714285714,-3.0740333333333334
77.741,-23.05575,53.9972,0.7713885714285714,-3.0741
77.794,-23.05625,53.9972,0.7713885714285714,-3.0741666666666663
77.845,-23.056725,53.9972,0.7713885714285714,-3.07423
77.897,-23.0572,53.9972,0.7713885714285714,-3.0742933333333338
77.949,-23.0576,53.9972,0.7713885714285714,-3.0743466666666666
78.001,-23.058,53.9972,0.7713885714285714,-3.0744
78.053,-23.058175,53.9972,0.7713885714285714,-3.0744233333333333
78.104,-23.05835,53.9972,0.7713885714285714,-3.0744466666666668
78.156,-23.058500000000002,53.9972,0.7713885714285714,-3.074466666666667
78.207,-23.05865,53.9972,0.7713885714285714,-3.0744866666666666
78.26,-23.059025,53.9972,0.7713885714285714,-3.0745366666666665
78.311,-23.0594,53.9972,0.7713885714285714,-3.074586666666667
78.363,-23.06,53.9972,0.7713885714285714,-3.0746666666666664
78.414,-23.0606,53.9972,0.7713885714285714,-3.074746666666667
78.466,-23.060875000000003,53.9972,0.7713885714285714,-3.074783333333334
78.518,-23.06115,53.9972,0.7713885714285714,-3.0748200000000003
78.57,-23.061625,53.9972,0.7713885714285714,-3.074883333333333
78.622,-23.0621,53.9972,0.7713885714285714,-3.074946666666667
78.673,-23.06175,53.9972,0.7713885714285714,-3.0749
78.725,-23.0614,53.9972,0.7713885714285714,-3.074853333333333
78.777,-23.061375,53.9972,0.7713885714285714,-3.07485
78.829,-23.061349999999997,53.9972,0.7713885714285714,-3.0748466666666663
78.881,-23.0617,53.9972,0.7713885714285714,-3.0748933333333333
78.932,-23.06205,53.9972,0.7713885714285714,-3.07494
78.985,-23.062225,53.9972,0.7713885714285714,-3.0749633333333337
79.036,-23.0624,53.9972,0.7713885714285714,-3.0749866666666668
79.088,-23.062575000000002,53.9972,0.7713885714285714,-3.0750100000000002
79.139,-23.06275,53.9972,0.7713885714285714,-3.0750333333333333
79.191,-23.062800000000003,53.9972,0.7713885714285714,-3.0750400000000004
79.243,-23.06285,53.9972,0.7713885714285714,-3.0750466666666667
79.295,-23.063125,53.9972,0.7713885714285714,-3.075083333333333
79.346,-23.0634,53.9972,0.7713885714285714,-3.07512
79.398,-23.063925,53.9972,0.7713885714285714,-3.07519
79.449,-23.06445,53.9972,0.7713885714285714,-3.07526
79.502,-23.064475,53.9972,0.7713885714285714,-3.0752633333333335
79.554,-23.064500000000002,53.9972,0.7713885714285714,-3.075266666666667
79.605,-23.064775,53.9972,0.7713885714285714,-3.0753033333333333
79.657,-23.06505,53.9972,0.7713885714285714,-3.0753399999999997
79.709,-23.064799999999998,53.9972,0.7713885714285714,-3.0753066666666666
79.761,-23.06455,53.9972,0.7713885714285714,-3.0752733333333335
79.813,-23.064125,53.9972,0.7713885714285714,-3.075216666666667
79.864,-23.0637,53.9972,0.7713885714285714,-3.07516
79.916,-23.063225,53.9972,0.7713885714285714,-3.0750966666666666
79.968,-23.06275,53.9972,0.7713885714285714,-3.0750333333333333
80.02,-23.062475,53.9972,0.7713885714285714,-3.0749966666666664
80.071,-23.0622,53.9972,0.7713885714285714,-3.07496
80.123,-23.06195,53.9972,0.7713885714285714,-3.074926666666667
80.174,-23.0617,53.9972,0.7713885714285714,-3.0748933333333333
80.227,-23.06105,53.9972,0.7713885714285714,-3.074806666666667
80.278,-23.0604,53.9972,0.7713885714285714,-3.07472
80.33,-23.059475,53.9972,0.7713885714285714,-3.0745966666666664
80.381,-23.05855,53.9972,0.7713885714285714,-3.074473333333333
80.434,-23.05855,53.9972,0.7713885714285714,-3.074473333333333
80.486,-23.05855,53.9972,0.7713885714285714,-3.074473333333333
80.537,-23.058475,53.9972,0.7713885714285714,-3.0744633333333335
80.589,-23.0584,53.9972,0.7713885714285714,-3.074453333333333
80.64,-23.058025,53.9972,0.7713885714285714,-3.0744033333333336
80.693,-23.057650000000002,53.9972,0.7713885714285714,-3.0743533333333337
80.745,-23.0574,53.9972,0.7713885714285714,-3.07432
80.796,-23.05715,53.9972,0.7713885714285714,-3.0742866666666666
80.848,-23.057225,53.9972,0.7713885714285714,-3.0742966666666667
80.899,-23.0573,53.9972,0.7713885714285714,-3.0743066666666667
80.952,-23.0573,53.9972,0.7713885714285714,-3.0743066666666667
81.003,-23.0573,53.9972,0.7713885714285714,-3.0743066666666667
81.055,-23.057275,53.9972,0.7713885714285714,-3.0743033333333334
81.106,-23.05725,53.9972,0.7713885714285714,-3.0743
81.159,-23.057425000000002,53.9972,0.7713885714285714,-3.0743233333333335
81.21,-23.0576,53.9972,0.7713885714285714,-3.0743466666666666
81.262,-23.057325,53.9972,0.7713885714285714,-3.0743099999999997
81.313,-23.05705,53.9972,0.7713885714285714,-3.074273333333333
81.365,-23.056675000000002,53.9972,0.7713885714285714,-3.0742233333333338
81.418,-23.0563,53.9972,0.7713885714285714,-3.0741733333333334
81.469,-23.055825,53.9972,0.7713885714285714,-3.0741099999999997
81.521,-23.05535,53.9972,0.7713885714285714,-3.074046666666667
81.572,-23.05615,53.9972,0.7713885714285714,-3.0741533333333333
81.624,-23.05695,53.9972,0.7713885714285714,-3.07426
81.677,-23.057275,53.9972,0.7713885714285714,-3.0743033333333334
81.728,-23.0576,53.9972,0.7713885714285714,-3.0743466666666666
81.78,-23.05755,53.9972,0.7713885714285714,-3.07434
81.831,-23.057499999999997,53.9972,0.7713885714285714,-3.074333333333333
81.884,-23.0577,53.9972,0.7713885714285714,-3.07436
81.935,-23.0579,53.9972,0.7713885714285714,-3.074386666666667
81.987,-23.0579,53.9972,0.7713885714285714,-3.074386666666667
82.038,-23.0579,53.9972,0.7713885714285714,-3.074386666666667
82.09,-23.057925,53.9972,0.7713885714285714,-3.07439
82.142,-23.057949999999998,53.9972,0.7713885714285714,-3.074393333333333
82.194,-23.058,53.9972,0.7713885714285714,-3.0744
82.245,-23.05805,53.9972,0.7713885714285714,-3.074406666666667
82.297,-23.0584,53.9972,0.7713885714285714,-3.074453333333333
82.349,-23.05875,53.9972,0.7713885714285714,-3.0745
82.401,-23.059375,53.9972,0.7713885714285714,-3.0745833333333334
82.453,-23.06,53.9972,0.7713885714285714,-3.0746666666666664
82.504,-23.059775,53.9972,0.7713885714285714,-3.0746366666666662
82.556,-23.05955,53.9972,0.7713885714285714,-3.074606666666667
82.609,-23.059075,53.9972,0.7713885714285714,-3.074543333333333
82.66,-23.058600000000002,53.9972,0.7713885714285714,-3.0744800000000003
82.712,-23.058425,53.9972,0.7713885714285714,-3.074456666666667
82.763,-23.05825,53.9972,0.7713885714285714,-3.0744333333333334
82.815,-23.058574999999998,53.9972,0.7713885714285714,-3.0744766666666665
82.867,-23.0589,53.9972,0.7713885714285714,-3.07452
82.919,-23.0593,53.9972,0.7713885714285714,-3.0745733333333334
82.97,-23.0597,53.9972,0.7713885714285714,-3.0746266666666666
83.022,-23.060125,53.9972,0.7713885714285714,-3.074683333333333
83.073,-23.06055,53.9972,0.7713885714285714,-3.07474
83.126,-23.060724999999998,53.9972,0.7713885714285714,-3.074763333333333
83.177,-23.0609,53.9972,0.7713885714285714,-3.074786666666667
83.229,-23.060750000000002,53.9972,0.7713885714285714,-3.074766666666667
83.281,-23.0606,53.9972,0.7713885714285714,-3.074746666666667
83.332,-23.060825,53.9972,0.7713885714285714,-3.0747766666666667
83.385,-23.06105,53.9972,0.7713885714285714,-3.074806666666667
83.436,-23.061325,53.9972,0.7713885714285714,-3.0748433333333334
83.488,-23.061600000000002,53.9972,0.7713885714285714,-3.0748800000000003
83.54,-23.061825,53.9972,0.7713885714285714,-3.07491
83.592,-23.06205,53.9972,0.7713885714285714,-3.07494
83.644,-23.06135,53.9972,0.7713885714285714,-3.0748466666666667
83.695,-23.060650000000003,53.9972,0.7713885714285714,-3.0747533333333337
83.747,-23.060425000000002,53.9972,0.7713885714285714,-3.0747233333333335
83.798,-23.060200000000002,53.9972,0.7713885714285714,-3.0746933333333337
83.851,-23.0606,53.9972,0.7713885714285714,-3.074746666666667
83.902,-23.061,53.9972,0.7713885714285714,-3.0748
83.954,-23.060675,53.9972,0.7713885714285714,-3.0747566666666666
84.005,-23.06035,53.9972,0.7713885714285714,-3.0747133333333334
84.057,-23.060475,53.9972,0.7713885714285714,-3.07473
84.109,-23.0606,53.9972,0.7713885714285714,-3.074746666666667
84.161,-23.060624999999998,53.9972,0.7713885714285714,-3.07475
84.213,-23.060650000000003,53.9972,0.7713885714285714,-3.0747533333333337
84.264,-23.0603,53.9972,0.7713885714285714,-3.0747066666666667
84.317,-23.05995,53.9972,0.7713885714285714,-3.07466
84.368,-23.0599,53.9972,0.7713885714285714,-3.074653333333333
84.42,-23.05985,53.9972,0.7713885714285714,-3.0746466666666667
84.472,-23.0601,53.9972,0.7713885714285714,-3.07468
84.523,-23.06035,53.9972,0.7713885714285714,-3.0747133333333334
84.576,-23.06055,53.9972,0.7713885714285714,-3.07474
84.627,-23.060750000000002,53.9972,0.7713885714285714,-3.074766666666667
84.679,-23.0612,53.9972,0.7713885714285714,-3.0748266666666666
84.73,-23.06165,53.9972,0.7713885714285714,-3.0748866666666665
84.782,-23.062275,53.9972,0.7713885714285714,-3.07497
84.834,-23.0629,53.9972,0.7713885714285714,-3.0750533333333334
84.886,-23.06295,53.9972,0.7713885714285714,-3.07506
84.937,-23.063,53.9972,0.7713885714285714,-3.0750666666666664
84.989,-23.062625,53.9972,0.7713885714285714,-3.075016666666667
85.041,-23.06225,53.9972,0.7713885714285714,-3.0749666666666666
85.093,-23.061775,53.9972,0.7713885714285714,-3.0749033333333333
85.145,-23.0613,53.9972,0.7713885714285714,-3.07484
85.196,-23.0613,53.9972,0.7713885714285714,-3.07484
85.248,-23.0613,53.9972,0.7713885714285714,-3.07484
85.3,-23.061675,53.9972,0.7713885714285714,-3.0748900000000003
85.352,-23.06205,53.9972,0.7713885714285714,-3.07494
85.404,-23.062225,53.9972,0.7713885714285714,-3.0749633333333337
85.455,-23.0624,53.9972,0.7713885714285714,-3.0749866666666668
85.507,-23.0626,53.9972,0.7713885714285714,-3.075013333333333
85.559,-23.0628,53.9972,0.7713885714285714,-3.07504
85.611,-23.063125,53.9972,0.7713885714285714,-3.075083333333333
85.662,-23.06345,53.9972,0.7713885714285714,-3.075126666666667
85.714,-23.064025,53.9972,0.7713885714285714,-3.0752033333333335
85.765,-23.0646,53.9972,0.7713885714285714,-3.07528
85.818,-23.064799999999998,53.9972,0.7713885714285714,-3.0753066666666666
85.869,-23.065,53.9972,0.7713885714285714,-3.0753333333333335
85.921,-23.06515,53.9972,0.7713885714285714,-3.075353333333333
85.972,-23.0653,53.9972,0.7713885714285714,-3.0753733333333333
86.025,-23.0657,53.9972,0.7713885714285714,-3.0754266666666665
86.077,-23.0661,53.9972,0.7713885714285714,-3.0754799999999998
86.128,-23.066375,53.9972,0.7713885714285714,-3.0755166666666667
86.18,-23.06665,53.9972,0.7713885714285714,-3.075553333333333
86.231,-23.067,53.9972,0.7713885714285714,-3.0756
86.284,-23.067349999999998,53.9972,0.7713885714285714,-3.075646666666666
86.336,-23.0676,53.9972,0.7713885714285714,-3.0756799999999997
86.387,-23.06785,53.9972,0.7713885714285714,-3.0757133333333333
86.439,-23.067925,53.9972,0.7713885714285714,-3.0757233333333334
86.49,-23.068,53.9972,0.7713885714285714,-3.0757333333333334
86.543,-23.0679,53.9972,0.7713885714285714,-3.07572
86.594,-23.0678,53.9972,0.7713885714285714,-3.0757066666666666
86.646,-23.0676,53.9972,0.7713885714285714,-3.0756799999999997
86.697,-23.0674,53.9972,0.7713885714285714,-3.0756533333333334
86.75,-23.06765,53.9972,0.7713885714285714,-3.075686666666667
86.801,-23.0679,53.9972,0.7713885714285714,-3.07572
86.853,-23.0683,53.9972,0.7713885714285714,-3.0757733333333332
86.904,-23.0687,53.9972,0.7713885714285714,-3.0758266666666665
86.956,-23.069225,53.9972,0.7713885714285714,-3.0758966666666665
87.009,-23.06975,53.9972,0.7713885714285714,-3.0759666666666665
87.06,-23.070375,53.9972,0.7713885714285714,-3.07605
87.112,-23.071,53.9972,0.7713885714285714,-3.0761333333333334
87.163,-23.071275,53.9972,0.7713885714285714,-3.07617
87.215,-23.07155,53.9972,0.7713885714285714,-3.0762066666666663
87.268,-23.07155,53.9972,0.7713885714285714,-3.0762066666666663
87.319,-23.07155,53.9972,0.7713885714285714,-3.0762066666666663
87.371,-23.071225,53.9972,0.7713885714285714,-3.076163333333333
87.422,-23.0709,53.9972,0.7713885714285714,-3.0761200000000004
87.475,-23.070775,53.9972,0.7713885714285714,-3.0761033333333336
87.526,-23.07065,53.9972,0.7713885714285714,-3.076086666666667
87.578,-23.0704,53.9972,0.7713885714285714,-3.0760533333333333
87.629,-23.07015,53.9972,0.7713885714285714,-3.07602
87.681,-23.069975,53.9972,0.7713885714285714,-3.0759966666666667
87.733,-23.0698,53.9972,0.7713885714285714,-3.0759733333333332
87.785,-23.069575,53.9972,0.7713885714285714,-3.0759433333333335
87.836,-23.06935,53.9972,0.7713885714285714,-3.0759133333333333
87.888,-23.069475,53.9972,0.7713885714285714,-3.07593
87.94,-23.0696,53.9972,0.7713885714285714,-3.075946666666667
87.992,-23.069975,53.9972,0.7713885714285714,-3.0759966666666667
88.044,-23.070349999999998,53.9972,0.7713885714285714,-3.076046666666666
88.095,-23.070675,53.9972,0.7713885714285714,-3.07609
88.147,-23.071,53.9972,0.7713885714285714,-3.0761333333333334
88.2,-23.0706,53.9972,0.7713885714285714,-3.0760799999999997
88.251,-23.0702,53.9972,0.7713885714285714,-3.0760266666666665
88.303,-23.070124999999997,53.9972,0.7713885714285714,-3.0760166666666664
88.354,-23.070050000000002,53.9972,0.7713885714285714,-3.0760066666666668
88.406,-23.070425,53.9972,0.7713885714285714,-3.0760566666666667
88.458,-23.0708,53.9972,0.7713885714285714,-3.0761066666666665
88.51,-23.07125,53.9972,0.7713885714285714,-3.0761666666666665
88.561,-23.0717,53.9972,0.7713885714285714,-3.0762266666666664
88.613,-23.07215,53.9972,0.7713885714285714,-3.076286666666667
88.664,-23.0726,53.9972,0.7713885714285714,-3.076346666666667
88.717,-23.072925,53.9972,0.7713885714285714,-3.0763900000000004
88.768,-23.073249999999998,53.9972,0.7713885714285714,-3.076433333333333
88.82,-23.07295,53.9972,0.7713885714285714,-3.0763933333333333
88.871,-23.07265,53.9972,0.7713885714285714,-3.076353333333333
88.924,-23.072325,53.9972,0.7713885714285714,-3.07631
88.976,-23.072,53.9972,0.7713885714285714,-3.0762666666666667
89.027,-23.0716,53.9972,0.7713885714285714,-3.0762133333333335
89.079,-23.071199999999997,53.9972,0.7713885714285714,-3.07616
89.13,-23.070775,53.9972,0.7713885714285714,-3.0761033333333336
89.183,-23.070349999999998,53.9972,0.7713885714285714,-3.076046666666666
89.235,-23.069675,53.9972,0.7713885714285714,-3.075956666666667
89.286,-23.069,53.9972,0.7713885714285714,-3.0758666666666667
89.338,-23.06855,53.9972,0.7713885714285714,-3.0758066666666664
89.389,-23.0681,53.9972,0.7713885714285714,-3.075746666666667
89.442,-23.068125000000002,53.9972,0.7713885714285714,-3.07575
89.493,-23.06815,53.9972,0.7713885714285714,-3.075753333333333
89.545,-23.06765,53.9972,0.7713885714285714,-3.075686666666667
89.596,-23.06715,53.9972,0.7713885714285714,-3.0756200000000002
89.649,-23.067124999999997,53.9972,0.7713885714285714,-3.0756166666666664
89.7,-23.0671,53.9972,0.7713885714285714,-3.0756133333333335
89.752,-23.0671,53.9972,0.7713885714285714,-3.0756133333333335
89.803,-23.0671,53.9972,0.7713885714285714,-3.0756133333333335
89.855,-23.0671,53.9972,0.7713885714285714,-3.0756133333333335
89.908,-23.0671,53.9972,0.7713885714285714,-3.0756133333333335
89.959,-23.066724999999998,53.9972,0.7713885714285714,-3.075563333333333
90.011,-23.06635,53.9972,0.7713885714285714,-3.0755133333333333
90.062,-23.0657,53.9972,0.7713885714285714,-3.0754266666666665
90.114,-23.06505,53.9972,0.7713885714285714,-3.0753399999999997
90.167,-23.06445,53.9972,0.7713885714285714,-3.07526
90.218,-23.06385,53.9972,0.7713885714285714,-3.07518
90.27,-23.06375,53.9972,0.7713885714285714,-3.0751666666666666
90.321,-23.063650000000003,53.9972,0.7713885714285714,-3.0751533333333336
90.373,-23.063049999999997,53.9972,0.7713885714285714,-3.075073333333333
90.425,-23.062450000000002,53.9972,0.7713885714285714,-3.0749933333333335
90.477,-23.06195,53.9972,0.7713885714285714,-3.074926666666667
90.528,-23.06145,53.9972,0.7713885714285714,-3.07486
90.58,-23.0613,53.9972,0.7713885714285714,-3.07484
90.632,-23.06115,53.9972,0.7713885714285714,-3.0748200000000003
90.684,-23.060775,53.9972,0.7713885714285714,-3.07477
90.735,-23.060399999999998,53.9972,0.7713885714285714,-3.0747199999999997
90.787,-23.06005,53.9972,0.7713885714285714,-3.0746733333333336
90.839,-23.0597,53.9972,0.7713885714285714,-3.0746266666666666
90.891,-23.05975,53.9972,0.7713885714285714,-3.0746333333333333
90.943,-23.059800000000003,53.9972,0.7713885714285714,-3.0746400000000005
90.994,-23.059549999999998,53.9972,0.7713885714285714,-3.0746066666666665
91.046,-23.0593,53.9972,0.7713885714285714,-3.0745733333333334
91.097,-23.058799999999998,53.9972,0.7713885714285714,-3.0745066666666663
91.15,-23.0583,53.9972,0.7713885714285714,-3.07444
91.202,-23.057975,53.9972,0.7713885714285714,-3.0743966666666664
91.253,-23.057650000000002,53.9972,0.7713885714285714,-3.0743533333333337
91.305,-23.057949999999998,53.9972,0.7713885714285714,-3.074393333333333
91.357,-23.05825,53.9972,0.7713885714285714,-3.0744333333333334
91.409,-23.05885,53.9972,0.7713885714285714,-3.0745133333333334
91.46,-23.059450000000002,53.9972,0.7713885714285714,-3.0745933333333335
91.512,-23.06,53.9972,0.7713885714285714,-3.0746666666666664
91.563,-23.06055,53.9972,0.7713885714285714,-3.07474
91.616,-23.061075,53.9972,0.7713885714285714,-3.07481
91.667,-23.061600000000002,53.9972,0.7713885714285714,-3.0748800000000003
91.719,-23.06205,53.9972,0.7713885714285714,-3.07494
91.771,-23.0625,53.9972,0.7713885714285714,-3.075
91.822,-23.0627,53.9972,0.7713885714285714,-3.0750266666666666
91.875,-23.0629,53.9972,0.7713885714285714,-3.0750533333333334
91.926,-23.062450000000002,53.9972,0.7713885714285714,-3.0749933333333335
91.978,-23.062,53.9972,0.7713885714285714,-3.0749333333333335
92.029,-23.062075,53.9972,0.7713885714285714,-3.074943333333333
92.082,-23.06215,53.9972,0.7713885714285714,-3.074953333333333
92.134,-23.06225,53.9972,0.7713885714285714,-3.0749666666666666
92.185,-23.062350000000002,53.9972,0.7713885714285714,-3.0749800000000005
92.237,-23.062424999999998,53.9972,0.7713885714285714,-3.0749899999999997
92.288,-23.0625,53.9972,0.7713885714285714,-3.075
92.341,-23.062549999999998,53.9972,0.7713885714285714,-3.0750066666666664
92.392,-23.0626,53.9972,0.7713885714285714,-3.075013333333333
92.444,-23.062925,53.9972,0.7713885714285714,-3.0750566666666668
92.495,-23.06325,53.9972,0.7713885714285714,-3.0751
92.547,-23.063499999999998,53.9972,0.7713885714285714,-3.075133333333333
92.599,-23.06375,53.9972,0.7713885714285714,-3.0751666666666666
92.651,-23.063475,53.9972,0.7713885714285714,-3.07513
92.702,-23.063200000000002,53.9972,0.7713885714285714,-3.0750933333333337
92.754,-23.0633,53.9972,0.7713885714285714,-3.075106666666667
92.807,-23.0634,53.9972,0.7713885714285714,-3.07512
92.858,-23.064,53.9972,0.7713885714285714,-3.0752
92.91,-23.064600000000002,53.9972,0.7713885714285714,-3.0752800000000002
92.961,-23.064775,53.9972,0.7713885714285714,-3.0753033333333333
93.013,-23.06495,53.9972,0.7713885714285714,-3.0753266666666668
93.066,-23.06505,53.9972,0.7713885714285714,-3.0753399999999997
93.117,-23.06515,53.9972,0.7713885714285714,-3.075353333333333
93.169,-23.0657,53.9972,0.7713885714285714,-3.0754266666666665
93.22,-23.06625,53.9972,0.7713885714285714,-3.0755
93.272,-23.066499999999998,53.9972,0.7713885714285714,-3.075533333333333
93.324,-23.06675,53.9972,0.7713885714285714,-3.0755666666666666
93.376,-23.066499999999998,53.9972,0.7713885714285714,-3.075533333333333
93.427,-23.06625,53.9972,0.7713885714285714,-3.0755
93.479,-23.06585,53.9972,0.7713885714285714,-3.0754466666666667
93.53,-23.065450000000002,53.9972,0.7713885714285714,-3.0753933333333334
93.583,-23.0655,53.9972,0.7713885714285714,-3.0754
93.634,-23.065549999999998,53.9972,0.7713885714285714,-3.0754066666666664
93.686,-23.065800000000003,53.9972,0.7713885714285714,-3.0754400000000004
93.738,-23.06605,53.9972,0.7713885714285714,-3.0754733333333335
93.79,-23.065575000000003,53.9972,0.7713885714285714,-3.07541
93.842,-23.0651,53.9972,0.7713885714285714,-3.075346666666667
93.893,-23.064925,53.9972,0.7713885714285714,-3.075323333333333
93.945,-23.06475,53.9972,0.7713885714285714,-3.0753
93.997,-23.06475,53.9972,0.7713885714285714,-3.0753
94.049,-23.06475,53.9972,0.7713885714285714,-3.0753
94.101,-23.06455,53.9972,0.7713885714285714,-3.0752733333333335
94.152,-23.064349999999997,53.9972,0.7713885714285714,-3.0752466666666662
94.204,-23.064425,53.9972,0.7713885714285714,-3.0752566666666667
94.255,-23.064500000000002,53.9972,0.7713885714285714,-3.075266666666667
94.308,-23.065125000000002,53.9972,0.7713885714285714,-3.0753500000000003
94.359,-23.06575,53.9972,0.7713885714285714,-3.0754333333333337
94.411,-23.066175,53.9972,0.7713885714285714,-3.0754900000000003
94.462,-23.0666,53.9972,0.7713885714285714,-3.075546666666667
94.515,-23.066650000000003,53.9972,0.7713885714285714,-3.0755533333333336
94.566,-23.0667,53.9972,0.7713885714285714,-3.0755600000000003
94.618,-23.066825,53.9972,0.7713885714285714,-3.075576666666667
94.67,-23.06695,53.9972,0.7713885714285714,-3.075593333333333
94.721,-23.067175,53.9972,0.7713885714285714,-3.075623333333333
94.774,-23.0674,53.9972,0.7713885714285714,-3.0756533333333334
94.825,-23.067175,53.9972,0.7713885714285714,-3.075623333333333
94.877,-23.06695,53.9972,0.7713885714285714,-3.075593333333333
94.929,-23.066675,53.9972,0.7713885714285714,-3.0755566666666665
94.98,-23.066399999999998,53.9972,0.7713885714285714,-3.0755199999999996
95.033,-23.066425000000002,53.9972,0.7713885714285714,-3.075523333333334
95.084,-23.06645,53.9972,0.7713885714285714,-3.0755266666666667
95.136,-23.066499999999998,53.9972,0.7713885714285714,-3.075533333333333
95.187,-23.06655,53.9972,0.7713885714285714,-3.0755399999999997
95.24,-23.065975,53.9972,0.7713885714285714,-3.0754633333333334
95.291,-23.0654,53.9972,0.7713885714285714,-3.0753866666666667
95.343,-23.06505,53.9972,0.7713885714285714,-3.0753399999999997
95.394,-23.0647,53.9972,0.7713885714285714,-3.075293333333333
95.446,-23.065,53.9972,0.7713885714285714,-3.0753333333333335
95.498,-23.0653,53.9972,0.7713885714285714,-3.0753733333333333
95.55,-23.06525,53.9972,0.7713885714285714,-3.0753666666666666
95.602,-23.065199999999997,53.9972,0.7713885714285714,-3.0753599999999994
95.653,-23.064725,53.9972,0.7713885714285714,-3.0752966666666666
95.705,-23.06425,53.9972,0.7713885714285714,-3.0752333333333337
95.757,-23.06415,53.9972,0.7713885714285714,-3.0752200000000003
95.809,-23.06405,53.9972,0.7713885714285714,-3.075206666666667
95.861,-23.064025,53.9972,0.7713885714285714,-3.0752033333333335
95.912,-23.064,53.9972,0.7713885714285714,-3.0752
95.965,-23.064125,53.9972,0.7713885714285714,-3.075216666666667
96.016,-23.06425,53.9972,0.7713885714285714,-3.0752333333333337
96.068,-23.06475,53.9972,0.7713885714285714,-3.0753
96.119,-23.06525,53.9972,0.7713885714285714,-3.0753666666666666
96.171,-23.06525,53.9972,0.7713885714285714,-3.0753666666666666
96.223,-23.06525,53.9972,0.7713885714285714,-3.0753666666666666
96.275,-23.064975,53.9972,0.7713885714285714,-3.07533
96.326,-23.0647,53.9972,0.7713885714285714,-3.075293333333333
96.378,-23.063975,53.9972,0.7713885714285714,-3.0751966666666664
96.429,-23.06325,53.9972,0.7713885714285714,-3.0751
96.482,-23.062925,53.9972,0.7713885714285714,-3.0750566666666668
96.534,-23.0626,53.9972,0.7713885714285714,-3.075013333333333
96.585,-23.062275,53.9972,0.7713885714285714,-3.07497
96.637,-23.061950000000003,53.9972,0.7713885714285714,-3.0749266666666673
96.689,-23.061799999999998,53.9972,0.7713885714285714,-3.0749066666666662
96.741,-23.06165,53.9972,0.7713885714285714,-3.0748866666666665
96.793,-23.061525,53.9972,0.7713885714285714,-3.0748699999999998
96.844,-23.0614,53.9972,0.7713885714285714,-3.074853333333333
96.896,-23.06125,53.9972,0.7713885714285714,-3.0748333333333333
96.948,-23.0611,53.9972,0.7713885714285714,-3.074813333333333
97.0,-23.061025,53.9972,0.7713885714285714,-3.0748033333333336
97.051,-23.06095,53.9972,0.7713885714285714,-3.074793333333333
97.103,-23.060925,53.9972,0.7713885714285714,-3.07479
97.154,-23.0609,53.9972,0.7713885714285714,-3.074786666666667
97.207,-23.0609,53.9972,0.7713885714285714,-3.074786666666667
97.258,-23.0609,53.9972,0.7713885714285714,-3.074786666666667
97.31,-23.06125,53.9972,0.7713885714285714,-3.0748333333333333
97.361,-23.061600000000002,53.9972,0.7713885714285714,-3.0748800000000003
97.413,-23.06205,53.9972,0.7713885714285714,-3.07494
97.466,-23.0625,53.9972,0.7713885714285714,-3.075
97.517,-23.062575000000002,53.9972,0.7713885714285714,-3.0750100000000002
97.569,-23.062649999999998,53.9972,0.7713885714285714,-3.07502
97.62,-23.062800000000003,53.9972,0.7713885714285714,-3.0750400000000004
97.673,-23.06295,53.9972,0.7713885714285714,-3.07506
97.725,-23.06275,53.9972,0.7713885714285714,-3.0750333333333333
97.776,-23.062549999999998,53.9972,0.7713885714285714,-3.0750066666666664
97.828,-23.062375,53.9972,0.7713885714285714,-3.0749833333333334
97.879,-23.0622,53.9972,0.7713885714285714,-3.07496
97.932,-23.062275,53.9972,0.7713885714285714,-3.07497
97.983,-23.062350000000002,53.9972,0.7713885714285714,-3.0749800000000005
98.035,-23.06215,53.9972,0.7713885714285714,-3.074953333333333
98.086,-23.06195,53.9972,0.7713885714285714,-3.074926666666667
98.138,-23.061875,53.9972,0.7713885714285714,-3.0749166666666667
98.19,-23.061799999999998,53.9972,0.7713885714285714,-3.0749066666666662
98.242,-23.06185,53.9972,0.7713885714285714,-3.0749133333333334
98.293,-23.0619,53.9972,0.7713885714285714,-3.07492
98.345,-23.061825,53.9972,0.7713885714285714,-3.07491
98.398,-23.06175,53.9972,0.7713885714285714,-3.0749
98.449,-23.061725000000003,53.9972,0.7713885714285714,-3.074896666666667
98.501,-23.0617,53.9972,0.7713885714285714,-3.0748933333333333
98.552,-23.061675,53.9972,0.7713885714285714,-3.0748900000000003
98.604,-23.06165,53.9972,0.7713885714285714,-3.0748866666666665
98.657,-23.061725000000003,53.9972,0.7713885714285714,-3.074896666666667
98.708,-23.061799999999998,53.9972,0.7713885714285714,-3.0749066666666662
98.76,-23.0617,53.9972,0.7713885714285714,-3.0748933333333333
98.811,-23.0616,53.9972,0.7713885714285714,-3.07488
98.863,-23.061725,53.9972,0.7713885714285714,-3.0748966666666666
98.915,-23.06185,53.9972,0.7713885714285714,-3.0749133333333334
98.967,-23.062199999999997,53.9972,0.7713885714285714,-3.0749599999999995
99.018,-23.062549999999998,53.9972,0.7713885714285714,-3.0750066666666664
99.07,-23.0623,53.9972,0.7713885714285714,-3.0749733333333333
99.122,-23.06205,53.9972,0.7713885714285714,-3.07494
99.174,-23.061825,53.9972,0.7713885714285714,-3.07491
99.225,-23.0616,53.9972,0.7713885714285714,-3.07488
99.277,-23.061825,53.9972,0.7713885714285714,-3.07491
99.329,-23.06205,53.9972,0.7713885714285714,-3.07494
99.381,-23.062475,53.9972,0.7713885714285714,-3.0749966666666664
99.433,-23.0629,53.9972,0.7713885714285714,-3.0750533333333334
99.484,-23.063049999999997,53.9972,0.7713885714285714,-3.075073333333333
99.536,-23.063200000000002,53.9972,0.7713885714285714,-3.0750933333333337
99.588,-23.063399999999998,53.9972,0.7713885714285714,-3.0751199999999996
99.64,-23.0636,53.9972,0.7713885714285714,-3.075146666666667
99.692,-23.063724999999998,53.9972,0.7713885714285714,-3.0751633333333332
99.743,-23.06385,53.9972,0.7713885714285714,-3.07518
99.795,-23.064175,53.9972,0.7713885714285714,-3.075223333333333
99.847,-23.064500000000002,53.9972,0.7713885714285714,-3.075266666666667
99.899,-23.064325,53.9972,0.7713885714285714,-3.0752433333333333
99.95,-23.06415,53.9972,0.7713885714285714,-3.0752200000000003
100.002,-23.064175,53.9972,0.7713885714285714,-3.075223333333333
100.053,-23.0642,53.9972,0.7713885714285714,-3.0752266666666666
100.106,-23.064425,53.9972,0.7713885714285714,-3.0752566666666667
100.157,-23.06465,53.9972,0.7713885714285714,-3.0752866666666665
100.209,-23.064574999999998,53.9972,0.7713885714285714,-3.0752766666666664
100.261,-23.0645,53.9972,0.7713885714285714,-3.0752666666666664
100.312,-23.06475,53.9972,0.7713885714285714,-3.0753
100.365,-23.065,53.9972,0.7713885714285714,-3.0753333333333335
100.416,-23.065725,53.9972,0.7713885714285714,-3.07543
100.468,-23.06645,53.9972,0.7713885714285714,-3.0755266666666667
100.52,-23.067025,53.9972,0.7713885714285714,-3.0756033333333335
100.572,-23.0676,53.9972,0.7713885714285714,-3.0756799999999997
100.624,-23.067500000000003,53.9972,0.7713885714285714,-3.075666666666667
100.675,-23.0674,53.9972,0.7713885714285714,-3.0756533333333334
100.727,-23.067625,53.9972,0.7713885714285714,-3.075683333333333
100.778,-23.06785,53.9972,0.7713885714285714,-3.0757133333333333
100.831,-23.068,53.9972,0.7713885714285714,-3.0757333333333334
100.882,-23.06815,53.9972,0.7713885714285714,-3.075753333333333
100.934,-23.067574999999998,53.9972,0.7713885714285714,-3.0756766666666664
100.985,-23.067,53.9972,0.7713885714285714,-3.0756
101.037,-23.06655,53.9972,0.7713885714285714,-3.0755399999999997
101.089,-23.0661,53.9972,0.7713885714285714,-3.0754799999999998
101.141,-23.06645,53.9972,0.7713885714285714,-3.0755266666666667
101.193,-23.0668,53.9972,0.7713885714285714,-3.0755733333333333
101.244,-23.067075,53.9972,0.7713885714285714,-3.0756099999999997
101.297,-23.067349999999998,53.9972,0.7713885714285714,-3.075646666666666
101.348,-23.067025,53.9972,0.7713885714285714,-3.0756033333333335
101.4,-23.0667,53.9972,0.7713885714285714,-3.0755600000000003
101.452,-23.066375,53.9972,0.7713885714285714,-3.0755166666666667
101.503,-23.06605,53.9972,0.7713885714285714,-3.0754733333333335
101.556,-23.065875,53.9972,0.7713885714285714,-3.0754499999999996
101.607,-23.0657,53.9972,0.7713885714285714,-3.0754266666666665
101.659,-23.0659,53.9972,0.7713885714285714,-3.0754533333333334
101.71,-23.0661,53.9972,0.7713885714285714,-3.0754799999999998
101.762,-23.066375,53.9972,0.7713885714285714,-3.0755166666666667
101.814,-23.06665,53.9972,0.7713885714285714,-3.075553333333333
101.866,-23.066575,53.9972,0.7713885714285714,-3.0755433333333335
101.917,-23.066499999999998,53.9972,0.7713885714285714,-3.075533333333333
101.969,-23.06655,53.9972,0.7713885714285714,-3.0755399999999997
102.02,-23.0666,53.9972,0.7713885714285714,-3.075546666666667
102.073,-23.06645,53.9972,0.7713885714285714,-3.0755266666666667
102.125,-23.066300000000002,53.9972,0.7713885714285714,-3.075506666666667
102.176,-23.066125,53.9972,0.7713885714285714,-3.075483333333333
102.228,-23.06595,53.9972,0.7713885714285714,-3.07546
102.28,-23.066125,53.9972,0.7713885714285714,-3.075483333333333
102.332,-23.066300000000002,53.9972,0.7713885714285714,-3.075506666666667
102.384,-23.066475,53.9972,0.7713885714285714,-3.07553
102.435,-23.06665,53.9972,0.7713885714285714,-3.075553333333333
102.487,-23.06655,53.9972,0.7713885714285714,-3.0755399999999997
102.539,-23.06645,53.9972,0.7713885714285714,-3.0755266666666667
102.591,-23.0661,53.9972,0.7713885714285714,-3.0754799999999998
102.642,-23.06575,53.9972,0.7713885714285714,-3.0754333333333337
102.694,-23.065775,53.9972,0.7713885714285714,-3.0754366666666666
102.745,-23.0658,53.9972,0.7713885714285714,-3.07544
102.798,-23.066125,53.9972,0.7713885714285714,-3.075483333333333
102.849,-23.06645,53.9972,0.7713885714285714,-3.0755266666666667
102.901,-23.066675,53.9972,0.7713885714285714,-3.0755566666666665
102.952,-23.0669,53.9972,0.7713885714285714,-3.0755866666666667
103.005,-23.0673,53.9972,0.7713885714285714,-3.07564
103.057,-23.0677,53.9972,0.7713885714285714,-3.075693333333333
103.108,-23.06815,53.9972,0.7713885714285714,-3.075753333333333
103.16,-23.0686,53.9972,0.7713885714285714,-3.0758133333333335
103.211,-23.06875,53.9972,0.7713885714285714,-3.0758333333333336
103.264,-23.0689,53.9972,0.7713885714285714,-3.0758533333333333
103.315,-23.068975000000002,53.9972,0.7713885714285714,-3.0758633333333334
103.367,-23.069049999999997,53.9972,0.7713885714285714,-3.075873333333333
103.419,-23.069174999999998,53.9972,0.7713885714285714,-3.07589
103.47,-23.0693,53.9972,0.7713885714285714,-3.0759066666666666
103.523,-23.069125,53.9972,0.7713885714285714,-3.075883333333333
103.574,-23.06895,53.9972,0.7713885714285714,-3.07586
103.626,-23.068875,53.9972,0.7713885714285714,-3.07585
103.677,-23.0688,53.9972,0.7713885714285714,-3.07584
103.73,-23.068324999999998,53.9972,0.7713885714285714,-3.0757766666666666
103.781,-23.06785,53.9972,0.7713885714285714,-3.0757133333333333
103.833,-23.067075,53.9972,0.7713885714285714,-3.0756099999999997
103.884,-23.066300000000002,53.9972,0.7713885714285714,-3.075506666666667
103.936,-23.065925,53.9972,0.7713885714285714,-3.0754566666666667
103.989,-23.065549999999998,53.9972,0.7713885714285714,-3.0754066666666664
104.04,-23.065350000000002,53.9972,0.7713885714285714,-3.0753800000000004
104.092,-23.06515,53.9972,0.7713885714285714,-3.075353333333333
104.143,-23.065375,53.9972,0.7713885714285714,-3.0753833333333334
104.195,-23.0656,53.9972,0.7713885714285714,-3.075413333333333
104.247,-23.0657,53.9972,0.7713885714285714,-3.0754266666666665
104.299,-23.0658,53.9972,0.7713885714285714,-3.07544
104.351,-23.06545,53.9972,0.7713885714285714,-3.075393333333333
104.402,-23.0651,53.9972,0.7713885714285714,-3.075346666666667
104.455,-23.0646,53.9972,0.7713885714285714,-3.07528
104.506,-23.0641,53.9972,0.7713885714285714,-3.075213333333333
104.558,-23.063675,53.9972,0.7713885714285714,-3.0751566666666665
104.609,-23.06325,53.9972,0.7713885714285714,-3.0751
104.661,-23.063575,53.9972,0.7713885714285714,-3.0751433333333336
104.713,-23.0639,53.9972,0.7713885714285714,-3.0751866666666667
104.765,-23.0644,53.9972,0.7713885714285714,-3.0752533333333334
104.816,-23.0649,53.9972,0.7713885714285714,-3.07532
104.868,-23.064500000000002,53.9972,0.7713885714285714,-3.075266666666667
104.919,-23.0641,53.9972,0.7713885714285714,-3.075213333333333
104.972,-23.06375,53.9972,0.7713885714285714,-3.0751666666666666
105.024,-23.063399999999998,53.9972,0.7713885714285714,-3.0751199999999996
105.075,-23.063475,53.9972,0.7713885714285714,-3.07513
105.127,-23.06355,53.9972,0.7713885714285714,-3.0751399999999998
105.178,-23.063425000000002,53.9972,0.7713885714285714,-3.0751233333333334
105.231,-23.0633,53.9972,0.7713885714285714,-3.075106666666667
105.283,-23.063125,53.9972,0.7713885714285714,-3.075083333333333
105.334,-23.06295,53.9972,0.7713885714285714,-3.07506
105.386,-23.0629,53.9972,0.7713885714285714,-3.0750533333333334
105.438,-23.06285,53.9972,0.7713885714285714,-3.0750466666666667
105.49,-23.062675,53.9972,0.7713885714285714,-3.075023333333333
105.541,-23.0625,53.9972,0.7713885714285714,-3.075
105.593,-23.062975,53.9972,0.7713885714285714,-3.0750633333333335
105.644,-23.06345,53.9972,0.7713885714285714,-3.075126666666667
105.697,-23.06345,53.9972,0.7713885714285714,-3.075126666666667
105.748,-23.06345,53.9972,0.7713885714285714,-3.075126666666667
105.8,-23.063325,53.9972,0.7713885714285714,-3.07511
105.851,-23.063200000000002,53.9972,0.7713885714285714,-3.0750933333333337
105.903,-23.063650000000003,53.9972,0.7713885714285714,-3.0751533333333336
105.956,-23.0641,53.9972,0.7713885714285714,-3.075213333333333
106.007,-23.064474999999998,53.9972,0.7713885714285714,-3.075263333333333
106.059,-23.06485,53.9972,0.7713885714285714,-3.0753133333333333
106.11,-23.06495,53.9972,0.7713885714285714,-3.0753266666666668
106.163,-23.06505,53.9972,0.7713885714285714,-3.0753399999999997
106.215,-23.064975,53.9972,0.7713885714285714,-3.07533
106.266,-23.0649,53.9972,0.7713885714285714,-3.07532
106.318,-23.06465,53.9972,0.7713885714285714,-3.0752866666666665
106.369,-23.0644,53.9972,0.7713885714285714,-3.0752533333333334
106.422,-23.064525,53.9972,0.7713885714285714,-3.07527
106.473,-23.06465,53.9972,0.7713885714285714,-3.0752866666666665
106.525,-23.064725,53.9972,0.7713885714285714,-3.0752966666666666
106.576,-23.064799999999998,53.9972,0.7713885714285714,-3.0753066666666666
106.628,-23.06475,53.9972,0.7713885714285714,-3.0753
106.68,-23.0647,53.9972,0.7713885714285714,-3.075293333333333
106.732,-23.064375000000002,53.9972,0.7713885714285714,-3.07525
106.783,-23.06405,53.9972,0.7713885714285714,-3.075206666666667
106.835,-23.06375,53.9972,0.7713885714285714,-3.0751666666666666
106.888,-23.06345,53.9972,0.7713885714285714,-3.075126666666667
106.939,-23.063399999999998,53.9972,0.7713885714285714,-3.0751199999999996
106.991,-23.06335,53.9972,0.7713885714285714,-3.0751133333333334
107.042,-23.06355,53.9972,0.7713885714285714,-3.0751399999999998
107.094,-23.06375,53.9972,0.7713885714285714,-3.0751666666666666
107.147,-23.063675,53.9972,0.7713885714285714,-3.0751566666666665
107.198,-23.0636,53.9972,0.7713885714285714,-3.075146666666667
107.25,-23.06345,53.9972,0.7713885714285714,-3.075126666666667
107.301,-23.0633,53.9972,0.7713885714285714,-3.075106666666667
107.353,-23.062975,53.9972,0.7713885714285714,-3.0750633333333335
107.405,-23.062649999999998,53.9972,0.7713885714285714,-3.07502
107.457,-23.0626,53.9972,0.7713885714285714,-3.075013333333333
107.508,-23.062549999999998,53.9972,0.7713885714285714,-3.0750066666666664
107.56,-23.062675,53.9972,0.7713885714285714,-3.075023333333333
107.612,-23.0628,53.9972,0.7713885714285714,-3.07504
107.664,-23.0621,53.9972,0.7713885714285714,-3.074946666666667
107.715,-23.0614,53.9972,0.7713885714285714,-3.074853333333333
107.767,-23.060875,53.9972,0.7713885714285714,-3.0747833333333334
107.819,-23.06035,53.9972,0.7713885714285714,-3.0747133333333334
107.871,-23.06005,53.9972,0.7713885714285714,-3.0746733333333336
107.923,-23.05975,53.9972,0.7713885714285714,-3.0746333333333333
107.974,-23.059225,53.9972,0.7713885714285714,-3.0745633333333333
108.026,-23.058699999999998,53.9972,0.7713885714285714,-3.0744933333333333
108.078,-23.05825,53.9972,0.7713885714285714,-3.0744333333333334
108.13,-23.0578,53.9972,0.7713885714285714,-3.0743733333333334
108.182,-23.058075,53.9972,0.7713885714285714,-3.07441
108.233,-23.05835,53.9972,0.7713885714285714,-3.0744466666666668
108.285,-23.058825,53.9972,0.7713885714285714,-3.0745099999999996
108.337,-23.0593,53.9972,0.7713885714285714,-3.0745733333333334
108.389,-23.059725,53.9972,0.7713885714285714,-3.07463
108.44,-23.06015,53.9972,0.7713885714285714,-3.0746866666666666
108.492,-23.060724999999998,53.9972,0.7713885714285714,-3.074763333333333
108.543,-23.0613,53.9972,0.7713885714285714,-3.07484
108.596,-23.06185,53.9972,0.7713885714285714,-3.0749133333333334
108.647,-23.0624,53.9972,0.7713885714285714,-3.0749866666666668
108.699,-23.06275,53.9972,0.7713885714285714,-3.0750333333333333
108.751,-23.0631,53.9972,0.7713885714285714,-3.07508
108.802,-23.06345,53.9972,0.7713885714285714,-3.075126666666667
108.855,-23.0638,53.9972,0.7713885714285714,-3.0751733333333333
108.906,-23.0638,53.9972,0.7713885714285714,-3.0751733333333333
108.958,-23.0638,53.9972,0.7713885714285714,-3.0751733333333333
109.01,-23.06415,53.9972,0.7713885714285714,-3.0752200000000003
109.061,-23.064500000000002,53.9972,0.7713885714285714,-3.075266666666667
109.114,-23.064525,53.9972,0.7713885714285714,-3.07527
109.165,-23.06455,53.9972,0.7713885714285714,-3.0752733333333335
109.217,-23.06455,53.9972,0.7713885714285714,-3.0752733333333335
109.268,-23.06455,53.9972,0.7713885714285714,-3.0752733333333335
109.321,-23.064525,53.9972,0.7713885714285714,-3.07527
109.372,-23.064500000000002,53.9972,0.7713885714285714,-3.075266666666667
109.424,-23.064675,53.9972,0.7713885714285714,-3.0752900000000003
109.475,-23.06485,53.9972,0.7713885714285714,-3.0753133333333333
109.527,-23.06475,53.9972,0.7713885714285714,-3.0753
109.579,-23.06465,53.9972,0.7713885714285714,-3.0752866666666665
109.631,-23.064875,53.9972,0.7713885714285714,-3.0753166666666667
109.683,-23.0651,53.9972,0.7713885714285714,-3.075346666666667
109.734,-23.0655,53.9972,0.7713885714285714,-3.0754
109.786,-23.0659,53.9972,0.7713885714285714,-3.0754533333333334
109.838,-23.06625,53.9972,0.7713885714285714,-3.0755
109.89,-23.0666,53.9972,0.7713885714285714,-3.075546666666667
109.942,-23.067225,53.9972,0.7713885714285714,-3.07563
109.993,-23.06785,53.9972,0.7713885714285714,-3.0757133333333333
110.046,-23.068324999999998,53.9972,0.7713885714285714,-3.0757766666666666
110.097,-23.0688,53.9972,0.7713885714285714,-3.07584
110.149,-23.069125,53.9972,0.7713885714285714,-3.075883333333333
110.2,-23.06945,53.9972,0.7713885714285714,-3.0759266666666667
110.252,-23.069125,53.9972,0.7713885714285714,-3.075883333333333
110.304,-23.0688,53.9972,0.7713885714285714,-3.07584
110.356,-23.068225,53.9972,0.7713885714285714,-3.0757633333333336
110.407,-23.06765,53.9972,0.7713885714285714,-3.075686666666667
110.459,-23.067075,53.9972,0.7713885714285714,-3.0756099999999997
110.51,-23.066499999999998,53.9972,0.7713885714285714,-3.075533333333333
110.563,-23.066025,53.9972,0.7713885714285714,-3.07547
110.615,-23.06555,53.9972,0.7713885714285714,-3.075406666666667
110.666,-23.0651,53.9972,0.7713885714285714,-3.075346666666667
110.718,-23.06465,53.9972,0.7713885714285714,-3.0752866666666665
110.77,-23.064225,53.9972,0.7713885714285714,-3.07523
110.822,-23.0638,53.9972,0.7713885714285714,-3.0751733333333333
110.874,-23.063650000000003,53.9972,0.7713885714285714,-3.0751533333333336
110.925,-23.063499999999998,53.9972,0.7713885714285714,-3.075133333333333
110.977,-23.063075,53.9972,0.7713885714285714,-3.075076666666667
111.029,-23.062649999999998,53.9972,0.7713885714285714,-3.07502
111.081,-23.061875,53.9972,0.7713885714285714,-3.0749166666666667
111.132,-23.0611,53.9972,0.7713885714285714,-3.074813333333333
111.184,-23.06085,53.9972,0.7713885714285714,-3.0747799999999996
111.235,-23.0606,53.9972,0.7713885714285714,-3.074746666666667
111.288,-23.060624999999998,53.9972,0.7713885714285714,-3.07475
111.339,-23.060650000000003,53.9972,0.7713885714285714,-3.0747533333333337
111.391,-23.060775,53.9972,0.7713885714285714,-3.07477
111.442,-23.0609,53.9972,0.7713885714285714,-3.074786666666667
111.495,-23.06105,53.9972,0.7713885714285714,-3.074806666666667
111.547,-23.0612,53.9972,0.7713885714285714,-3.0748266666666666
111.598,-23.061,53.9972,0.7713885714285714,-3.0748
111.65,-23.0608,53.9972,0.7713885714285714,-3.0747733333333334
111.701,-23.06085,53.9972,0.7713885714285714,-3.0747799999999996
111.754,-23.0609,53.9972,0.7713885714285714,-3.074786666666667
111.806,-23.061125,53.9972,0.7713885714285714,-3.0748166666666665
111.857,-23.061349999999997,53.9972,0.7713885714285714,-3.0748466666666663
111.909,-23.061625,53.9972,0.7713885714285714,-3.074883333333333
111.96,-23.0619,53.9972,0.7713885714285714,-3.07492
112.013,-23.06185,53.9972,0.7713885714285714,-3.0749133333333334
112.064,-23.061799999999998,53.9972,0.7713885714285714,-3.0749066666666662
112.116,-23.061775,53.9972,0.7713885714285714,-3.0749033333333333
112.167,-23.06175,53.9972,0.7713885714285714,-3.0749
112.22,-23.061925,53.9972,0.7713885714285714,-3.074923333333333
112.271,-23.0621,53.9972,0.7713885714285714,-3.074946666666667
112.323,-23.062225,53.9972,0.7713885714285714,-3.0749633333333337
112.374,-23.062350000000002,53.9972,0.7713885714285714,-3.0749800000000005
112.426,-23.062075,53.9972,0.7713885714285714,-3.074943333333333
112.479,-23.061799999999998,53.9972,0.7713885714285714,-3.0749066666666662
112.53,-23.0617,53.9972,0.7713885714285714,-3.0748933333333333
112.582,-23.0616,53.9972,0.7713885714285714,-3.07488
112.633,-23.061175,53.9972,0.7713885714285714,-3.0748233333333332
112.685,-23.06075,53.9972,0.7713885714285714,-3.0747666666666666
112.738,-23.060825,53.9972,0.7713885714285714,-3.0747766666666667
112.789,-23.0609,53.9972,0.7713885714285714,-3.074786666666667
112.841,-23.061075,53.9972,0.7713885714285714,-3.07481
112.892,-23.06125,53.9972,0.7713885714285714,-3.0748333333333333
112.945,-23.060875,53.9972,0.7713885714285714,-3.0747833333333334
112.996,-23.060499999999998,53.9972,0.7713885714285714,-3.074733333333333
113.048,-23.060575,53.9972,0.7713885714285714,-3.074743333333333
113.099,-23.060650000000003,53.9972,0.7713885714285714,-3.0747533333333337
113.151,-23.06125,53.9972,0.7713885714285714,-3.0748333333333333
113.203,-23.06185,53.9972,0.7713885714285714,-3.0749133333333334
113.255,-23.0617,53.9972,0.7713885714285714,-3.0748933333333333
113.306,-23.06155,53.9972,0.7713885714285714,-3.0748733333333336
113.358,-23.0609,53.9972,0.7713885714285714,-3.074786666666667
113.41,-23.06025,53.9972,0.7713885714285714,-3.0747
113.462,-23.06015,53.9972,0.7713885714285714,-3.0746866666666666
113.514,-23.06005,53.9972,0.7713885714285714,-3.0746733333333336
113.565,-23.060075,53.9972,0.7713885714285714,-3.074676666666667
113.617,-23.0601,53.9972,0.7713885714285714,-3.07468
113.669,-23.060200000000002,53.9972,0.7713885714285714,-3.0746933333333337
113.721,-23.0603,53.9972,0.7713885714285714,-3.0747066666666667
113.773,-23.06025,53.9972,0.7713885714285714,-3.0747
113.824,-23.060200000000002,53.9972,0.7713885714285714,-3.0746933333333337
113.876,-23.059975,53.9972,0.7713885714285714,-3.0746633333333335
113.928,-23.05975,53.9972,0.7713885714285714,-3.0746333333333333
113.98,-23.059424999999997,53.9972,0.7713885714285714,-3.0745899999999997
114.031,-23.0591,53.9972,0.7713885714285714,-3.074546666666667
114.083,-23.059075,53.9972,0.7713885714285714,-3.074543333333333
114.134,-23.05905,53.9972,0.7713885714285714,-3.07454
114.187,-23.059424999999997,53.9972,0.7713885714285714,-3.0745899999999997
114.238,-23.059800000000003,53.9972,0.7713885714285714,-3.0746400000000005
114.29,-23.05985,53.9972,0.7713885714285714,-3.0746466666666667
114.342,-23.0599,53.9972,0.7713885714285714,-3.074653333333333
114.393,-23.059975,53.9972,0.7713885714285714,-3.0746633333333335
114.446,-23.06005,53.9972,0.7713885714285714,-3.0746733333333336
114.497,-23.0607,53.9972,0.7713885714285714,-3.07476
114.549,-23.061349999999997,53.9972,0.7713885714285714,-3.0748466666666663
114.601,-23.06215,53.9972,0.7713885714285714,-3.074953333333333
114.653,-23.06295,53.9972,0.7713885714285714,-3.07506
114.705,-23.063325,53.9972,0.7713885714285714,-3.07511
114.756,-23.0637,53.9972,0.7713885714285714,-3.07516
114.808,-23.06395,53.9972,0.7713885714285714,-3.075193333333333
114.859,-23.0642,53.9972,0.7713885714285714,-3.0752266666666666
114.912,-23.064325,53.9972,0.7713885714285714,-3.0752433333333333
114.963,-23.06445,53.9972,0.7713885714285714,-3.07526
115.015,-23.064775,53.9972,0.7713885714285714,-3.0753033333333333
115.066,-23.0651,53.9972,0.7713885714285714,-3.075346666666667
115.118,-23.065350000000002,53.9972,0.7713885714285714,-3.0753800000000004
115.17,-23.0656,53.9972,0.7713885714285714,-3.075413333333333
115.222,-23.065549999999998,53.9972,0.7713885714285714,-3.0754066666666664
115.274,-23.0655,53.9972,0.7713885714285714,-3.0754
115.325,-23.0658,53.9972,0.7713885714285714,-3.07544
115.378,-23.0661,53.9972,0.7713885714285714,-3.0754799999999998
115.429,-23.066499999999998,53.9972,0.7713885714285714,-3.075533333333333
115.481,-23.0669,53.9972,0.7713885714285714,-3.0755866666666667
115.533,-23.066875,53.9972,0.7713885714285714,-3.0755833333333333
115.584,-23.06685,53.9972,0.7713885714285714,-3.07558
115.637,-23.066225,53.9972,0.7713885714285714,-3.0754966666666665
115.688,-23.0656,53.9972,0.7713885714285714,-3.075413333333333
115.74,-23.065075,53.9972,0.7713885714285714,-3.0753433333333335
115.791,-23.06455,53.9972,0.7713885714285714,-3.0752733333333335
115.843,-23.06385,53.9972,0.7713885714285714,-3.07518
115.895,-23.06315,53.9972,0.7713885714285714,-3.0750866666666665
115.947,-23.0628,53.9972,0.7713885714285714,-3.07504
115.998,-23.062450000000002,53.9972,0.7713885714285714,-3.0749933333333335
116.05,-23.062625,53.9972,0.7713885714285714,-3.075016666666667
116.101,-23.0628,53.9972,0.7713885714285714,-3.07504
116.154,-23.062875,53.9972,0.7713885714285714,-3.0750499999999996
116.206,-23.06295,53.9972,0.7713885714285714,-3.07506
116.257,-23.062375,53.9972,0.7713885714285714,-3.0749833333333334
116.309,-23.061799999999998,53.9972,0.7713885714285714,-3.0749066666666662
116.361,-23.0613,53.9972,0.7713885714285714,-3.07484
116.413,-23.0608,53.9972,0.7713885714285714,-3.0747733333333334
116.465,-23.060499999999998,53.9972,0.7713885714285714,-3.074733333333333
116.516,-23.060200000000002,53.9972,0.7713885714285714,-3.0746933333333337
116.568,-23.059775,53.9972,0.7713885714285714,-3.0746366666666662
116.62,-23.059350000000002,53.9972,0.7713885714285714,-3.07458
116.672,-23.05915,53.9972,0.7713885714285714,-3.0745533333333332
116.723,-23.05895,53.9972,0.7713885714285714,-3.0745266666666664
116.775,-23.059075,53.9972,0.7713885714285714,-3.074543333333333
116.826,-23.059199999999997,53.9972,0.7713885714285714,-3.0745599999999995
116.879,-23.058625,53.9972,0.7713885714285714,-3.0744833333333332
116.93,-23.05805,53.9972,0.7713885714285714,-3.074406666666667
116.982,-23.057875,53.9972,0.7713885714285714,-3.074383333333333
117.033,-23.0577,53.9972,0.7713885714285714,-3.07436
117.086,-23.057575,53.9972,0.7713885714285714,-3.074343333333333
117.138,-23.05745,53.9972,0.7713885714285714,-3.0743266666666664
117.189,-23.057399999999998,53.9972,0.7713885714285714,-3.0743199999999997
117.241,-23.05735,53.9972,0.7713885714285714,-3.0743133333333335
117.292,-23.05745,53.9972,0.7713885714285714,-3.0743266666666664
117.345,-23.05755,53.9972,0.7713885714285714,-3.07434
117.397,-23.05775,53.9972,0.7713885714285714,-3.0743666666666667
117.448,-23.057949999999998,53.9972,0.7713885714285714,-3.074393333333333
117.5,-23.05825,53.9972,0.7713885714285714,-3.0744333333333334
117.551,-23.05855,53.9972,0.7713885714285714,-3.074473333333333
117.604,-23.058474999999998,53.9972,0.7713885714285714,-3.074463333333333
117.655,-23.0584,53.9972,0.7713885714285714,-3.074453333333333
117.707,-23.058699999999998,53.9972,0.7713885714285714,-3.0744933333333333
117.758,-23.059,53.9972,0.7713885714285714,-3.0745333333333336
117.811,-23.0596,53.9972,0.7713885714285714,-3.074613333333333
117.862,-23.060200000000002,53.9972,0.7713885714285714,-3.0746933333333337
117.914,-23.060775,53.9972,0.7713885714285714,-3.07477
117.965,-23.061349999999997,53.9972,0.7713885714285714,-3.0748466666666663
118.017,-23.06155,53.9972,0.7713885714285714,-3.0748733333333336
118.07,-23.06175,53.9972,0.7713885714285714,-3.0749
118.121,-23.06175,53.9972,0.7713885714285714,-3.0749
118.173,-23.06175,53.9972,0.7713885714285714,-3.0749
118.224,-23.061625,53.9972,0.7713885714285714,-3.074883333333333
118.276,-23.061500000000002,53.9972,0.7713885714285714,-3.074866666666667
118.329,-23.061825,53.9972,0.7713885714285714,-3.07491
118.38,-23.06215,53.9972,0.7713885714285714,-3.074953333333333
118.432,-23.0624,53.9972,0.7713885714285714,-3.0749866666666668
118.483,-23.062649999999998,53.9972,0.7713885714285714,-3.07502
118.536,-23.062875,53.9972,0.7713885714285714,-3.0750499999999996
118.587,-23.0631,53.9972,0.7713885714285714,-3.07508
118.639,-23.063200000000002,53.9972,0.7713885714285714,-3.0750933333333337
118.69,-23.063650000000003,53.9972,0.7713885714285714,-3.0751533333333336
118.742,-23.063775,53.9972,0.7713885714285714,-3.07517
118.794,-23.063325,53.9972,0.7713885714285714,-3.07511
118.846,-23.063025,53.9972,0.7713885714285714,-3.0750699999999997
118.898,-23.06275,53.9972,0.7713885714285714,-3.0750333333333333
118.949,-23.062925,53.9972,0.7713885714285714,-3.0750566666666668
119.001,-23.0634,53.9972,0.7713885714285714,-3.07512
119.053,-23.063475,53.9972,0.7713885714285714,-3.07513
119.105,-23.063775,53.9972,0.7713885714285714,-3.07517
119.156,-23.064025,53.9972,0.7713885714285714,-3.0752033333333335
119.208,-23.0639,53.9972,0.7713885714285714,-3.0751866666666667
119.26,-23.063975,53.9972,0.7713885714285714,-3.0751966666666664
119.312,-23.0636,53.9972,0.7713885714285714,-3.075146666666667
119.363,-23.0631,53.9972,0.7713885714285714,-3.07508
119.415,-23.062800000000003,53.9972,0.7713885714285714,-3.0750400000000004
119.466,-23.062375,53.9972,0.7713885714285714,-3.0749833333333334
119.519,-23.062525,53.9972,0.7713885714285714,-3.0750033333333335
119.571,-23.06275,53.9972,0.7713885714285714,-3.0750333333333333
119.622,-23.0621,53.9972,0.7713885714285714,-3.074946666666667
119.674,-23.061725000000003,53.9972,0.7713885714285714,-3.074896666666667
119.725,-23.061275000000002,53.9972,0.7713885714285714,-3.074836666666667
119.778,-23.0608,53.9972,0.7713885714285714,-3.0747733333333334
119.83,-23.060624999999998,53.9972,0.7713885714285714,-3.07475
119.881,-23.0603,53.9972,0.7713885714285714,-3.0747066666666667
119.933,-23.060225,53.9972,0.7713885714285714,-3.0746966666666666
119.985,-23.059975,53.9972,0.7713885714285714,-3.0746633333333335
120.037,-23.060025,53.9972,0.7713885714285714,-3.07467
120.088,-23.0603,53.9972,0.7713885714285714,-3.0747066666666667
120.14,-23.0606,53.9972,0.7713885714285714,-3.074746666666667
120.191,-23.0608,53.9972,0.7713885714285714,-3.0747733333333334
120.244,-23.060624999999998,53.9972,0.7713885714285714,-3.07475
120.295,-23.06045,53.9972,0.7713885714285714,-3.0747266666666664
120.347,-23.05995,53.9972,0.7713885714285714,-3.07466
120.399,-23.059350000000002,53.9972,0.7713885714285714,-3.07458
120.45,-23.05895,53.9972,0.7713885714285714,-3.0745266666666664
120.503,-23.058725000000003,53.9972,0.7713885714285714,-3.074496666666667
120.554,-23.059075,53.9972,0.7713885714285714,-3.074543333333333
120.606,-23.059350000000002,53.9972,0.7713885714285714,-3.07458
120.658,-23.0592,53.9972,0.7713885714285714,-3.07456
120.709,-23.05905,53.9972,0.7713885714285714,-3.07454
120.762,-23.05865,53.9972,0.7713885714285714,-3.0744866666666666
120.813,-23.05825,53.9972,0.7713885714285714,-3.0744333333333334
120.865,-23.058275000000002,53.9972,0.7713885714285714,-3.0744366666666667
120.916,-23.0583,53.9972,0.7713885714285714,-3.07444
120.969,-23.058225,53.9972,0.7713885714285714,-3.07443
121.02,-23.05815,53.9972,0.7713885714285714,-3.0744200000000004
121.072,-23.0578,53.9972,0.7713885714285714,-3.0743733333333334
121.123,-23.05745,53.9972,0.7713885714285714,-3.0743266666666664
121.175,-23.05695,53.9972,0.7713885714285714,-3.07426
121.227,-23.05645,53.9972,0.7713885714285714,-3.0741933333333336
121.279,-23.05615,53.9972,0.7713885714285714,-3.0741533333333333
121.331,-23.05585,53.9972,0.7713885714285714,-3.0741133333333335
121.382,-23.056424999999997,53.9972,0.7713885714285714,-3.0741899999999998
121.434,-23.057,53.9972,0.7713885714285714,-3.0742666666666665
121.486,-23.05735,53.9972,0.7713885714285714,-3.0743133333333335
121.538,-23.0577,53.9972,0.7713885714285714,-3.07436
121.59,-23.0573,53.9972,0.7713885714285714,-3.0743066666666667
121.641,-23.0569,53.9972,0.7713885714285714,-3.074253333333333
121.694,-23.0574,53.9972,0.7713885714285714,-3.07432
121.745,-23.0579,53.9972,0.7713885714285714,-3.074386666666667
121.797,-23.05855,53.9972,0.7713885714285714,-3.074473333333333
121.848,-23.059199999999997,53.9972,0.7713885714285714,-3.0745599999999995
121.9,-23.059575000000002,53.9972,0.7713885714285714,-3.0746100000000003
121.952,-23.05995,53.9972,0.7713885714285714,-3.07466
122.004,-23.060225,53.9972,0.7713885714285714,-3.0746966666666666
122.055,-23.060499999999998,53.9972,0.7713885714285714,-3.074733333333333
122.107,-23.060650000000003,53.9972,0.7713885714285714,-3.0747533333333337
122.158,-23.0608,53.9972,0.7713885714285714,-3.0747733333333334
122.211,-23.060624999999998,53.9972,0.7713885714285714,-3.07475
122.263,-23.06045,53.9972,0.7713885714285714,-3.0747266666666664
122.314,-23.06025,53.9972,0.7713885714285714,-3.0747
122.366,-23.06005,53.9972,0.7713885714285714,-3.0746733333333336
122.419,-23.060525000000002,53.9972,0.7713885714285714,-3.074736666666667
122.47,-23.061,53.9972,0.7713885714285714,-3.0748
122.522,-23.061325,53.9972,0.7713885714285714,-3.0748433333333334
122.573,-23.06165,53.9972,0.7713885714285714,-3.0748866666666665
122.625,-23.06165,53.9972,0.7713885714285714,-3.0748866666666665
122.677,-23.06165,53.9972,0.7713885714285714,-3.0748866666666665
122.729,-23.06185,53.9972,0.7713885714285714,-3.0749133333333334
122.78,-23.06205,53.9972,0.7713885714285714,-3.07494
122.832,-23.062125,53.9972,0.7713885714285714,-3.0749500000000003
122.883,-23.0622,53.9972,0.7713885714285714,-3.07496
122.936,-23.062275,53.9972,0.7713885714285714,-3.07497
122.987,-23.062350000000002,53.9972,0.7713885714285714,-3.0749800000000005
123.039,-23.0622,53.9972,0.7713885714285714,-3.07496
123.091,-23.06205,53.9972,0.7713885714285714,-3.07494
123.143,-23.0619,53.9972,0.7713885714285714,-3.07492
123.195,-23.06175,53.9972,0.7713885714285714,-3.0749
123.246,-23.06155,53.9972,0.7713885714285714,-3.0748733333333336
123.298,-23.061349999999997,53.9972,0.7713885714285714,-3.0748466666666663
123.35,-23.061500000000002,53.9972,0.7713885714285714,-3.074866666666667
123.402,-23.06165,53.9972,0.7713885714285714,-3.0748866666666665
123.454,-23.061474999999998,53.9972,0.7713885714285714,-3.074863333333333
123.505,-23.0613,53.9972,0.7713885714285714,-3.07484
123.557,-23.061175,53.9972,0.7713885714285714,-3.0748233333333332
123.608,-23.06105,53.9972,0.7713885714285714,-3.074806666666667
123.661,-23.0613,53.9972,0.7713885714285714,-3.07484
123.712,-23.06155,53.9972,0.7713885714285714,-3.0748733333333336
123.764,-23.061875,53.9972,0.7713885714285714,-3.0749166666666667
123.815,-23.0622,53.9972,0.7713885714285714,-3.07496
123.868,-23.06205,53.9972,0.7713885714285714,-3.07494
123.919,-23.0619,53.9972,0.7713885714285714,-3.07492
123.971,-23.061375,53.9972,0.7713885714285714,-3.07485
124.023,-23.06085,53.9972,0.7713885714285714,-3.0747799999999996
124.074,-23.060525000000002,53.9972,0.7713885714285714,-3.074736666666667
124.127,-23.060200000000002,53.9972,0.7713885714285714,-3.0746933333333337
124.179,-23.059575000000002,53.9972,0.7713885714285714,-3.0746100000000003
124.23,-23.05895,53.9972,0.7713885714285714,-3.0745266666666664
124.282,-23.058474999999998,53.9972,0.7713885714285714,-3.074463333333333
124.333,-23.058,53.9972,0.7713885714285714,-3.0744
124.386,-23.058625,53.9972,0.7713885714285714,-3.0744833333333332
124.437,-23.05925,53.9972,0.7713885714285714,-3.0745666666666667
124.489,-23.059575000000002,53.9972,0.7713885714285714,-3.0746100000000003
124.54,-23.0599,53.9972,0.7713885714285714,-3.074653333333333
124.593,-23.060225,53.9972,0.7713885714285714,-3.0746966666666666
124.644,-23.06055,53.9972,0.7713885714285714,-3.07474
124.696,-23.060375,53.9972,0.7713885714285714,-3.0747166666666668
124.747,-23.060200000000002,53.9972,0.7713885714285714,-3.0746933333333337
124.799,-23.05985,53.9972,0.7713885714285714,-3.0746466666666667
124.852,-23.0595,53.9972,0.7713885714285714,-3.0745999999999998
124.903,-23.059575000000002,53.9972,0.7713885714285714,-3.0746100000000003
124.955,-23.059649999999998,53.9972,0.7713885714285714,-3.07462
125.006,-23.06005,53.9972,0.7713885714285714,-3.0746733333333336
125.058,-23.06045,53.9972,0.7713885714285714,-3.0747266666666664
125.111,-23.061025,53.9972,0.7713885714285714,-3.0748033333333336
125.162,-23.0616,53.9972,0.7713885714285714,-3.07488
125.214,-23.0623,53.9972,0.7713885714285714,-3.0749733333333333
