Time (s),Force (N),Displacement (mm),Strain,Stress (MPa)
0.701,-1.7605333333333333,0.10194,0.003398,-6.70679365079365
0.751,-1.7598666666666667,0.11640666666666667,0.0038802222222222224,-6.704253968253968
0.801,-1.7602666666666666,0.13087333333333334,0.004362444444444445,-6.705777777777778
0.851,-1.7615333333333332,0.14534666666666668,0.004844888888888889,-6.710603174603174
0.901,-1.7628,0.15981333333333334,0.0053271111111111115,-6.71542857142857
0.951,-1.7641333333333333,0.17428,0.005809333333333333,-6.7205079365079365
1.001,-1.7654666666666665,0.18872,0.006290666666666667,-6.725587301587301
1.051,-1.7664,0.20315333333333332,0.006771777777777778,-6.729142857142857
1.101,-1.7673333333333332,0.21758666666666668,0.0072528888888888894,-6.7326984126984115
1.151,-1.768,0.23206000000000002,0.007735333333333334,-6.735238095238095
1.201,-1.7686666666666668,0.24652666666666667,0.008217555555555556,-6.7377777777777785
1.251,-1.769,0.26099333333333335,0.008699777777777778,-6.739047619047619
1.301,-1.7693333333333332,0.2754333333333333,0.00918111111111111,-6.74031746031746
1.351,-1.7702666666666667,0.28986666666666666,0.009662222222222221,-6.743873015873016
1.401,-1.7711999999999999,0.30430666666666667,0.010143555555555555,-6.74742857142857
1.451,-1.7720666666666667,0.31877333333333335,0.010625777777777779,-6.750730158730159
1.501,-1.7720666666666667,0.33324,0.011108,-6.750730158730159
1.552,-1.7717333333333334,0.3477133333333333,0.011590444444444443,-6.749460317460318
1.602,-1.7708666666666666,0.36218000000000006,0.012072666666666669,-6.746158730158729
1.652,-1.77,0.3766466666666667,0.01255488888888889,-6.742857142857143
1.702,-1.7696666666666665,0.39112,0.013037333333333335,-6.741587301587301
1.752,-1.7693333333333332,0.40562,0.013520666666666665,-6.74031746031746
1.802,-1.7691333333333332,0.42012,0.014003999999999999,-6.739555555555555
1.852,-1.7689333333333332,0.43459333333333333,0.014486444444444444,-6.73879365079365
1.902,-1.7681333333333333,0.44906,0.014968666666666667,-6.735746031746031
1.952,-1.7673333333333332,0.4635266666666667,0.01545088888888889,-6.7326984126984115
2.002,-1.7664666666666666,0.478,0.015933333333333334,-6.729396825396825
2.052,-1.7655999999999998,0.4925,0.016416666666666666,-6.726095238095237
2.102,-1.7647333333333333,0.507,0.016900000000000002,-6.72279365079365
2.152,-1.7638666666666665,0.5214666666666666,0.017382222222222223,-6.719492063492062
2.202,-1.7627333333333333,0.5359333333333333,0.017864444444444443,-6.715174603174603
2.252,-1.7626666666666666,0.5504066666666667,0.018346888888888892,-6.7149206349206345
2.302,-1.7626,0.5648733333333333,0.018829111111111112,-6.714666666666666
2.352,-1.7616666666666667,0.5793400000000001,0.019311333333333337,-6.711111111111111
2.402,-1.7607333333333333,0.5938133333333333,0.019793777777777778,-6.707555555555555
2.452,-1.7598666666666667,0.6082466666666666,0.020274888888888887,-6.704253968253968
2.502,-1.759,0.62268,0.020756,-6.70095238095238
2.552,-1.7593333333333334,0.63712,0.021237333333333334,-6.702222222222222
2.602,-1.7596666666666667,0.6515866666666666,0.021719555555555554,-6.703492063492063
2.652,-1.7604666666666666,0.6660533333333334,0.02220177777777778,-6.706539682539682
2.702,-1.7612666666666668,0.6805266666666667,0.022684222222222224,-6.709587301587302
2.752,-1.7615333333333332,0.69496,0.023165333333333333,-6.710603174603174
2.802,-1.7618,0.7094,0.023646666666666667,-6.711619047619047
2.852,-1.7612666666666668,0.7238399999999999,0.024127999999999997,-6.709587301587302
2.902,-1.7607333333333333,0.7383066666666667,0.02461022222222222,-6.707555555555555
2.952,-1.7604,0.75278,0.025092666666666666,-6.7062857142857135
3.003,-1.7597333333333334,0.7672466666666667,0.02557488888888889,-6.703746031746031
3.053,-1.7590666666666666,0.7817133333333334,0.02605711111111111,-6.701206349206348
3.103,-1.7591333333333334,0.7961866666666667,0.026539555555555556,-6.701460317460318
3.153,-1.7591999999999999,0.8106533333333333,0.027021777777777777,-6.701714285714285
3.203,-1.7587333333333333,0.8251533333333333,0.02750511111111111,-6.699936507936507
3.253,-1.7582666666666666,0.8396600000000001,0.02798866666666667,-6.69815873015873
3.303,-1.7563333333333333,0.8541266666666666,0.028470888888888886,-6.69079365079365
3.353,-1.7544,0.8685933333333333,0.02895311111111111,-6.683428571428571
3.403,-1.7522666666666666,0.8830666666666667,0.029435555555555555,-6.675301587301587
3.453,-1.7501333333333333,0.8975333333333334,0.02991777777777778,-6.667174603174603
3.503,-1.7485333333333335,0.9120333333333334,0.03040111111111111,-6.661079365079366
3.553,-1.7469333333333334,0.9265333333333333,0.030884444444444444,-6.654984126984127
3.603,-1.7457333333333334,0.9410000000000001,0.03136666666666667,-6.6504126984126986
3.653,-1.7445333333333333,0.9554733333333334,0.03184911111111111,-6.645841269841269
3.703,-1.7433333333333334,0.96994,0.03233133333333334,-6.641269841269842
3.753,-1.7425333333333335,0.9844066666666667,0.032813555555555554,-6.638222222222223
3.803,-1.7417333333333334,0.99888,0.033296,-6.635174603174603
3.853,-1.7410666666666665,1.0133466666666666,0.03377822222222222,-6.63263492063492
3.903,-1.7404000000000002,1.0277800000000001,0.034259333333333336,-6.6300952380952385
3.953,-1.7396,1.04222,0.03474066666666666,-6.627047619047619
4.003,-1.7388000000000001,1.0566533333333334,0.03522177777777778,-6.6240000000000006
4.053,-1.7378666666666667,1.07112,0.035704,-6.620444444444444
4.103,-1.7369333333333334,1.0855933333333332,0.03618644444444444,-6.616888888888889
4.153,-1.7360666666666666,1.10006,0.03666866666666667,-6.613587301587301
4.203,-1.7351999999999999,1.1145,0.03715,-6.610285714285713
4.253,-1.7349999999999999,1.12894,0.037631333333333336,-6.609523809523809
4.303,-1.7348,1.1433733333333334,0.03811244444444444,-6.608761904761904
4.353,-1.7353999999999998,1.1578466666666667,0.03859488888888889,-6.611047619047618
4.403,-1.7356666666666667,1.1723133333333335,0.03907711111111112,-6.612063492063492
4.453,-1.736,1.1867533333333333,0.039558444444444445,-6.613333333333333
4.503,-1.7351999999999999,1.2011933333333333,0.04003977777777778,-6.610285714285713
4.553,-1.7344000000000002,1.2156266666666666,0.04052088888888889,-6.607238095238095
4.603,-1.7334666666666665,1.2300600000000002,0.041002000000000004,-6.603682539682539
4.653,-1.7325333333333333,1.2445333333333333,0.04148444444444444,-6.600126984126984
4.703,-1.7320666666666669,1.2590000000000001,0.04196666666666667,-6.598349206349207
4.753,-1.7316,1.2734400000000001,0.04244800000000001,-6.596571428571428
4.803,-1.7316,1.2878800000000001,0.04292933333333334,-6.596571428571428
4.853,-1.7316,1.3023133333333334,0.043410444444444446,-6.596571428571428
4.903,-1.7320666666666669,1.3167533333333334,0.04389177777777778,-6.598349206349207
4.953,-1.7325333333333333,1.3312199999999998,0.044374,-6.600126984126984
5.003,-1.7324,1.3456866666666667,0.04485622222222222,-6.599619047619047
5.053,-1.7322666666666668,1.3601266666666667,0.045337555555555555,-6.599111111111111
5.103,-1.7311333333333332,1.37456,0.04581866666666667,-6.59479365079365
5.153,-1.7306,1.389,0.0463,-6.592761904761904
5.203,-1.7300666666666666,1.4034666666666666,0.04678222222222222,-6.5907301587301585
5.253,-1.7302666666666666,1.4179333333333335,0.04726444444444445,-6.591492063492063
5.303,-1.7304666666666668,1.4324000000000001,0.04774666666666667,-6.592253968253969
5.353,-1.7303333333333335,1.4468400000000001,0.04822800000000001,-6.591746031746032
5.403,-1.7302,1.4612733333333334,0.04870911111111111,-6.5912380952380945
5.453,-1.7299333333333335,1.4757133333333334,0.049190444444444446,-6.590222222222223
5.503,-1.7296666666666667,1.4901799999999998,0.049672666666666664,-6.589206349206349
5.553,-1.7293999999999998,1.5046466666666667,0.05015488888888889,-6.5881904761904755
5.603,-1.7291333333333334,1.51912,0.05063733333333333,-6.587174603174603
5.653,-1.7284000000000002,1.5335533333333333,0.051118444444444446,-6.584380952380953
5.703,-1.7276666666666667,1.5479933333333333,0.05159977777777778,-6.581587301587302
5.753,-1.7266000000000001,1.5624333333333333,0.05208111111111111,-6.57752380952381
5.803,-1.7255333333333334,1.5769,0.05256333333333333,-6.5734603174603174
5.853,-1.7243333333333335,1.5913733333333333,0.053045777777777775,-6.568888888888889
5.904,-1.7227333333333334,1.6058400000000002,0.053528000000000006,-6.562793650793651
5.954,-1.7211333333333334,1.6203066666666668,0.05401022222222222,-6.556698412698412
6.004,-1.7204666666666666,1.6347733333333332,0.05449244444444444,-6.554158730158729
6.054,-1.7198,1.6492466666666667,0.05497488888888889,-6.551619047619047
6.104,-1.7200666666666669,1.6637466666666667,0.05545822222222222,-6.5526349206349215
6.154,-1.7203333333333333,1.6782466666666667,0.05594155555555556,-6.553650793650793
6.204,-1.7204000000000002,1.6927133333333333,0.056423777777777774,-6.553904761904763
6.254,-1.7204666666666668,1.7071800000000001,0.056906000000000005,-6.55415873015873
6.304,-1.7202666666666668,1.7216533333333333,0.05738844444444444,-6.553396825396826
6.354,-1.7200666666666669,1.7361199999999999,0.05787066666666666,-6.5526349206349215
6.404,-1.7185333333333335,1.75062,0.058354,-6.546793650793651
6.454,-1.717,1.76512,0.05883733333333333,-6.540952380952381
6.504,-1.7154,1.7795866666666667,0.059319555555555556,-6.534857142857143
6.554,-1.7138,1.7940600000000002,0.05980200000000001,-6.528761904761905
6.604,-1.7128,1.8085266666666666,0.06028422222222222,-6.524952380952381
6.654,-1.7120666666666666,1.8229933333333332,0.06076644444444444,-6.52215873015873
6.704,-1.7113333333333334,1.83746,0.06124866666666667,-6.5193650793650795
6.754,-1.7106,1.8519333333333334,0.06173111111111111,-6.516571428571428
6.804,-1.7098666666666666,1.8663666666666667,0.062212222222222224,-6.5137777777777774
6.854,-1.7085333333333332,1.8808066666666667,0.06269355555555556,-6.508698412698412
6.904,-1.7072,1.8952466666666665,0.06317488888888888,-6.503619047619048
6.954,-1.7047333333333334,1.9097133333333334,0.06365711111111111,-6.494222222222223
7.004,-1.7022666666666666,1.9241866666666667,0.06413955555555556,-6.484825396825396
7.054,-1.7,1.9386533333333333,0.06462177777777778,-6.476190476190475
7.104,-1.6977333333333333,1.9530933333333331,0.0651031111111111,-6.467555555555555
7.154,-1.6967999999999999,1.9675333333333334,0.06558444444444445,-6.4639999999999995
7.204,-1.6958666666666666,1.9819666666666669,0.06606555555555556,-6.460444444444444
7.254,-1.6956666666666667,1.99644,0.066548,-6.4596825396825395
7.304,-1.6963333333333332,2.0109066666666666,0.06703022222222223,-6.462222222222222
7.355,-1.6968666666666665,2.0253733333333335,0.06751244444444444,-6.464253968253967
7.405,-1.6967999999999999,2.03984,0.06799466666666666,-6.4639999999999995
7.455,-1.6967333333333334,2.0543133333333334,0.06847711111111111,-6.463746031746032
7.505,-1.6957333333333333,2.06878,0.06895933333333333,-6.459936507936508
7.555,-1.6947333333333332,2.0832800000000002,0.06944266666666668,-6.456126984126984
7.605,-1.6944000000000001,2.0977799999999998,0.06992599999999999,-6.4548571428571435
7.655,-1.6940666666666668,2.1122466666666666,0.07040822222222222,-6.4535873015873015
7.705,-1.6952,2.12672,0.07089066666666667,-6.457904761904762
7.755,-1.6963333333333332,2.141186666666667,0.0713728888888889,-6.462222222222222
7.805,-1.6972,2.1556533333333334,0.07185511111111112,-6.465523809523809
7.855,-1.6980666666666666,2.1701533333333334,0.07233844444444444,-6.468825396825396
7.905,-1.6983333333333335,2.184653333333334,0.07282177777777779,-6.46984126984127
7.955,-1.6985999999999999,2.1991266666666665,0.07330422222222222,-6.470857142857142
8.005,-1.699,2.2135933333333333,0.07378644444444445,-6.472380952380952
8.055,-1.6985333333333335,2.22806,0.07426866666666668,-6.470603174603175
8.105,-1.6980666666666666,2.2425333333333333,0.07475111111111112,-6.468825396825396
8.155,-1.6981333333333335,2.257006666666667,0.07523355555555557,-6.469079365079366
8.205,-1.6982,2.2714733333333332,0.07571577777777777,-6.469333333333333
8.255,-1.6987333333333334,2.2859133333333332,0.0761971111111111,-6.471365079365079
8.305,-1.6992666666666667,2.3003533333333333,0.07667844444444444,-6.473396825396826
8.355,-1.6987333333333334,2.314786666666667,0.07715955555555556,-6.471365079365079
8.405,-1.6982,2.3292599999999997,0.07764199999999999,-6.469333333333333
8.455,-1.6970666666666667,2.343726666666667,0.07812422222222223,-6.465015873015873
8.505,-1.6959333333333333,2.3581933333333334,0.07860644444444445,-6.460698412698412
8.555,-1.6952,2.3726333333333334,0.07908777777777778,-6.457904761904762
8.605,-1.6944666666666668,2.3870666666666667,0.07956888888888888,-6.455111111111111
8.655,-1.6944666666666668,2.4015066666666667,0.08005022222222222,-6.455111111111111
8.705,-1.6944666666666668,2.415973333333333,0.08053244444444443,-6.455111111111111
8.755,-1.6939333333333333,2.43044,0.08101466666666667,-6.453079365079365
8.805,-1.6927999999999999,2.44488,0.081496,-6.448761904761904
8.855,-1.6916666666666667,2.4593133333333332,0.08197711111111111,-6.444444444444444
8.905,-1.6909333333333334,2.4737466666666665,0.08245822222222222,-6.441650793650794
8.955,-1.6902000000000001,2.4881866666666665,0.08293955555555556,-6.4388571428571435
9.005,-1.6888666666666667,2.5026533333333334,0.08342177777777778,-6.433777777777777
9.055,-1.6875333333333333,2.51712,0.08390399999999999,-6.428698412698412
9.105,-1.6864,2.53156,0.08438533333333333,-6.424380952380952
9.155,-1.6852666666666667,2.5459933333333336,0.08486644444444445,-6.420063492063492
9.205,-1.6848666666666667,2.5604333333333336,0.08534777777777779,-6.4185396825396825
9.255,-1.6844666666666666,2.5748733333333336,0.08582911111111112,-6.417015873015872
9.305,-1.6844,2.58934,0.08631133333333334,-6.416761904761904
9.355,-1.6843333333333335,2.6038133333333335,0.08679377777777779,-6.416507936507937
9.405,-1.6842,2.6182466666666664,0.08727488888888887,-6.4159999999999995
9.455,-1.6840666666666666,2.63268,0.087756,-6.415492063492063
9.505,-1.684,2.64712,0.08823733333333333,-6.415238095238095
9.555,-1.6845333333333334,2.6615866666666665,0.08871955555555555,-6.4172698412698415
9.605,-1.6850666666666667,2.6760533333333334,0.08920177777777778,-6.419301587301587
9.655,-1.6852666666666667,2.6905266666666665,0.08968422222222222,-6.420063492063492
9.705,-1.6854666666666667,2.70496,0.09016533333333333,-6.420825396825396
9.755,-1.6860666666666666,2.7194,0.09064666666666667,-6.423111111111111
9.805,-1.6866666666666668,2.73384,0.091128,-6.425396825396826
9.855,-1.6872666666666667,2.7483066666666662,0.0916102222222222,-6.427682539682539
9.905,-1.6878666666666666,2.76278,0.09209266666666666,-6.429968253968253
9.955,-1.6880666666666666,2.777246666666666,0.09257488888888887,-6.430730158730158
10.005,-1.6882666666666666,2.791686666666666,0.0930562222222222,-6.431492063492063
10.055,-1.6884666666666666,2.8061266666666667,0.09353755555555555,-6.432253968253968
10.105,-1.6886666666666665,2.82056,0.09401866666666667,-6.433015873015872
10.155,-1.6886,2.8350333333333335,0.09450111111111112,-6.432761904761905
10.205,-1.6882,2.849506666666667,0.09498355555555557,-6.431238095238094
10.256,-1.6881333333333333,2.8639733333333335,0.09546577777777779,-6.430984126984127
10.306,-1.6883333333333332,2.87844,0.09594799999999999,-6.431746031746031
10.356,-1.6885333333333332,2.8929133333333334,0.09643044444444444,-6.432507936507935
10.406,-1.6890666666666665,2.9073800000000003,0.09691266666666667,-6.434539682539682
10.456,-1.6896,2.9218800000000003,0.09739600000000001,-6.436571428571428
10.506,-1.6898000000000002,2.93638,0.09787933333333335,-6.437333333333334
10.556,-1.6900000000000002,2.9508466666666666,0.09836155555555555,-6.438095238095238
10.606,-1.6899333333333333,2.9653199999999997,0.09884399999999999,-6.437841269841269
10.656,-1.6898666666666666,2.979786666666667,0.09932622222222223,-6.4375873015873015
10.706,-1.6898666666666666,2.9942533333333334,0.09980844444444445,-6.4375873015873015
10.756,-1.6898666666666666,3.0087533333333334,0.10029177777777779,-6.4375873015873015
10.806,-1.6898666666666666,3.0232533333333333,0.10077511111111111,-6.4375873015873015
10.856,-1.6898666666666666,3.03772,0.10125733333333334,-6.4375873015873015
10.906,-1.6901333333333333,3.0521866666666666,0.10173955555555556,-6.438603174603174
10.956,-1.6904000000000001,3.0666533333333335,0.10222177777777779,-6.439619047619048
11.006,-1.6906666666666665,3.08112,0.10270399999999999,-6.44063492063492
11.056,-1.6904666666666666,3.0955933333333334,0.10318644444444444,-6.439873015873015
11.106,-1.6902666666666666,3.11006,0.10366866666666666,-6.43911111111111
11.156,-1.6894,3.1245,0.10414999999999999,-6.435809523809524
11.206,-1.6885333333333332,3.13894,0.10463133333333333,-6.432507936507935
11.256,-1.6884000000000001,3.1533733333333336,0.10511244444444445,-6.432
11.306,-1.6882666666666668,3.1678466666666667,0.10559488888888889,-6.431492063492064
11.356,-1.6891333333333334,3.1823133333333335,0.10607711111111112,-6.434793650793651
11.406,-1.6900000000000002,3.19678,0.10655933333333333,-6.438095238095238
11.456,-1.6902000000000001,3.21122,0.10704066666666666,-6.4388571428571435
11.506,-1.6904000000000001,3.2256533333333333,0.10752177777777777,-6.439619047619048
11.556,-1.6893333333333334,3.2400933333333333,0.1080031111111111,-6.435555555555555
11.606,-1.6882666666666668,3.254566666666667,0.10848555555555556,-6.431492063492064
11.656,-1.6873333333333334,3.2690333333333332,0.10896777777777777,-6.427936507936508
11.707,-1.6870666666666667,3.2834999999999996,0.10944999999999999,-6.426920634920635
11.757,-1.6868,3.297973333333333,0.10993244444444444,-6.425904761904762
11.807,-1.6862,3.31244,0.11041466666666667,-6.423619047619047
11.857,-1.6856,3.3269066666666665,0.11089688888888888,-6.421333333333333
11.907,-1.6857333333333335,3.3414066666666664,0.11138022222222221,-6.42184126984127
11.957,-1.6858666666666666,3.355906666666667,0.11186355555555556,-6.422349206349206
12.007,-1.6861333333333335,3.37038,0.112346,-6.423365079365079
12.057,-1.6864,3.384846666666667,0.11282822222222223,-6.424380952380952
12.107,-1.6855333333333333,3.399313333333333,0.11331044444444444,-6.421079365079365
12.157,-1.6846666666666665,3.4137866666666667,0.11379288888888889,-6.417777777777777
12.207,-1.6839333333333333,3.4282866666666667,0.11427622222222222,-6.414984126984127
12.257,-1.6832,3.442786666666666,0.11475955555555555,-6.412190476190476
12.307,-1.6828,3.4572533333333335,0.11524177777777779,-6.410666666666667
12.357,-1.6829333333333334,3.47172,0.115724,-6.4111746031746035
12.407,-1.6828666666666667,3.4861866666666668,0.11620622222222222,-6.410920634920635
12.457,-1.6822666666666668,3.5006600000000003,0.11668866666666668,-6.4086349206349205
12.507,-1.6816666666666669,3.5151266666666667,0.1171708888888889,-6.406349206349207
12.557,-1.6816,3.529593333333333,0.11765311111111111,-6.406095238095237
12.607,-1.6815333333333333,3.544033333333333,0.11813444444444444,-6.40584126984127
12.657,-1.6812666666666667,3.558466666666667,0.11861555555555556,-6.404825396825396
12.707,-1.681,3.572906666666667,0.11909688888888889,-6.403809523809524
12.757,-1.6802666666666668,3.5873733333333333,0.11957911111111111,-6.401015873015873
12.807,-1.6795333333333333,3.60184,0.12006133333333334,-6.398222222222222
12.857,-1.6794,3.6163133333333333,0.12054377777777778,-6.397714285714286
12.907,-1.6792666666666667,3.6307466666666666,0.12102488888888889,-6.397206349206349
12.957,-1.6794666666666667,3.6451800000000003,0.12150600000000002,-6.397968253968254
13.007,-1.6796666666666666,3.65962,0.12198733333333332,-6.398730158730158
13.057,-1.6802666666666668,3.6740866666666667,0.12246955555555555,-6.401015873015873
13.107,-1.6796666666666666,3.688553333333333,0.12295177777777777,-6.398730158730158
13.157,-1.6790666666666667,3.702993333333333,0.1234331111111111,-6.396444444444445
13.207,-1.6790666666666667,3.717426666666667,0.12391422222222223,-6.396444444444445
13.257,-1.6790666666666667,3.731866666666667,0.12439555555555556,-6.396444444444445
13.307,-1.679533333333333,3.746306666666667,0.1248768888888889,-6.398222222222221
13.357,-1.68,3.7607733333333333,0.12535911111111112,-6.3999999999999995
13.407,-1.6801333333333333,3.775246666666667,0.12584155555555557,-6.400507936507936
13.457,-1.6802666666666668,3.7896799999999997,0.12632266666666667,-6.401015873015873
13.507,-1.6802666666666668,3.8041199999999997,0.126804,-6.401015873015873
13.557,-1.6802666666666668,3.8185599999999997,0.12728533333333333,-6.401015873015873
13.607,-1.6800666666666666,3.8329933333333335,0.12776644444444446,-6.400253968253968
13.657,-1.6798666666666666,3.847466666666667,0.1282488888888889,-6.399492063492063
13.707,-1.6796666666666666,3.8619399999999997,0.12873133333333334,-6.398730158730158
13.757,-1.6794666666666667,3.8763733333333334,0.12921244444444444,-6.397968253968254
13.807,-1.6792,3.8908133333333335,0.12969377777777777,-6.3969523809523805
13.857,-1.6794666666666667,3.9052533333333335,0.1301751111111111,-6.397968253968254
13.907,-1.6797333333333335,3.91972,0.13065733333333332,-6.398984126984128
13.957,-1.68,3.9341933333333334,0.13113977777777777,-6.3999999999999995
14.007,-1.6802666666666668,3.94866,0.131622,-6.401015873015873
14.057,-1.6801333333333333,3.9631,0.13210333333333332,-6.400507936507936
14.107,-1.68,3.97754,0.13258466666666666,-6.3999999999999995
14.157,-1.6793333333333333,3.991973333333333,0.13306577777777778,-6.397460317460317
14.207,-1.6786666666666668,4.006446666666666,0.1335482222222222,-6.394920634920635
14.257,-1.6782000000000001,4.020913333333334,0.13403044444444445,-6.393142857142857
14.307,-1.6777333333333333,4.03538,0.13451266666666667,-6.391365079365079
14.357,-1.6776000000000002,4.04982,0.134994,-6.3908571428571435
14.407,-1.6774666666666667,4.064253333333333,0.1354751111111111,-6.390349206349206
14.457,-1.6772,4.078686666666667,0.13595622222222223,-6.389333333333333
14.507,-1.6769333333333334,4.09316,0.13643866666666668,-6.38831746031746
14.557,-1.6762666666666666,4.1076266666666665,0.1369208888888889,-6.385777777777777
14.608,-1.6752,4.122093333333334,0.13740311111111111,-6.381714285714286
14.658,-1.6741333333333335,4.136566666666667,0.13788555555555557,-6.377650793650794
14.708,-1.6728666666666667,4.151033333333333,0.13836777777777778,-6.372825396825397
14.758,-1.6716000000000002,4.1655,0.13885,-6.368
14.808,-1.6700000000000002,4.180000000000001,0.13933333333333336,-6.361904761904762
14.858,-1.6683999999999999,4.194500000000001,0.13981666666666667,-6.355809523809523
14.908,-1.6673333333333333,4.208973333333334,0.14029911111111112,-6.351746031746032
14.958,-1.6662666666666666,4.22344,0.14078133333333334,-6.347682539682539
15.008,-1.6652,4.2379066666666665,0.14126355555555556,-6.343619047619048
15.058,-1.6641333333333332,4.252373333333334,0.1417457777777778,-6.339555555555555
15.108,-1.6626,4.266873333333334,0.1422291111111111,-6.333714285714286
15.158,-1.6610666666666667,4.281373333333334,0.14271244444444445,-6.327873015873016
15.208,-1.6603333333333334,4.295846666666667,0.1431948888888889,-6.3250793650793655
15.258,-1.66,4.310313333333334,0.14367711111111114,-6.3238095238095235
15.308,-1.6602666666666666,4.3247800000000005,0.14415933333333336,-6.324825396825396
15.358,-1.6603999999999999,4.339253333333334,0.14464177777777779,-6.325333333333333
15.408,-1.6605333333333334,4.35372,0.145124,-6.32584126984127
15.458,-1.6607333333333334,4.368186666666667,0.14560622222222225,-6.326603174603175
15.508,-1.6609333333333332,4.382626666666667,0.14608755555555555,-6.327365079365078
15.558,-1.6612,4.39706,0.14656866666666665,-6.328380952380952
15.608,-1.6614666666666666,4.4115,0.14705000000000001,-6.329396825396825
15.658,-1.6614,4.425966666666667,0.14753222222222223,-6.329142857142857
15.708,-1.661333333333333,4.440433333333333,0.14801444444444442,-6.328888888888888
15.758,-1.6612666666666667,4.454906666666667,0.1484968888888889,-6.32863492063492
15.808,-1.6612,4.469346666666667,0.1489782222222222,-6.328380952380952
15.858,-1.6616666666666666,4.483779999999999,0.1494593333333333,-6.33015873015873
15.908,-1.6621333333333332,4.49822,0.14994066666666667,-6.331936507936508
15.958,-1.6621333333333332,4.512686666666667,0.1504228888888889,-6.331936507936508
16.008,-1.6624666666666665,4.527153333333334,0.15090511111111113,-6.333206349206349
16.059,-1.6628,4.541626666666667,0.15138755555555555,-6.334476190476191
16.109,-1.6636666666666666,4.556093333333333,0.15186977777777777,-6.337777777777777
16.159,-1.6645333333333334,4.57056,0.15235200000000002,-6.3410793650793655
16.209,-1.6648666666666665,4.585033333333333,0.1528344444444444,-6.342349206349206
16.259,-1.6652,4.599533333333333,0.15331777777777775,-6.343619047619048
16.309,-1.6658666666666666,4.614033333333333,0.1538011111111111,-6.34615873015873
16.359,-1.6665333333333334,4.6285,0.15428333333333333,-6.348698412698413
16.409,-1.6672,4.642966666666666,0.15476555555555555,-6.351238095238095
16.459,-1.6678666666666666,4.657439999999999,0.15524799999999997,-6.353777777777777
16.509,-1.6685333333333332,4.671906666666667,0.15573022222222221,-6.3563174603174595
16.559,-1.6692,4.686406666666667,0.15621355555555555,-6.3588571428571425
16.609,-1.6694666666666669,4.700906666666667,0.15669688888888889,-6.359873015873016
16.659,-1.6697333333333333,4.715373333333333,0.1571791111111111,-6.360888888888889
16.709,-1.6700666666666668,4.729839999999999,0.15766133333333332,-6.362158730158731
16.759,-1.6696,4.744313333333333,0.15814377777777777,-6.360380952380952
16.809,-1.6691333333333334,4.75878,0.158626,-6.358603174603174
16.859,-1.6687333333333332,4.773246666666667,0.15910822222222223,-6.357079365079365
16.909,-1.6683333333333332,4.787719999999999,0.15959066666666663,-6.355555555555555
16.959,-1.668,4.802153333333334,0.16007177777777779,-6.354285714285714
17.009,-1.6676666666666666,4.8165933333333335,0.16055311111111112,-6.353015873015873
17.059,-1.6663999999999999,4.831033333333334,0.16103444444444445,-6.348190476190475
17.109,-1.6651333333333334,4.8455,0.16151666666666667,-6.343365079365079
17.159,-1.6637333333333333,4.859966666666667,0.1619988888888889,-6.338031746031746
17.209,-1.6623333333333332,4.874433333333333,0.1624811111111111,-6.332698412698412
17.259,-1.6614666666666666,4.888866666666667,0.16296222222222223,-6.329396825396825
17.309,-1.6605999999999999,4.9033066666666665,0.16344355555555554,-6.326095238095237
17.359,-1.6604666666666668,4.917746666666667,0.1639248888888889,-6.325587301587301
17.409,-1.6603333333333334,4.932213333333333,0.16440711111111111,-6.3250793650793655
17.459,-1.6594,4.9466866666666665,0.16488955555555554,-6.321523809523809
17.509,-1.6584,4.961119999999999,0.16537066666666664,-6.317714285714286
17.559,-1.6574,4.97556,0.165852,-6.3139047619047615
17.609,-1.6567333333333332,4.989999999999999,0.1663333333333333,-6.311365079365078
17.659,-1.6560666666666668,5.004433333333334,0.16681444444444446,-6.308825396825397
17.709,-1.6554666666666666,5.018906666666667,0.1672968888888889,-6.3065396825396824
17.759,-1.6548666666666667,5.0333733333333335,0.16777911111111113,-6.304253968253968
17.809,-1.6558666666666668,5.047806666666667,0.16826022222222223,-6.308063492063493
17.859,-1.6568666666666667,5.062246666666667,0.16874155555555556,-6.311873015873016
17.909,-1.6584666666666665,5.076686666666666,0.16922288888888887,-6.317968253968253
17.959,-1.6600666666666666,5.09112,0.169704,-6.324063492063491
18.009,-1.66,5.105593333333333,0.17018644444444445,-6.3238095238095235
18.059,-1.6599333333333335,5.12006,0.17066866666666666,-6.323555555555556
18.109,-1.6587333333333334,5.1345,0.17115,-6.318984126984127
18.159,-1.6580000000000001,5.14894,0.17163133333333333,-6.316190476190476
18.209,-1.6579333333333333,5.163373333333333,0.17211244444444446,-6.315936507936508
18.259,-1.6585333333333334,5.1778466666666665,0.17259488888888888,-6.318222222222222
18.309,-1.6591333333333333,5.192313333333333,0.1730771111111111,-6.320507936507936
18.359,-1.6585333333333334,5.206779999999999,0.17355933333333332,-6.318222222222222
18.409,-1.6579333333333333,5.22122,0.17404066666666665,-6.315936507936508
18.459,-1.6572,5.2356533333333335,0.17452177777777778,-6.313142857142857
18.509,-1.6564666666666665,5.250086666666666,0.17500288888888887,-6.310349206349206
18.559,-1.6552666666666667,5.26456,0.17548533333333335,-6.305777777777777
18.609,-1.6540666666666666,5.279026666666667,0.17596755555555557,-6.301206349206349
18.659,-1.6528666666666667,5.293493333333333,0.17644977777777776,-6.29663492063492
18.709,-1.6516666666666666,5.307933333333334,0.17693111111111112,-6.292063492063492
18.759,-1.6516,5.3223666666666665,0.17741222222222222,-6.2918095238095235
18.809,-1.6515333333333333,5.336806666666666,0.17789355555555553,-6.291555555555555
18.859,-1.6522000000000001,5.351273333333333,0.17837577777777777,-6.294095238095238
18.909,-1.6521333333333332,5.36574,0.178858,-6.293841269841269
18.96,-1.6520666666666666,5.380213333333333,0.17934044444444444,-6.293587301587301
19.01,-1.6510666666666665,5.394679999999999,0.17982266666666663,-6.289777777777776
19.06,-1.6500666666666668,5.409146666666667,0.1803048888888889,-6.285968253968254
19.11,-1.65,5.42362,0.18078733333333333,-6.285714285714285
19.16,-1.6499333333333333,5.43812,0.18127066666666666,-6.285460317460317
19.21,-1.65,5.45262,0.181754,-6.285714285714285
19.26,-1.6500666666666668,5.467093333333334,0.18223644444444445,-6.285968253968254
19.31,-1.6502666666666668,5.48156,0.18271866666666667,-6.286730158730159
19.36,-1.6504666666666667,5.496026666666666,0.18320088888888889,-6.2874920634920635
19.41,-1.6511333333333333,5.5104999999999995,0.1836833333333333,-6.290031746031746
19.46,-1.6518000000000002,5.525,0.18416666666666667,-6.292571428571429
19.51,-1.6523333333333334,5.5395,0.18465,-6.294603174603175
19.56,-1.6528666666666667,5.553966666666667,0.18513222222222223,-6.29663492063492
19.61,-1.6532000000000002,5.568433333333333,0.18561444444444444,-6.297904761904762
19.66,-1.6538666666666666,5.582906666666667,0.1860968888888889,-6.300444444444444
19.71,-1.6545333333333334,5.5973733333333335,0.1865791111111111,-6.302984126984127
19.76,-1.6551333333333331,5.61184,0.18706133333333333,-6.3052698412698405
19.81,-1.6557333333333333,5.626313333333333,0.18754377777777778,-6.307555555555555
19.86,-1.6564,5.640746666666667,0.18802488888888888,-6.310095238095238
19.91,-1.6570666666666667,5.65518,0.18850599999999998,-6.31263492063492
19.96,-1.6580000000000001,5.669619999999999,0.1889873333333333,-6.316190476190476
20.01,-1.6589333333333334,5.684086666666667,0.18946955555555559,-6.319746031746032
20.06,-1.6590666666666667,5.698553333333334,0.1899517777777778,-6.320253968253968
20.11,-1.6591999999999998,5.713026666666667,0.19043422222222223,-6.320761904761904
20.16,-1.6586,5.72746,0.19091533333333333,-6.318476190476191
20.21,-1.6580000000000001,5.7419,0.1913966666666667,-6.316190476190476
20.26,-1.6573333333333333,5.75634,0.191878,-6.313650793650793
20.31,-1.6566666666666667,5.770806666666667,0.19236022222222224,-6.311111111111111
20.36,-1.6566,5.78528,0.19284266666666666,-6.3108571428571425
20.411,-1.6560666666666668,5.799746666666667,0.19332488888888888,-6.308825396825397
20.461,-1.6555333333333333,5.814213333333333,0.1938071111111111,-6.306793650793651
20.511,-1.6554,5.828686666666667,0.19428955555555558,-6.306285714285714
20.561,-1.6552666666666667,5.843153333333333,0.1947717777777778,-6.305777777777777
20.611,-1.6552666666666667,5.857653333333333,0.1952551111111111,-6.305777777777777
20.661,-1.6552666666666667,5.872153333333333,0.19573844444444444,-6.305777777777777
20.711,-1.6550666666666667,5.88662,0.19622066666666665,-6.305015873015873
20.761,-1.6548666666666667,5.901086666666667,0.1967028888888889,-6.304253968253968
20.811,-1.6549333333333331,5.91556,0.19718533333333335,-6.304507936507935
20.861,-1.655,5.930026666666667,0.19766755555555554,-6.304761904761905
20.911,-1.6552,5.9445266666666665,0.19815088888888888,-6.305523809523809
20.961,-1.6554,5.959026666666667,0.19863422222222224,-6.306285714285714
21.011,-1.6563333333333332,5.973493333333334,0.19911644444444446,-6.309841269841269
21.061,-1.6567333333333332,5.987966666666667,0.1995988888888889,-6.311365079365078
21.111,-1.6566,6.002433333333333,0.2000811111111111,-6.3108571428571425
21.161,-1.6564666666666668,6.016900000000001,0.20056333333333334,-6.310349206349207
21.211,-1.6563333333333332,6.031373333333334,0.2010457777777778,-6.309841269841269
21.261,-1.6564,6.04584,0.201528,-6.310095238095238
21.311,-1.6564666666666668,6.060273333333333,0.2020091111111111,-6.310349206349207
21.361,-1.656,6.074713333333333,0.20249044444444445,-6.308571428571428
21.411,-1.6555333333333333,6.089153333333333,0.20297177777777778,-6.306793650793651
21.461,-1.6557333333333333,6.10362,0.203454,-6.307555555555555
21.511,-1.6559333333333333,6.118093333333333,0.20393644444444445,-6.308317460317459
21.561,-1.6567333333333332,6.13256,0.20441866666666667,-6.311365079365078
21.611,-1.6575333333333333,6.147,0.2049,-6.314412698412698
21.661,-1.6581333333333332,6.16144,0.20538133333333333,-6.316698412698412
21.711,-1.6587333333333334,6.175873333333333,0.20586244444444443,-6.318984126984127
21.761,-1.6582666666666666,6.190346666666667,0.20634488888888888,-6.317206349206349
21.811,-1.6584,6.204813333333333,0.2068271111111111,-6.317714285714286
21.861,-1.6585333333333334,6.219253333333333,0.20730844444444443,-6.318222222222222
21.911,-1.6586666666666665,6.233693333333333,0.20778977777777777,-6.318730158730158
21.961,-1.6588,6.248126666666667,0.2082708888888889,-6.319238095238095
22.011,-1.6586,6.262566666666667,0.20875222222222226,-6.318476190476191
22.061,-1.6584,6.2770399999999995,0.20923466666666665,-6.317714285714286
22.111,-1.6586666666666665,6.291506666666667,0.2097168888888889,-6.318730158730158
22.161,-1.6589333333333334,6.305946666666667,0.21019822222222223,-6.319746031746032
22.211,-1.6587999999999998,6.320386666666667,0.21067955555555556,-6.319238095238094
22.261,-1.6586666666666665,6.33482,0.21116066666666666,-6.318730158730158
22.311,-1.6576,6.34926,0.211642,-6.314666666666667
22.361,-1.6565333333333332,6.3637266666666665,0.21212422222222221,-6.310603174603174
22.411,-1.6556666666666666,6.378193333333333,0.21260644444444443,-6.307301587301587
22.461,-1.6548,6.392633333333333,0.2130877777777778,-6.304
22.511,-1.6546666666666667,6.407066666666666,0.21356888888888886,-6.3034920634920635
22.561,-1.6542666666666668,6.421506666666667,0.21405022222222223,-6.301968253968254
22.611,-1.6538666666666666,6.435973333333334,0.21453244444444447,-6.300444444444444
22.661,-1.6538,6.45044,0.2150146666666667,-6.300190476190476
22.711,-1.6537333333333335,6.464906666666667,0.2154968888888889,-6.299936507936509
22.761,-1.6543333333333334,6.47934,0.21597799999999998,-6.302222222222222
22.811,-1.6549333333333331,6.493773333333333,0.2164591111111111,-6.304507936507935
22.861,-1.6548666666666667,6.508213333333333,0.21694044444444444,-6.304253968253968
22.911,-1.6548,6.522679999999999,0.21742266666666665,-6.304
22.961,-1.6545333333333334,6.537146666666667,0.2179048888888889,-6.302984126984127
23.011,-1.6542666666666668,6.55162,0.21838733333333332,-6.301968253968254
23.061,-1.6542666666666668,6.5660533333333335,0.21886844444444445,-6.301968253968254
23.111,-1.6542666666666668,6.580493333333334,0.2193497777777778,-6.301968253968254
23.161,-1.6541333333333335,6.5949333333333335,0.21983111111111112,-6.301460317460318
23.211,-1.654,6.6094,0.22031333333333333,-6.30095238095238
23.261,-1.6537333333333335,6.623873333333334,0.22079577777777779,-6.299936507936509
23.312,-1.654,6.63834,0.221278,-6.30095238095238
23.362,-1.6542666666666668,6.652806666666667,0.22176022222222222,-6.301968253968254
23.412,-1.6547333333333334,6.667273333333333,0.22224244444444444,-6.303746031746032
23.462,-1.6552,6.681746666666667,0.22272488888888892,-6.305523809523809
23.512,-1.6556,6.696246666666667,0.22320822222222222,-6.307047619047618
23.562,-1.656,6.710746666666666,0.22369155555555553,-6.308571428571428
23.612,-1.6568,6.725213333333333,0.22417377777777775,-6.311619047619048
23.662,-1.6576,6.739680000000001,0.22465600000000002,-6.314666666666667
23.712,-1.6582000000000001,6.754153333333333,0.22513844444444445,-6.316952380952381
23.762,-1.6588,6.76862,0.22562066666666666,-6.319238095238095
23.812,-1.6586666666666665,6.78312,0.226104,-6.318730158730158
23.862,-1.6585333333333334,6.797619999999999,0.2265873333333333,-6.318222222222222
23.912,-1.6575333333333333,6.812086666666667,0.22706955555555555,-6.314412698412698
23.962,-1.6567333333333332,6.82656,0.227552,-6.311365079365078
24.012,-1.6556,6.841026666666666,0.2280342222222222,-6.307047619047618
24.062,-1.6541333333333335,6.8554933333333326,0.2285164444444444,-6.301460317460318
24.112,-1.6526666666666665,6.8699666666666666,0.2289988888888889,-6.295873015873015
24.162,-1.6512666666666667,6.88444,0.22948133333333331,-6.290539682539682
24.212,-1.6498666666666668,6.8988733333333325,0.2299624444444444,-6.28520634920635
24.262,-1.6484666666666667,6.913313333333333,0.23044377777777778,-6.279873015873016
24.312,-1.6470666666666667,6.927753333333333,0.2309251111111111,-6.274539682539682
24.362,-1.6456666666666666,6.942220000000001,0.23140733333333335,-6.269206349206349
24.412,-1.6442666666666665,6.956693333333333,0.23188977777777778,-6.263873015873015
24.462,-1.6430666666666667,6.971159999999999,0.23237199999999997,-6.259301587301587
24.512,-1.6418666666666666,6.9856,0.23285333333333333,-6.254730158730158
24.562,-1.6416666666666666,7.000039999999999,0.23333466666666663,-6.253968253968253
24.612,-1.6414666666666666,7.014473333333333,0.23381577777777776,-6.253206349206349
24.662,-1.6423999999999999,7.028946666666667,0.23429822222222224,-6.256761904761904
24.712,-1.6437333333333333,7.0434133333333335,0.23478044444444446,-6.26184126984127
24.763,-1.6450666666666665,7.05788,0.23526266666666668,-6.266920634920634
24.813,-1.6464666666666665,7.072346666666666,0.23574488888888886,-6.272253968253968
24.863,-1.6478666666666666,7.086813333333334,0.2362271111111111,-6.277587301587301
24.913,-1.6485999999999998,7.10128,0.23670933333333333,-6.280380952380952
24.963,-1.6493333333333333,7.11578,0.23719266666666666,-6.2831746031746025
25.013,-1.6501333333333332,7.13028,0.237676,-6.2862222222222215
25.063,-1.6509333333333334,7.144746666666666,0.23815822222222222,-6.289269841269841
25.113,-1.6515333333333333,7.15922,0.23864066666666667,-6.291555555555555
25.163,-1.6521333333333332,7.173686666666667,0.23912288888888888,-6.293841269841269
25.213,-1.6523999999999999,7.188153333333333,0.2396051111111111,-6.2948571428571425
25.263,-1.6526666666666665,7.202653333333333,0.24008844444444444,-6.295873015873015
25.313,-1.6533333333333333,7.217153333333333,0.24057177777777777,-6.298412698412698
25.363,-1.654,7.231626666666667,0.24105422222222223,-6.30095238095238
25.413,-1.6551333333333331,7.2460933333333335,0.24153644444444444,-6.3052698412698405
25.463,-1.6550666666666667,7.26056,0.24201866666666666,-6.305015873015873
25.513,-1.655,7.275026666666666,0.24250088888888888,-6.304761904761905
25.563,-1.6547333333333332,7.2895,0.24298333333333336,-6.303746031746031
25.613,-1.6544666666666668,7.303966666666667,0.24346555555555555,-6.302730158730159
25.663,-1.6542666666666668,7.318406666666666,0.24394688888888888,-6.301968253968254
25.713,-1.6540666666666666,7.332846666666667,0.2444282222222222,-6.301206349206349
25.763,-1.6534666666666666,7.34728,0.2449093333333333,-6.298920634920634
25.813,-1.6528666666666667,7.361753333333334,0.2453917777777778,-6.29663492063492
25.863,-1.6525999999999998,7.37622,0.245874,-6.295619047619047
25.913,-1.6523333333333334,7.390686666666666,0.24635622222222223,-6.294603174603175
25.963,-1.6528666666666667,7.405126666666666,0.24683755555555553,-6.29663492063492
26.013,-1.6534,7.419560000000001,0.2473186666666667,-6.298666666666667
26.063,-1.6533333333333333,7.434,0.2478,-6.298412698412698
26.113,-1.6532666666666667,7.448466666666667,0.2482822222222222,-6.29815873015873
26.163,-1.6525999999999998,7.462933333333334,0.24876444444444445,-6.295619047619047
26.213,-1.6525333333333334,7.477373333333333,0.2492457777777778,-6.295365079365079
26.263,-1.6524666666666665,7.491813333333334,0.24972711111111112,-6.29511111111111
26.313,-1.6523333333333334,7.506246666666667,0.2502082222222222,-6.294603174603175
26.363,-1.6522000000000001,7.520686666666666,0.25068955555555555,-6.294095238095238
26.413,-1.6529333333333334,7.535153333333333,0.25117177777777777,-6.296888888888889
26.463,-1.6536666666666666,7.54962,0.251654,-6.299682539682539
26.513,-1.6538,7.56406,0.2521353333333333,-6.300190476190476
26.563,-1.6539333333333335,7.578493333333333,0.2526164444444444,-6.300698412698413
26.613,-1.6538666666666666,7.592933333333334,0.2530977777777778,-6.300444444444444
26.663,-1.6538,7.607373333333333,0.2535791111111111,-6.300190476190476
26.713,-1.6532666666666667,7.621840000000001,0.25406133333333336,-6.29815873015873
26.763,-1.6527333333333334,7.636313333333334,0.2545437777777778,-6.2961269841269845
26.813,-1.6522666666666666,7.650746666666667,0.2550248888888889,-6.294349206349206
26.863,-1.6518666666666666,7.66518,0.255506,-6.292825396825396
26.913,-1.6514666666666666,7.67962,0.25598733333333334,-6.291301587301587
26.963,-1.6518000000000002,7.694086666666666,0.25646955555555556,-6.292571428571429
27.013,-1.6521333333333332,7.708553333333333,0.2569517777777778,-6.293841269841269
27.063,-1.6522666666666666,7.723026666666667,0.25743422222222223,-6.294349206349206
27.113,-1.6523999999999999,7.73746,0.25791533333333333,-6.2948571428571425
27.163,-1.6523999999999999,7.7519,0.25839666666666666,-6.2948571428571425
27.213,-1.6523999999999999,7.76634,0.258878,-6.2948571428571425
27.263,-1.6527333333333334,7.780806666666666,0.2593602222222222,-6.2961269841269845
27.313,-1.6530666666666667,7.79528,0.25984266666666667,-6.2973968253968255
27.363,-1.6539333333333333,7.809746666666666,0.2603248888888889,-6.300698412698412
27.413,-1.6548,7.824186666666666,0.2608062222222222,-6.304
27.463,-1.6557333333333333,7.838626666666667,0.26128755555555555,-6.307555555555555
27.513,-1.6566666666666665,7.85306,0.26176866666666665,-6.31111111111111
27.563,-1.6572666666666664,7.867533333333333,0.2622511111111111,-6.313396825396825
27.613,-1.6582000000000001,7.882006666666666,0.26273355555555555,-6.316952380952381
27.664,-1.6591333333333333,7.896473333333334,0.26321577777777777,-6.320507936507936
27.714,-1.6589333333333334,7.91094,0.263698,-6.319746031746032
27.764,-1.6587333333333334,7.925413333333333,0.26418044444444444,-6.318984126984127
27.814,-1.6590666666666667,7.93988,0.26466266666666666,-6.320253968253968
27.864,-1.6594,7.95438,0.265146,-6.321523809523809
27.914,-1.6597333333333333,7.9688799999999995,0.26562933333333333,-6.32279365079365
27.964,-1.6600666666666666,7.983346666666666,0.26611155555555555,-6.324063492063491
28.014,-1.6605999999999999,7.99782,0.266594,-6.326095238095237
28.064,-1.6611333333333334,8.012286666666666,0.2670762222222222,-6.328126984126984
28.114,-1.6609333333333334,8.026753333333334,0.26755844444444443,-6.327365079365079
28.164,-1.6607333333333334,8.041253333333334,0.26804177777777777,-6.326603174603175
28.214,-1.6607999999999998,8.055753333333334,0.2685251111111111,-6.326857142857142
28.264,-1.6608666666666667,8.070219999999999,0.2690073333333333,-6.327111111111111
28.314,-1.661,8.084686666666666,0.26948955555555554,-6.327619047619048
28.364,-1.6607333333333334,8.099153333333334,0.2699717777777778,-6.326603174603175
28.414,-1.6604666666666668,8.113620000000001,0.270454,-6.325587301587301
28.464,-1.6604666666666668,8.128093333333334,0.2709364444444445,-6.325587301587301
28.514,-1.6604666666666668,8.14256,0.27141866666666664,-6.325587301587301
28.564,-1.6601333333333335,8.157,0.2719,-6.32431746031746
28.614,-1.6598,8.17144,0.27238133333333336,-6.323047619047618
28.664,-1.6589999999999998,8.185873333333333,0.27286244444444446,-6.319999999999999
28.714,-1.6582000000000001,8.200346666666666,0.27334488888888886,-6.316952380952381
28.764,-1.6580000000000001,8.214813333333334,0.27382711111111113,-6.316190476190476
28.814,-1.6578000000000002,8.22928,0.2743093333333333,-6.315428571428572
28.864,-1.6580000000000001,8.24372,0.2747906666666667,-6.316190476190476
28.914,-1.6582000000000001,8.258153333333333,0.2752717777777777,-6.316952380952381
28.964,-1.6580666666666666,8.272586666666667,0.2757528888888889,-6.316444444444444
29.014,-1.6579333333333333,8.28706,0.27623533333333333,-6.315936507936508
29.064,-1.6581333333333332,8.301526666666666,0.27671755555555555,-6.316698412698412
29.115,-1.6583333333333334,8.315993333333333,0.27719977777777777,-6.317460317460317
29.165,-1.6585333333333334,8.330466666666666,0.2776822222222222,-6.318222222222222
29.215,-1.6586666666666665,8.344933333333334,0.27816444444444444,-6.318730158730158
29.265,-1.6587999999999998,8.3594,0.2786466666666667,-6.319238095238094
29.315,-1.6591999999999998,8.3739,0.27913000000000004,-6.320761904761904
29.365,-1.6596,8.388399999999999,0.2796133333333333,-6.322285714285714
29.415,-1.66,8.402873333333334,0.2800957777777778,-6.3238095238095235
29.465,-1.6603999999999999,8.41734,0.280578,-6.325333333333333
29.515,-1.6593333333333333,8.431806666666667,0.2810602222222222,-6.321269841269841
29.565,-1.6582666666666666,8.44628,0.28154266666666666,-6.317206349206349
29.615,-1.6571333333333333,8.46078,0.282026,-6.312888888888889
29.665,-1.656,8.47528,0.28250933333333333,-6.308571428571428
29.715,-1.6549333333333331,8.489753333333333,0.2829917777777778,-6.304507936507935
29.765,-1.6540666666666666,8.50422,0.283474,-6.301206349206349
29.815,-1.6531333333333333,8.518686666666666,0.28395622222222217,-6.297650793650793
29.865,-1.6523999999999999,8.53316,0.2844386666666667,-6.2948571428571425
29.915,-1.6516666666666666,8.547626666666668,0.28492088888888895,-6.292063492063492
29.965,-1.6516666666666666,8.562093333333333,0.2854031111111111,-6.292063492063492
30.015,-1.6516666666666666,8.576533333333334,0.28588444444444444,-6.292063492063492
30.065,-1.6521333333333332,8.590966666666667,0.28636555555555554,-6.293841269841269
30.115,-1.6526,8.605406666666665,0.2868468888888888,-6.295619047619048
30.165,-1.6533333333333333,8.619873333333334,0.28732911111111115,-6.298412698412698
30.215,-1.6540666666666666,8.63434,0.2878113333333333,-6.301206349206349
30.265,-1.6554,8.648813333333333,0.28829377777777776,-6.306285714285714
30.315,-1.6567333333333332,8.663246666666668,0.2887748888888889,-6.311365079365078
30.365,-1.6585333333333334,8.67768,0.289256,-6.318222222222222
30.415,-1.6603333333333334,8.69212,0.2897373333333333,-6.3250793650793655
30.465,-1.6620666666666668,8.706586666666668,0.2902195555555556,-6.33168253968254
30.515,-1.6631333333333334,8.721053333333334,0.2907017777777778,-6.335746031746032
30.565,-1.6642000000000001,8.735493333333332,0.29118311111111106,-6.3398095238095244
30.615,-1.665,8.749926666666665,0.29166422222222216,-6.3428571428571425
30.665,-1.6658000000000002,8.764366666666666,0.29214555555555555,-6.345904761904762
30.715,-1.6658666666666666,8.778806666666666,0.2926268888888889,-6.34615873015873
30.765,-1.6659333333333335,8.793273333333333,0.2931091111111111,-6.346412698412699
30.815,-1.6656666666666666,8.807746666666667,0.29359155555555555,-6.345396825396825
30.865,-1.6654000000000002,8.82218,0.29407266666666665,-6.344380952380953
30.915,-1.6649333333333334,8.836620000000002,0.29455400000000004,-6.342603174603174
30.965,-1.6644666666666665,8.851059999999999,0.29503533333333326,-6.340825396825396
31.015,-1.6636,8.865493333333335,0.2955164444444445,-6.337523809523809
31.065,-1.6627333333333332,8.87996,0.2959986666666667,-6.3342222222222215
31.115,-1.6615333333333333,8.894433333333332,0.2964811111111111,-6.329650793650793
31.165,-1.6603333333333334,8.908866666666666,0.29696222222222224,-6.3250793650793655
31.215,-1.6595333333333333,8.923306666666667,0.29744355555555557,-6.322031746031746
31.265,-1.6592666666666667,8.937746666666667,0.2979248888888889,-6.321015873015873
31.315,-1.6589999999999998,8.952213333333333,0.2984071111111111,-6.319999999999999
31.365,-1.6586666666666665,8.966686666666668,0.2988895555555556,-6.318730158730158
31.415,-1.6583333333333334,8.981153333333333,0.2993717777777778,-6.317460317460317
31.465,-1.6583999999999999,8.995593333333334,0.2998531111111111,-6.317714285714285
31.515,-1.6584666666666665,9.010033333333332,0.3003344444444444,-6.317968253968253
31.565,-1.6580000000000001,9.024466666666665,0.3008155555555555,-6.316190476190476
31.615,-1.6575333333333333,9.03894,0.301298,-6.314412698412698
31.665,-1.657,9.053406666666666,0.30178022222222217,-6.312380952380952
31.715,-1.6564666666666665,9.067873333333333,0.30226244444444444,-6.310349206349206
31.765,-1.6568666666666665,9.082313333333333,0.3027437777777778,-6.311873015873015
31.815,-1.6572666666666664,9.096753333333334,0.3032251111111111,-6.313396825396825
31.865,-1.6572666666666664,9.111186666666667,0.3037062222222222,-6.313396825396825
31.915,-1.6572666666666664,9.125660000000002,0.3041886666666667,-6.313396825396825
31.965,-1.6562666666666666,9.140126666666667,0.3046708888888889,-6.3095873015873005
32.016,-1.6552666666666667,9.154593333333334,0.30515311111111115,-6.305777777777777
32.066,-1.6542666666666668,9.169066666666668,0.3056355555555556,-6.301968253968254
32.116,-1.6538666666666666,9.183533333333335,0.3061177777777778,-6.300444444444444
32.166,-1.6534666666666666,9.198,0.30660000000000004,-6.298920634920634
32.216,-1.6538666666666666,9.2125,0.3070833333333333,-6.300444444444444
32.266,-1.6542666666666668,9.227,0.30756666666666665,-6.301968253968254
32.316,-1.6554666666666666,9.241473333333333,0.3080491111111111,-6.3065396825396824
32.366,-1.6566666666666665,9.25594,0.3085313333333334,-6.31111111111111
32.416,-1.6576,9.270406666666668,0.3090135555555556,-6.314666666666667
32.466,-1.6585333333333334,9.284873333333334,0.30949577777777776,-6.318222222222222
32.516,-1.6584666666666665,9.299373333333333,0.3099791111111111,-6.317968253968253
32.566,-1.6584,9.313873333333333,0.31046244444444443,-6.317714285714286
32.616,-1.6584666666666665,9.328346666666668,0.31094488888888894,-6.317968253968253
32.666,-1.6585333333333334,9.342813333333334,0.31142711111111115,-6.318222222222222
32.716,-1.6591999999999998,9.35728,0.3119093333333333,-6.320761904761904
32.766,-1.6600666666666666,9.371753333333334,0.3123917777777778,-6.324063492063491
32.816,-1.6609333333333332,9.38622,0.312874,-6.327365079365078
32.866,-1.6615333333333333,9.400686666666667,0.31335622222222226,-6.329650793650793
32.916,-1.6621333333333332,9.415126666666668,0.3138375555555556,-6.331936507936508
32.966,-1.6620666666666668,9.42956,0.3143186666666667,-6.33168253968254
33.016,-1.662,9.443999999999999,0.31479999999999997,-6.331428571428571
33.066,-1.6615333333333333,9.458466666666668,0.3152822222222223,-6.329650793650793
33.116,-1.6610666666666667,9.472933333333334,0.31576444444444446,-6.327873015873016
33.166,-1.6607333333333334,9.487400000000001,0.3162466666666667,-6.326603174603175
33.216,-1.6603999999999999,9.50184,0.316728,-6.325333333333333
33.266,-1.6607999999999998,9.516273333333334,0.31720911111111116,-6.326857142857142
33.316,-1.6612,9.530713333333333,0.31769044444444444,-6.328380952380952
33.366,-1.6618,9.545179999999998,0.3181726666666666,-6.330666666666666
33.416,-1.6626666666666667,9.559646666666668,0.31865488888888893,-6.333968253968254
33.467,-1.6635333333333333,9.574119999999999,0.3191373333333333,-6.3372698412698405
33.517,-1.6640000000000001,9.588586666666666,0.31961955555555555,-6.339047619047619
33.567,-1.6644666666666665,9.603053333333332,0.3201017777777777,-6.340825396825396
33.617,-1.6649333333333334,9.617526666666667,0.3205842222222222,-6.342603174603174
33.667,-1.6654000000000002,9.632026666666667,0.32106755555555555,-6.344380952380953
33.717,-1.6655333333333333,9.646526666666666,0.3215508888888889,-6.344888888888889
33.767,-1.6656666666666666,9.660993333333332,0.32203311111111105,-6.345396825396825
33.817,-1.6654666666666667,9.67546,0.3225153333333333,-6.34463492063492
33.867,-1.6652666666666667,9.689926666666667,0.32299755555555554,-6.343873015873015
33.917,-1.6657333333333333,9.7044,0.32348,-6.345650793650793
33.967,-1.6662,9.7189,0.3239633333333333,-6.347428571428571
34.017,-1.6663999999999999,9.7334,0.32444666666666666,-6.348190476190475
34.067,-1.6665999999999999,9.747866666666665,0.3249288888888888,-6.3489523809523805
34.117,-1.6662,9.762333333333334,0.32541111111111115,-6.347428571428571
34.167,-1.666,9.776806666666666,0.3258935555555555,-6.346666666666666
34.217,-1.6658,9.791273333333333,0.32637577777777776,-6.3459047619047615
34.267,-1.6657333333333333,9.805739999999998,0.3268579999999999,-6.345650793650793
34.317,-1.6656666666666666,9.820213333333333,0.32734044444444443,-6.345396825396825
34.367,-1.6650666666666667,9.834646666666666,0.32782155555555553,-6.343111111111111
34.417,-1.6644666666666665,9.849086666666667,0.32830288888888887,-6.340825396825396
34.467,-1.6634,9.863526666666667,0.32878422222222226,-6.336761904761905
34.517,-1.6623333333333332,9.877993333333334,0.3292664444444445,-6.332698412698412
34.567,-1.662,9.89246,0.32974866666666663,-6.331428571428571
34.617,-1.6616666666666666,9.906933333333335,0.33023111111111114,-6.33015873015873
34.667,-1.6614666666666666,9.921366666666668,0.33071222222222224,-6.329396825396825
34.717,-1.6612666666666667,9.935806666666668,0.3311935555555556,-6.32863492063492
34.767,-1.6612,9.950246666666667,0.3316748888888889,-6.328380952380952
34.817,-1.6614666666666666,9.964713333333332,0.33215711111111107,-6.329396825396825
34.867,-1.6623333333333332,9.979186666666667,0.3326395555555556,-6.332698412698412
34.917,-1.6626666666666667,9.99362,0.3331206666666667,-6.333968253968254
34.967,-1.663,10.00806,0.333602,-6.335238095238095
35.017,-1.6624,10.0225,0.33408333333333334,-6.332952380952381
35.067,-1.6618,10.036933333333334,0.33456444444444444,-6.330666666666666
35.117,-1.6614666666666666,10.051406666666667,0.3350468888888889,-6.329396825396825
35.167,-1.6611333333333334,10.065873333333334,0.3355291111111111,-6.328126984126984
35.217,-1.6616,10.080306666666667,0.3360102222222222,-6.3299047619047615
35.267,-1.6620666666666668,10.094746666666667,0.3364915555555556,-6.33168253968254
35.317,-1.6617333333333333,10.109186666666666,0.3369728888888889,-6.330412698412698
35.367,-1.6614,10.123619999999999,0.337454,-6.329142857142857
35.417,-1.6601333333333335,10.138093333333332,0.33793644444444443,-6.32431746031746
35.467,-1.6588666666666667,10.15256,0.33841866666666665,-6.3194920634920635
35.517,-1.6574,10.167,0.3389,-6.3139047619047615
35.567,-1.6568666666666665,10.18144,0.33938133333333337,-6.311873015873015
35.617,-1.6563333333333332,10.195873333333333,0.3398624444444444,-6.309841269841269
35.667,-1.6564,10.210346666666668,0.3403448888888889,-6.310095238095238
35.717,-1.6564666666666665,10.224813333333334,0.34082711111111114,-6.310349206349206
35.767,-1.6563333333333332,10.23928,0.34130933333333335,-6.309841269841269
35.817,-1.6562,10.25372,0.34179066666666663,-6.309333333333333
35.867,-1.6556666666666666,10.268153333333334,0.3422717777777778,-6.307301587301587
35.917,-1.6551333333333331,10.282586666666667,0.3427528888888889,-6.3052698412698405
35.967,-1.6540666666666666,10.29706,0.34323533333333334,-6.301206349206349
36.017,-1.6529999999999998,10.311526666666667,0.34371755555555555,-6.297142857142856
36.067,-1.6527333333333334,10.325993333333335,0.3441997777777778,-6.2961269841269845
36.117,-1.6524666666666665,10.340433333333333,0.3446811111111111,-6.29511111111111
36.167,-1.6527999999999998,10.354866666666668,0.34516222222222226,-6.296380952380951
36.217,-1.6531333333333333,10.369306666666667,0.34564355555555554,-6.297650793650793
36.267,-1.6538666666666666,10.383773333333332,0.34612577777777775,-6.300444444444444
36.317,-1.6535333333333333,10.39824,0.34660799999999997,-6.2991746031746025
36.368,-1.6531999999999998,10.412713333333333,0.3470904444444444,-6.297904761904761
36.418,-1.6522666666666666,10.42718,0.34757266666666664,-6.294349206349206
36.468,-1.6513333333333333,10.441646666666665,0.34805488888888886,-6.290793650793651
36.518,-1.6512666666666667,10.45612,0.34853733333333337,-6.290539682539682
36.568,-1.6512,10.47062,0.3490206666666667,-6.290285714285714
36.618,-1.6514,10.48512,0.349504,-6.291047619047618
36.668,-1.6516,10.499593333333333,0.34998644444444443,-6.2918095238095235
36.718,-1.6520666666666666,10.51406,0.3504686666666667,-6.293587301587301
36.768,-1.6525333333333334,10.528526666666666,0.35095088888888887,-6.295365079365079
36.818,-1.6525333333333334,10.543000000000001,0.3514333333333334,-6.295365079365079
36.868,-1.6525333333333334,10.557500000000001,0.3519166666666667,-6.295365079365079
36.918,-1.6525333333333334,10.572,0.3524,-6.295365079365079
36.968,-1.6525333333333334,10.586466666666666,0.3528822222222222,-6.295365079365079
37.018,-1.6525333333333334,10.600933333333334,0.3533644444444445,-6.295365079365079
37.068,-1.6523333333333334,10.615406666666667,0.3538468888888889,-6.294603174603175
37.118,-1.6521333333333332,10.629873333333334,0.35432911111111115,-6.293841269841269
37.168,-1.6519333333333333,10.64434,0.3548113333333333,-6.293079365079365
37.218,-1.6517333333333333,10.658813333333335,0.3552937777777778,-6.292317460317459
37.268,-1.6520666666666666,10.673246666666667,0.3557748888888889,-6.293587301587301
37.318,-1.6524,10.68768,0.356256,-6.294857142857143
37.368,-1.6524,10.70212,0.35673733333333335,-6.294857142857143
37.418,-1.6524,10.716586666666666,0.35721955555555557,-6.294857142857143
37.468,-1.6519333333333333,10.731053333333334,0.3577017777777778,-6.293079365079365
37.518,-1.6514666666666666,10.745526666666667,0.35818422222222224,-6.291301587301587
37.568,-1.6513333333333333,10.759960000000001,0.3586653333333334,-6.290793650793651
37.618,-1.6512,10.774400000000002,0.3591466666666667,-6.290285714285714
37.668,-1.6512666666666667,10.78884,0.359628,-6.290539682539682
37.718,-1.6514666666666666,10.803306666666666,0.3601102222222222,-6.291301587301587
37.768,-1.6516,10.81778,0.3605926666666667,-6.2918095238095235
37.819,-1.6512666666666667,10.832246666666666,0.3610748888888889,-6.290539682539682
37.869,-1.6509333333333334,10.846713333333334,0.3615571111111111,-6.289269841269841
37.919,-1.6505333333333332,10.861186666666667,0.36203955555555556,-6.287746031746031
37.969,-1.6501333333333332,10.875653333333334,0.3625217777777778,-6.2862222222222215
38.019,-1.6493333333333333,10.890153333333334,0.3630051111111111,-6.2831746031746025
38.069,-1.6485333333333334,10.904653333333334,0.36348844444444445,-6.2801269841269844
38.119,-1.6485333333333334,10.91912,0.36397066666666666,-6.2801269841269844
38.169,-1.6485333333333334,10.933586666666667,0.3644528888888889,-6.2801269841269844
38.219,-1.6498666666666668,10.94806,0.36493533333333333,-6.28520634920635
38.269,-1.6512,10.962526666666667,0.36541755555555555,-6.290285714285714
38.319,-1.6520000000000001,10.977026666666667,0.3659008888888889,-6.293333333333334
38.369,-1.6528,10.991526666666667,0.3663842222222222,-6.296380952380952
38.419,-1.6522666666666666,11.005993333333333,0.36686644444444444,-6.294349206349206
38.469,-1.6518000000000002,11.020466666666668,0.3673488888888889,-6.292571428571429
38.519,-1.6513333333333333,11.034933333333333,0.3678311111111111,-6.290793650793651
38.569,-1.6512666666666667,11.0494,0.3683133333333333,-6.290539682539682
38.619,-1.6512,11.063873333333333,0.3687957777777778,-6.290285714285714
38.669,-1.6512666666666667,11.07834,0.36927800000000005,-6.290539682539682
38.719,-1.6513333333333333,11.092773333333334,0.3697591111111111,-6.290793650793651
38.769,-1.6520000000000001,11.107213333333334,0.3702404444444445,-6.293333333333334
38.819,-1.6526666666666665,11.121653333333335,0.3707217777777778,-6.295873015873015
38.869,-1.6524,11.13612,0.371204,-6.294857142857143
38.919,-1.6521333333333332,11.150593333333335,0.3716864444444445,-6.293841269841269
38.969,-1.6505333333333332,11.16506,0.3721686666666667,-6.287746031746031
39.019,-1.6489333333333331,11.179499999999999,0.37265,-6.281650793650793
39.069,-1.6479333333333335,11.19394,0.3731313333333333,-6.27784126984127
39.119,-1.6469333333333334,11.208373333333332,0.3736124444444444,-6.274031746031746
39.169,-1.6465333333333334,11.222846666666667,0.3740948888888889,-6.272507936507936
39.219,-1.6458666666666666,11.237313333333333,0.3745771111111111,-6.269968253968253
39.269,-1.6452,11.251753333333333,0.3750584444444444,-6.267428571428571
39.319,-1.6449333333333334,11.266193333333332,0.37553977777777775,-6.266412698412698
39.369,-1.6446666666666665,11.280626666666667,0.3760208888888889,-6.265396825396825
39.419,-1.6443333333333332,11.295060000000001,0.37650200000000006,-6.2641269841269835
39.469,-1.644,11.309533333333333,0.3769844444444444,-6.2628571428571425
39.519,-1.6434666666666666,11.324000000000002,0.37746666666666673,-6.260825396825396
39.569,-1.6429333333333331,11.338439999999999,0.37794799999999995,-6.25879365079365
39.619,-1.6434666666666666,11.35288,0.37842933333333334,-6.260825396825396
39.669,-1.644,11.367313333333334,0.37891044444444444,-6.2628571428571425
39.719,-1.6451333333333333,11.381753333333334,0.3793917777777778,-6.2671746031746025
39.769,-1.6462666666666665,11.39622,0.379874,-6.271492063492063
39.819,-1.6475333333333333,11.410686666666667,0.3803562222222222,-6.27631746031746
39.869,-1.6488,11.425126666666667,0.3808375555555556,-6.281142857142857
39.919,-1.6508,11.43956,0.3813186666666667,-6.2887619047619046
39.969,-1.6525333333333334,11.454,0.38180000000000003,-6.295365079365079
40.019,-1.6542666666666668,11.468466666666666,0.3822822222222222,-6.301968253968254
40.069,-1.6556666666666666,11.482933333333333,0.38276444444444446,-6.307301587301587
40.119,-1.6570666666666667,11.4974,0.3832466666666667,-6.31263492063492
40.169,-1.6586666666666665,11.51184,0.38372799999999996,-6.318730158730158
40.219,-1.6602666666666666,11.526273333333334,0.3842091111111111,-6.324825396825396
40.269,-1.6606666666666667,11.540713333333334,0.3846904444444445,-6.326349206349207
40.319,-1.6610666666666667,11.55518,0.38517266666666666,-6.327873015873016
40.369,-1.6614666666666666,11.569646666666667,0.38565488888888894,-6.329396825396825
40.419,-1.6618666666666668,11.58412,0.38613733333333333,-6.330920634920635
40.469,-1.6627333333333332,11.598553333333333,0.38661844444444443,-6.3342222222222215
40.519,-1.6636,11.612993333333332,0.3870997777777777,-6.337523809523809
40.569,-1.6632,11.627433333333332,0.3875811111111111,-6.335999999999999
40.619,-1.6625333333333332,11.6419,0.3880633333333333,-6.333460317460316
40.669,-1.6614666666666666,11.656373333333333,0.38854577777777777,-6.329396825396825
40.72,-1.6614,11.67084,0.389028,-6.329142857142857
40.77,-1.6613333333333336,11.685306666666666,0.3895102222222222,-6.32888888888889
40.82,-1.6613333333333336,11.699773333333333,0.3899924444444444,-6.32888888888889
40.87,-1.6613333333333336,11.714246666666666,0.39047488888888887,-6.32888888888889
40.92,-1.6612,11.728746666666666,0.3909582222222222,-6.328380952380952
40.97,-1.6610666666666667,11.743246666666666,0.39144155555555554,-6.327873015873016
41.02,-1.6622,11.757713333333333,0.39192377777777776,-6.332190476190475
41.07,-1.6633333333333333,11.772179999999999,0.392406,-6.336507936507936
41.12,-1.6638,11.786653333333334,0.39288844444444443,-6.338285714285714
41.17,-1.6642666666666666,11.80112,0.39337066666666665,-6.340063492063491
41.22,-1.6638,11.81562,0.393854,-6.338285714285714
41.27,-1.6633333333333333,11.830119999999999,0.3943373333333333,-6.336507936507936
41.32,-1.6633333333333333,11.844586666666666,0.39481955555555553,-6.336507936507936
41.37,-1.6631333333333334,11.85906,0.395302,-6.335746031746032
41.42,-1.6629333333333334,11.873526666666667,0.3957842222222222,-6.334984126984127
41.47,-1.6621333333333332,11.887993333333332,0.3962664444444444,-6.331936507936508
41.52,-1.661333333333333,11.90246,0.39674866666666664,-6.328888888888888
41.57,-1.6611333333333331,11.916933333333333,0.3972311111111111,-6.328126984126983
41.62,-1.6609333333333332,11.931366666666666,0.3977122222222222,-6.327365079365078
41.67,-1.6607999999999998,11.945806666666666,0.3981935555555555,-6.326857142857142
41.72,-1.6606666666666667,11.960246666666668,0.39867488888888897,-6.326349206349207
41.77,-1.6596,11.974713333333334,0.39915711111111113,-6.322285714285714
41.82,-1.6585333333333334,11.989186666666667,0.3996395555555556,-6.318222222222222
41.87,-1.6576666666666666,12.003653333333334,0.4001217777777778,-6.314920634920634
41.92,-1.6568,12.018093333333333,0.4006031111111111,-6.311619047619048
41.97,-1.6562,12.032533333333333,0.40108444444444447,-6.309333333333333
42.02,-1.6556,12.046966666666666,0.40156555555555556,-6.307047619047618
42.07,-1.6551333333333331,12.061440000000001,0.402048,-6.3052698412698405
42.12,-1.6557333333333333,12.075906666666667,0.40253022222222223,-6.307555555555555
42.171,-1.6563333333333332,12.090373333333334,0.40301244444444445,-6.309841269841269
42.221,-1.6574666666666666,12.10484,0.40349466666666667,-6.31415873015873
42.271,-1.6586,12.119313333333334,0.4039771111111111,-6.318476190476191
42.321,-1.6587333333333334,12.13378,0.40445933333333334,-6.318984126984127
42.371,-1.6588666666666667,12.14828,0.4049426666666667,-6.3194920634920635
42.421,-1.6583333333333334,12.16278,0.405426,-6.317460317460317
42.471,-1.6578000000000002,12.177246666666667,0.4059082222222222,-6.315428571428572
42.521,-1.6572666666666664,12.19172,0.4063906666666667,-6.313396825396825
42.571,-1.6567333333333332,12.206186666666667,0.4068728888888889,-6.311365079365078
42.621,-1.6566,12.220653333333333,0.4073551111111111,-6.3108571428571425
42.671,-1.6564666666666668,12.235153333333333,0.40783844444444445,-6.310349206349207
42.721,-1.6571333333333333,12.249653333333333,0.4083217777777778,-6.312888888888889
42.771,-1.6578000000000002,12.264126666666668,0.40880422222222224,-6.315428571428572
42.821,-1.6586,12.278593333333333,0.40928644444444445,-6.318476190476191
42.871,-1.6586666666666665,12.29306,0.40976866666666667,-6.318730158730158
42.921,-1.6587333333333334,12.307526666666666,0.4102508888888889,-6.318984126984127
42.971,-1.6580666666666666,12.322,0.4107333333333333,-6.316444444444444
43.021,-1.6574,12.336466666666666,0.41121555555555556,-6.3139047619047615
43.071,-1.657,12.350906666666667,0.4116968888888889,-6.312380952380952
43.121,-1.6566,12.365346666666666,0.41217822222222217,-6.3108571428571425
43.171,-1.657,12.37978,0.4126593333333333,-6.312380952380952
43.221,-1.6574,12.394253333333333,0.4131417777777778,-6.3139047619047615
43.271,-1.6585333333333334,12.408719999999999,0.41362399999999994,-6.318222222222222
43.321,-1.6596666666666666,12.423186666666668,0.41410622222222226,-6.3225396825396825
43.371,-1.6604666666666668,12.437626666666667,0.41458755555555554,-6.325587301587301
43.421,-1.6612666666666667,12.45206,0.41506866666666664,-6.32863492063492
43.471,-1.662,12.4665,0.41555,-6.331428571428571
43.521,-1.6627333333333332,12.480966666666665,0.4160322222222222,-6.3342222222222215
43.571,-1.6634666666666666,12.495433333333333,0.4165144444444444,-6.337015873015873
43.621,-1.6637333333333333,12.509873333333333,0.4169957777777778,-6.338031746031746
43.671,-1.6640000000000001,12.524313333333334,0.41747711111111113,-6.339047619047619
43.721,-1.6634,12.538746666666666,0.41795822222222223,-6.336761904761905
43.771,-1.6628,12.553186666666667,0.41843955555555556,-6.334476190476191
43.821,-1.6624,12.567653333333334,0.4189217777777778,-6.332952380952381
43.871,-1.662,12.58212,0.419404,-6.331428571428571
43.921,-1.662,12.59656,0.41988533333333333,-6.331428571428571
43.971,-1.662,12.610993333333333,0.42036644444444443,-6.331428571428571
44.021,-1.6624,12.625433333333332,0.4208477777777777,-6.332952380952381
44.071,-1.6628,12.639873333333332,0.4213291111111111,-6.334476190476191
44.121,-1.6635333333333333,12.65434,0.4218113333333333,-6.3372698412698405
44.171,-1.6642666666666666,12.668813333333333,0.42229377777777777,-6.340063492063491
44.221,-1.6638,12.683246666666665,0.42277488888888887,-6.338285714285714
44.271,-1.6627333333333332,12.69768,0.423256,-6.3342222222222215
44.321,-1.6616666666666666,12.71212,0.42373733333333335,-6.33015873015873
44.371,-1.6612666666666667,12.726586666666666,0.4242195555555555,-6.32863492063492
44.421,-1.6608666666666667,12.741053333333333,0.4247017777777778,-6.327111111111111
44.471,-1.6610666666666667,12.755526666666666,0.42518422222222224,-6.327873015873016
44.521,-1.6612666666666667,12.76996,0.4256653333333333,-6.32863492063492
44.571,-1.6612,12.7844,0.4261466666666667,-6.328380952380952
44.621,-1.6611333333333334,12.79884,0.426628,-6.328126984126984
44.671,-1.6605999999999999,12.813306666666668,0.4271102222222222,-6.326095238095237
44.721,-1.6600666666666666,12.827779999999999,0.4275926666666666,-6.324063492063491
44.771,-1.6587333333333334,12.842246666666666,0.4280748888888889,-6.318984126984127
44.821,-1.6574,12.856686666666667,0.4285562222222222,-6.3139047619047615
44.871,-1.6558,12.871126666666667,0.42903755555555556,-6.3078095238095235
44.921,-1.6542,12.88556,0.42951866666666666,-6.301714285714285
44.971,-1.6535333333333333,12.900026666666667,0.43000088888888893,-6.2991746031746025
45.021,-1.6532000000000002,12.9145,0.43048333333333333,-6.297904761904762
45.072,-1.6528666666666667,12.928966666666668,0.4309655555555556,-6.29663492063492
45.122,-1.6522666666666666,12.943433333333333,0.43144777777777776,-6.294349206349206
45.172,-1.6516666666666666,12.957906666666668,0.43193022222222227,-6.292063492063492
45.222,-1.6524666666666665,12.972373333333334,0.43241244444444443,-6.29511111111111
45.272,-1.6532666666666667,12.986873333333333,0.43289577777777777,-6.29815873015873
45.322,-1.6561333333333332,13.001373333333333,0.4333791111111111,-6.309079365079365
45.372,-1.6589999999999998,13.01584,0.4338613333333334,-6.319999999999999
45.422,-1.6622,13.030313333333334,0.4343437777777778,-6.332190476190475
45.472,-1.6654000000000002,13.044780000000001,0.43482600000000005,-6.344380952380953
45.522,-1.6682,13.059246666666667,0.4353082222222222,-6.355047619047618
45.572,-1.671,13.073746666666667,0.43579155555555554,-6.365714285714286
45.622,-1.6736666666666666,13.088246666666667,0.4362748888888889,-6.375873015873015
45.672,-1.6763333333333332,13.102713333333334,0.43675711111111115,-6.386031746031746
45.722,-1.6780000000000002,13.117186666666667,0.43723955555555555,-6.392380952380953
45.772,-1.6802,13.131653333333334,0.4377217777777778,-6.400761904761904
45.822,-1.6824000000000001,13.14612,0.438204,-6.409142857142857
45.872,-1.6844666666666666,13.160593333333333,0.43868644444444443,-6.417015873015872
45.922,-1.6865333333333334,13.17506,0.43916866666666665,-6.424888888888889
45.972,-1.6872666666666667,13.1895,0.43965000000000004,-6.427682539682539
46.022,-1.688,13.20394,0.4401313333333333,-6.43047619047619
46.072,-1.6871333333333332,13.218373333333334,0.4406124444444445,-6.427174603174603
46.122,-1.6862666666666668,13.232846666666667,0.4410948888888889,-6.423873015873016
46.172,-1.6839333333333333,13.247313333333333,0.4415771111111111,-6.414984126984127
46.222,-1.6816,13.261779999999998,0.44205933333333325,-6.406095238095237
46.272,-1.6797333333333333,13.27622,0.4425406666666667,-6.398984126984127
46.322,-1.6778666666666666,13.290653333333333,0.4430217777777778,-6.391873015873015
46.372,-1.6761333333333333,13.305086666666666,0.4435028888888889,-6.3852698412698405
46.422,-1.6753333333333333,13.31956,0.4439853333333333,-6.382222222222222
46.472,-1.6750666666666667,13.334026666666666,0.44446755555555556,-6.381206349206349
46.523,-1.6747333333333332,13.348493333333332,0.4449497777777777,-6.379936507936507
46.573,-1.6743999999999999,13.362966666666667,0.44543222222222223,-6.378666666666666
46.623,-1.6742,13.377433333333332,0.4459144444444444,-6.3779047619047615
46.673,-1.674,13.3919,0.44639666666666666,-6.377142857142856
46.723,-1.6743999999999999,13.4064,0.44688,-6.378666666666666
46.773,-1.6748,13.4209,0.44736333333333334,-6.380190476190476
46.823,-1.6747333333333332,13.435373333333333,0.44784577777777773,-6.379936507936507
46.873,-1.6746666666666667,13.44984,0.448328,-6.379682539682539
46.923,-1.6758666666666666,13.464306666666666,0.44881022222222217,-6.384253968253968
46.973,-1.6770666666666665,13.47878,0.4492926666666667,-6.388825396825396
47.023,-1.6782,13.49328,0.449776,-6.393142857142856
47.073,-1.6793333333333331,13.50778,0.45025933333333334,-6.397460317460316
47.123,-1.6802666666666668,13.522253333333333,0.4507417777777778,-6.401015873015873
47.173,-1.6807333333333332,13.53672,0.451224,-6.40279365079365
47.223,-1.6812,13.551186666666666,0.45170622222222223,-6.404571428571429
47.273,-1.6809333333333332,13.565660000000001,0.4521886666666667,-6.403555555555554
47.323,-1.6806666666666668,13.580126666666667,0.4526708888888889,-6.4025396825396825
47.373,-1.6803333333333332,13.594593333333334,0.4531531111111111,-6.4012698412698406
47.423,-1.68,13.609033333333334,0.4536344444444445,-6.3999999999999995
47.473,-1.6792666666666667,13.623466666666667,0.45411555555555555,-6.397206349206349
47.523,-1.6785333333333334,13.637906666666668,0.45459688888888894,-6.394412698412698
47.573,-1.6780000000000002,13.652373333333333,0.4550791111111111,-6.392380952380953
47.623,-1.6774666666666667,13.66684,0.4555613333333334,-6.390349206349206
47.673,-1.6773333333333333,13.681313333333332,0.4560437777777777,-6.38984126984127
47.723,-1.6772,13.695746666666668,0.4565248888888889,-6.389333333333333
47.773,-1.6772666666666667,13.710180000000001,0.457006,-6.3895873015873015
47.823,-1.6773333333333333,13.72462,0.4574873333333333,-6.38984126984127
47.873,-1.6774,13.739086666666667,0.4579695555555556,-6.390095238095238
47.923,-1.6765333333333332,13.753553333333334,0.4584517777777778,-6.38679365079365
47.973,-1.6756666666666669,13.767993333333333,0.4589331111111111,-6.3834920634920636
48.023,-1.6752666666666667,13.782426666666668,0.4594142222222223,-6.381968253968254
48.073,-1.6748666666666667,13.796866666666666,0.45989555555555556,-6.380444444444445
48.123,-1.6752666666666667,13.811306666666667,0.4603768888888889,-6.381968253968254
48.173,-1.6756666666666669,13.825773333333332,0.46085911111111105,-6.3834920634920636
48.223,-1.6759333333333333,13.840246666666667,0.46134155555555556,-6.384507936507936
48.273,-1.6762000000000001,13.85468,0.46182266666666666,-6.38552380952381
48.323,-1.6766,13.86912,0.462304,-6.387047619047619
48.373,-1.677,13.88356,0.4627853333333333,-6.388571428571429
48.423,-1.676,13.897993333333334,0.4632664444444445,-6.384761904761905
48.473,-1.675,13.912460000000001,0.4637486666666667,-6.3809523809523805
48.523,-1.6742,13.926933333333332,0.4642311111111111,-6.3779047619047615
48.573,-1.6734,13.941366666666665,0.4647122222222222,-6.3748571428571426
48.623,-1.6725333333333334,13.955806666666666,0.4651935555555555,-6.371555555555556
48.673,-1.6727333333333334,13.970246666666666,0.46567488888888886,-6.37231746031746
48.723,-1.6729333333333334,13.984713333333334,0.46615711111111113,-6.373079365079365
48.773,-1.6738666666666666,13.999186666666667,0.46663955555555553,-6.37663492063492
48.823,-1.6748,14.013653333333334,0.4671217777777778,-6.380190476190476
48.873,-1.6752666666666667,14.028093333333334,0.46760311111111114,-6.381968253968254
48.923,-1.6757333333333333,14.042533333333333,0.4680844444444444,-6.383746031746031
48.973,-1.6762666666666666,14.056966666666666,0.4685655555555555,-6.385777777777777
49.023,-1.6768,14.071439999999999,0.46904799999999996,-6.387809523809524
49.073,-1.6768,14.085906666666666,0.46953022222222224,-6.387809523809524
49.123,-1.6768,14.100373333333334,0.47001244444444445,-6.387809523809524
49.173,-1.6778666666666666,14.114813333333332,0.47049377777777773,-6.391873015873015
49.223,-1.6789333333333334,14.129253333333335,0.4709751111111112,-6.395936507936508
49.273,-1.6805999999999999,14.143686666666667,0.4714562222222222,-6.402285714285713
49.323,-1.6822666666666668,14.15816,0.4719386666666667,-6.4086349206349205
49.373,-1.6841333333333333,14.172626666666668,0.47242088888888895,-6.415746031746031
49.424,-1.6846666666666665,14.187093333333333,0.4729031111111111,-6.417777777777777
49.474,-1.6851999999999998,14.201566666666668,0.4733855555555556,-6.419809523809523
49.524,-1.6853333333333333,14.216033333333334,0.4738677777777778,-6.42031746031746
49.574,-1.6854666666666667,14.230500000000001,0.47435000000000005,-6.420825396825396
49.624,-1.6854666666666667,14.245000000000001,0.4748333333333334,-6.420825396825396
49.674,-1.6854666666666667,14.259500000000001,0.4753166666666667,-6.420825396825396
49.724,-1.6857333333333335,14.273973333333334,0.4757991111111111,-6.42184126984127
49.774,-1.686,14.288440000000001,0.4762813333333334,-6.422857142857143
49.824,-1.6869333333333332,14.302906666666667,0.47676355555555555,-6.4264126984126975
49.874,-1.6878666666666668,14.317373333333334,0.4772457777777778,-6.429968253968254
49.924,-1.6882,14.331873333333332,0.4777291111111111,-6.431238095238094
49.974,-1.6885333333333332,14.346373333333334,0.4782124444444445,-6.432507936507935
50.024,-1.6881333333333333,14.360846666666667,0.4786948888888889,-6.430984126984127
50.074,-1.6875333333333333,14.375313333333334,0.47917711111111116,-6.428698412698412
50.124,-1.6869333333333332,14.38978,0.4796593333333333,-6.4264126984126975
50.174,-1.6862666666666668,14.404253333333335,0.48014177777777783,-6.423873015873016
50.224,-1.6856,14.41872,0.480624,-6.421333333333333
50.274,-1.6845333333333334,14.433186666666666,0.4811062222222222,-6.4172698412698415
50.324,-1.6834666666666667,14.447626666666668,0.4815875555555556,-6.413206349206349
50.374,-1.6826666666666665,14.462060000000001,0.4820686666666667,-6.410158730158729
50.424,-1.6818666666666668,14.4765,0.48255,-6.407111111111112
50.474,-1.6813333333333333,14.490966666666667,0.48303222222222225,-6.405079365079365
50.524,-1.6808,14.505433333333334,0.48351444444444447,-6.403047619047619
50.574,-1.6800666666666666,14.5199,0.4839966666666667,-6.400253968253968
50.624,-1.6793333333333333,14.534339999999998,0.48447799999999996,-6.397460317460317
50.674,-1.6786,14.548773333333335,0.4849591111111112,-6.394666666666667
50.724,-1.6778666666666666,14.563213333333334,0.48544044444444445,-6.391873015873015
50.774,-1.6766666666666665,14.577679999999999,0.4859226666666666,-6.387301587301587
50.824,-1.6762666666666668,14.592146666666668,0.48640488888888894,-6.385777777777778
50.875,-1.6758666666666668,14.60662,0.48688733333333334,-6.384253968253969
50.925,-1.6770666666666665,14.621086666666667,0.48736955555555556,-6.388825396825396
50.975,-1.6782666666666666,14.635553333333332,0.4878517777777777,-6.393396825396825
51.025,-1.6796,14.650026666666667,0.4883342222222222,-6.39847619047619
51.075,-1.6809333333333332,14.664526666666667,0.48881755555555556,-6.403555555555554
51.125,-1.6826666666666668,14.679026666666667,0.4893008888888889,-6.41015873015873
51.175,-1.6844000000000001,14.693493333333333,0.4897831111111111,-6.416761904761905
51.225,-1.6856666666666666,14.707960000000002,0.4902653333333334,-6.4215873015873015
51.275,-1.6869333333333334,14.722426666666667,0.49074755555555555,-6.426412698412698
51.325,-1.6879333333333333,14.7369,0.49123,-6.430222222222222
51.375,-1.6889333333333334,14.7514,0.49171333333333334,-6.434031746031746
51.425,-1.6891333333333334,14.7659,0.49219666666666667,-6.434793650793651
51.475,-1.6888666666666665,14.780366666666668,0.49267888888888894,-6.433777777777777
51.525,-1.6890666666666665,14.794833333333335,0.49316111111111116,-6.434539682539682
51.575,-1.6888666666666665,14.809306666666666,0.49364355555555556,-6.433777777777777
51.625,-1.6886666666666665,14.823773333333333,0.4941257777777778,-6.433015873015872
51.675,-1.6873333333333334,14.83824,0.49460800000000005,-6.427936507936508
51.725,-1.686,14.852713333333334,0.49509044444444444,-6.422857142857143
51.775,-1.6838666666666666,14.867146666666667,0.49557155555555554,-6.414730158730158
51.825,-1.6817333333333333,14.881586666666667,0.49605288888888893,-6.406603174603174
51.875,-1.6784,14.896026666666668,0.49653422222222227,-6.3939047619047615
51.925,-1.6750666666666667,14.910493333333333,0.4970164444444444,-6.381206349206349
51.975,-1.672,14.92496,0.4974986666666667,-6.369523809523809
52.025,-1.6689333333333332,14.939433333333334,0.4979811111111111,-6.357841269841269
52.075,-1.6667999999999998,14.953866666666666,0.4984622222222222,-6.349714285714285
52.125,-1.6646666666666665,14.968306666666667,0.4989435555555556,-6.3415873015873006
52.175,-1.6632666666666664,14.982746666666666,0.49942488888888886,-6.336253968253967
52.225,-1.6618,14.997213333333333,0.4999071111111111,-6.330666666666666
52.275,-1.6603333333333334,15.011686666666666,0.5003895555555555,-6.3250793650793655
52.325,-1.6589333333333334,15.026119999999999,0.5008706666666666,-6.319746031746032
52.375,-1.6575333333333333,15.04056,0.501352,-6.314412698412698
52.425,-1.6576,15.055,0.5018333333333334,-6.314666666666667
52.475,-1.6576666666666666,15.069433333333333,0.5023144444444444,-6.314920634920634
52.525,-1.6588666666666667,15.083906666666667,0.502796888888889,-6.3194920634920635
52.575,-1.6600666666666666,15.098373333333333,0.5032791111111111,-6.324063492063491
52.625,-1.6614666666666666,15.112806666666668,0.5037602222222223,-6.329396825396825
52.675,-1.6628666666666667,15.127246666666668,0.5042415555555556,-6.334730158730158
52.725,-1.6638,15.141686666666667,0.5047228888888889,-6.338285714285714
52.775,-1.6647333333333334,15.15612,0.505204,-6.34184126984127
52.825,-1.6647333333333334,15.170593333333333,0.5056864444444444,-6.34184126984127
52.875,-1.6647333333333334,15.18506,0.5061686666666667,-6.34184126984127
52.925,-1.6646666666666665,15.1995,0.50665,-6.3415873015873006
52.975,-1.6654666666666667,15.213940000000001,0.5071313333333334,-6.34463492063492
53.025,-1.6662666666666666,15.228373333333334,0.5076124444444444,-6.347682539682539
53.075,-1.6668666666666667,15.242846666666667,0.5080948888888889,-6.349968253968254
53.125,-1.6674666666666667,15.257313333333334,0.5085771111111111,-6.352253968253968
53.175,-1.6663999999999999,15.27178,0.5090593333333333,-6.348190476190475
53.225,-1.6653333333333333,15.286219999999998,0.5095406666666666,-6.344126984126984
53.275,-1.6645333333333334,15.300653333333335,0.5100217777777778,-6.3410793650793655
53.325,-1.6637333333333333,15.315086666666668,0.510502888888889,-6.338031746031746
53.375,-1.6633333333333333,15.329559999999999,0.5109853333333333,-6.336507936507936
53.425,-1.6629333333333334,15.344026666666668,0.5114675555555556,-6.334984126984127
53.475,-1.6619333333333333,15.358493333333334,0.5119497777777778,-6.331174603174603
53.525,-1.6609333333333334,15.372933333333332,0.5124311111111111,-6.327365079365079
53.575,-1.6598,15.387366666666667,0.5129122222222222,-6.323047619047618
53.625,-1.6586666666666665,15.401806666666666,0.5133935555555555,-6.318730158730158
53.675,-1.659,15.416273333333333,0.5138757777777777,-6.32
53.725,-1.66,15.430739999999998,0.514358,-6.3238095238095235
53.776,-1.661,15.445213333333333,0.5148404444444444,-6.327619047619048
53.826,-1.6622666666666668,15.459679999999999,0.5153226666666666,-6.3324444444444445
53.876,-1.6635333333333333,15.474146666666666,0.5158048888888889,-6.3372698412698405
53.926,-1.6648,15.48862,0.5162873333333333,-6.342095238095238
53.976,-1.6660666666666666,15.50312,0.5167706666666666,-6.346920634920634
54.026,-1.6662666666666666,15.517619999999999,0.517254,-6.347682539682539
54.076,-1.6664666666666668,15.532093333333334,0.5177364444444444,-6.348444444444445
54.126,-1.6658000000000002,15.54656,0.5182186666666666,-6.345904761904762
54.176,-1.6651333333333334,15.561026666666667,0.5187008888888889,-6.343365079365079
54.226,-1.6646666666666665,15.5755,0.5191833333333333,-6.3415873015873006
54.276,-1.6642000000000001,15.59,0.5196666666666666,-6.3398095238095244
54.326,-1.6636,15.6045,0.52015,-6.337523809523809
54.376,-1.6638,15.618966666666667,0.5206322222222223,-6.338285714285714
54.426,-1.6629333333333334,15.633433333333333,0.5211144444444444,-6.334984126984127
54.476,-1.6602,15.647906666666668,0.5215968888888889,-6.324571428571428
54.526,-1.6574666666666666,15.662373333333333,0.522079111111111,-6.31415873015873
54.576,-1.6539333333333335,15.67684,0.5225613333333333,-6.300698412698413
54.626,-1.6504,15.691313333333333,0.5230437777777778,-6.287238095238095
54.676,-1.6475333333333333,15.705746666666666,0.5235248888888889,-6.27631746031746
54.726,-1.6446666666666665,15.72018,0.524006,-6.265396825396825
54.776,-1.6427333333333332,15.73462,0.5244873333333333,-6.258031746031745
54.826,-1.6407999999999998,15.749086666666667,0.5249695555555556,-6.250666666666666
54.876,-1.6398666666666666,15.763553333333334,0.5254517777777779,-6.247111111111111
54.926,-1.6389333333333334,15.778026666666667,0.5259342222222222,-6.243555555555555
54.976,-1.6392666666666666,15.79246,0.5264153333333333,-6.244825396825396
55.026,-1.6396000000000002,15.8069,0.5268966666666667,-6.246095238095238
55.076,-1.6404666666666665,15.82134,0.527378,-6.249396825396825
55.126,-1.6395333333333333,15.835806666666667,0.5278602222222222,-6.24584126984127
55.176,-1.6386,15.85028,0.5283426666666666,-6.242285714285714
55.227,-1.6380000000000001,15.864746666666667,0.5288248888888889,-6.24
55.277,-1.6374,15.879213333333333,0.5293071111111111,-6.2377142857142855
55.327,-1.6376,15.893686666666667,0.5297895555555556,-6.23847619047619
55.377,-1.6378,15.908153333333333,0.5302717777777778,-6.239238095238095
55.427,-1.6378,15.922653333333333,0.5307551111111111,-6.239238095238095
55.477,-1.6378,15.937153333333333,0.5312384444444445,-6.239238095238095
55.527,-1.6369333333333331,15.95162,0.5317206666666666,-6.235936507936507
55.577,-1.6360666666666668,15.966086666666666,0.5322028888888889,-6.232634920634921
55.627,-1.6351333333333333,15.98056,0.5326853333333333,-6.2290793650793645
55.677,-1.6341999999999999,15.995026666666666,0.5331675555555555,-6.225523809523809
55.727,-1.6324,16.009526666666666,0.5336508888888889,-6.218666666666667
55.777,-1.6306,16.024026666666668,0.5341342222222223,-6.2118095238095234
55.827,-1.628,16.038493333333335,0.5346164444444444,-6.201904761904761
55.877,-1.6266,16.052966666666666,0.5350988888888889,-6.196571428571429
55.927,-1.6252,16.067433333333334,0.5355811111111112,-6.191238095238095
55.977,-1.6244666666666667,16.0819,0.5360633333333333,-6.188444444444444
56.027,-1.6237333333333335,16.096373333333336,0.5365457777777779,-6.185650793650794
56.077,-1.6224666666666667,16.11084,0.537028,-6.180825396825397
56.127,-1.6212000000000002,16.125273333333332,0.5375091111111111,-6.176
56.177,-1.6202666666666667,16.139713333333333,0.5379904444444444,-6.172444444444444
56.227,-1.6193333333333333,16.154153333333333,0.5384717777777778,-6.168888888888889
56.277,-1.62,16.16862,0.538954,-6.171428571428572
56.327,-1.620666666666667,16.183093333333332,0.5394364444444444,-6.173968253968255
56.377,-1.6218000000000001,16.19756,0.5399186666666667,-6.178285714285715
56.427,-1.6229333333333333,16.212,0.5404,-6.182603174603174
56.477,-1.6248666666666667,16.22644,0.5408813333333333,-6.189968253968254
56.527,-1.6268,16.240873333333333,0.5413624444444445,-6.197333333333333
56.577,-1.6294,16.255346666666664,0.5418448888888888,-6.207238095238095
56.627,-1.6312666666666666,16.269813333333335,0.5423271111111112,-6.214349206349206
56.677,-1.6331333333333333,16.284253333333332,0.5428084444444444,-6.221460317460317
56.727,-1.6350666666666667,16.298693333333333,0.5432897777777778,-6.228825396825396
56.777,-1.637,16.313126666666665,0.5437708888888888,-6.236190476190476
56.827,-1.6385333333333334,16.32756,0.544252,-6.242031746031746
56.877,-1.6400666666666666,16.342033333333333,0.5447344444444444,-6.247873015873015
56.927,-1.6409999999999998,16.3565,0.5452166666666667,-6.25142857142857
56.977,-1.6419333333333332,16.37094,0.545698,-6.254984126984127
57.027,-1.642,16.38538,0.5461793333333333,-6.255238095238095
57.077,-1.6420666666666668,16.399813333333334,0.5466604444444445,-6.255492063492063
57.127,-1.6421999999999999,16.41425333333333,0.5471417777777777,-6.255999999999999
57.177,-1.6423333333333332,16.428720000000002,0.5476240000000001,-6.256507936507936
57.227,-1.6426666666666667,16.443186666666666,0.5481062222222222,-6.257777777777778
57.277,-1.643,16.457626666666666,0.5485875555555555,-6.259047619047619
57.327,-1.6438,16.47206,0.5490686666666666,-6.262095238095237
57.377,-1.6448,16.4865,0.54955,-6.265904761904761
57.427,-1.6458,16.500966666666667,0.5500322222222223,-6.269714285714286
57.477,-1.6465333333333334,16.515433333333334,0.5505144444444444,-6.272507936507936
57.527,-1.6472666666666667,16.5299,0.5509966666666667,-6.275301587301587
57.577,-1.6482666666666668,16.54434,0.5514779999999999,-6.279111111111111
57.627,-1.6492666666666667,16.55877333333333,0.5519591111111111,-6.282920634920635
57.677,-1.6510666666666665,16.57321333333333,0.5524404444444444,-6.289777777777776
57.727,-1.6528666666666667,16.58768,0.5529226666666667,-6.29663492063492
57.777,-1.6545999999999998,16.602146666666666,0.5534048888888888,-6.303238095238094
57.827,-1.6563333333333332,16.61662,0.5538873333333334,-6.309841269841269
57.877,-1.6568,16.631053333333334,0.5543684444444444,-6.311619047619048
57.927,-1.6572666666666664,16.645493333333334,0.5548497777777778,-6.313396825396825
57.977,-1.6572,16.659933333333335,0.5553311111111111,-6.313142857142857
58.027,-1.6571333333333333,16.6744,0.5558133333333333,-6.312888888888889
58.077,-1.6566,16.688873333333333,0.5562957777777778,-6.3108571428571425
58.128,-1.6563333333333332,16.70334,0.556778,-6.309841269841269
58.178,-1.6560666666666668,16.717806666666668,0.5572602222222223,-6.308825396825397
58.228,-1.6561333333333332,16.732273333333332,0.5577424444444444,-6.309079365079365
58.278,-1.6562,16.746746666666667,0.5582248888888889,-6.309333333333333
58.328,-1.6556,16.76124666666667,0.5587082222222223,-6.307047619047618
58.378,-1.655,16.775746666666667,0.5591915555555556,-6.304761904761905
58.428,-1.6543999999999999,16.790213333333334,0.5596737777777778,-6.30247619047619
58.478,-1.6538,16.80468,0.560156,-6.300190476190476
58.528,-1.6534,16.819153333333333,0.5606384444444444,-6.298666666666667
58.578,-1.6529999999999998,16.83362,0.5611206666666667,-6.297142857142856
58.628,-1.6530666666666667,16.84812,0.5616040000000001,-6.2973968253968255
58.678,-1.6531333333333333,16.86262,0.5620873333333333,-6.297650793650793
58.728,-1.6527333333333334,16.877086666666667,0.5625695555555555,-6.2961269841269845
58.778,-1.6516,16.891560000000002,0.5630520000000001,-6.2918095238095235
58.828,-1.6504666666666665,16.906026666666666,0.5635342222222222,-6.287492063492063
58.878,-1.6494,16.920493333333333,0.5640164444444444,-6.283428571428571
58.928,-1.6483333333333332,16.93496,0.5644986666666667,-6.279365079365078
58.978,-1.6469999999999998,16.949433333333335,0.5649811111111112,-6.274285714285713
59.028,-1.6456666666666666,16.963866666666668,0.5654622222222223,-6.269206349206349
59.078,-1.646,16.978306666666665,0.5659435555555555,-6.27047619047619
59.128,-1.6463333333333334,16.992746666666665,0.5664248888888889,-6.271746031746032
59.178,-1.6464666666666665,17.007213333333333,0.5669071111111111,-6.272253968253968
59.228,-1.6465999999999998,17.021686666666668,0.5673895555555556,-6.272761904761904
59.278,-1.6460666666666666,17.036153333333335,0.5678717777777779,-6.270730158730158
59.328,-1.6455333333333333,17.050593333333335,0.5683531111111112,-6.268698412698412
59.378,-1.6452666666666667,17.065033333333336,0.5688344444444445,-6.267682539682539
59.428,-1.6449999999999998,17.07946666666667,0.5693155555555556,-6.266666666666666
59.478,-1.6444,17.09394,0.569798,-6.264380952380953
59.528,-1.6440666666666666,17.108406666666667,0.5702802222222222,-6.263111111111111
59.579,-1.6437333333333333,17.122873333333335,0.5707624444444445,-6.26184126984127
59.629,-1.6432666666666667,17.137346666666666,0.5712448888888889,-6.260063492063492
59.679,-1.6428,17.15182,0.5717273333333334,-6.258285714285714
59.729,-1.6420666666666668,17.166286666666668,0.5722095555555556,-6.255492063492063
59.779,-1.6413333333333333,17.180786666666666,0.5726928888888889,-6.252698412698412
59.829,-1.639,17.195286666666668,0.5731762222222223,-6.2438095238095235
59.879,-1.6366666666666667,17.20975333333333,0.5736584444444444,-6.234920634920635
59.929,-1.6335333333333333,17.224226666666667,0.5741408888888889,-6.222984126984127
59.979,-1.6304,17.238693333333334,0.5746231111111111,-6.211047619047619
60.029,-1.6278666666666666,17.253159999999998,0.5751053333333332,-6.201396825396825
60.079,-1.6253333333333333,17.26766,0.5755886666666666,-6.191746031746032
60.129,-1.6222666666666667,17.282159999999998,0.5760719999999999,-6.180063492063492
60.179,-1.6188666666666667,17.296633333333332,0.5765544444444444,-6.167111111111111
60.229,-1.6161333333333334,17.3111,0.5770366666666666,-6.156698412698413
60.279,-1.6142666666666665,17.325566666666667,0.5775188888888889,-6.1495873015873
60.329,-1.6124,17.340033333333334,0.5780011111111112,-6.142476190476191
60.379,-1.6105333333333334,17.354499999999998,0.5784833333333332,-6.135365079365079
60.429,-1.6086666666666667,17.368966666666665,0.5789655555555555,-6.1282539682539685
60.479,-1.6072,17.383406666666666,0.5794468888888888,-6.1226666666666665
60.529,-1.6057333333333332,17.397846666666666,0.5799282222222222,-6.1170793650793645
60.579,-1.6065333333333334,17.412280000000003,0.5804093333333334,-6.120126984126984
60.629,-1.6073333333333333,17.426753333333334,0.5808917777777778,-6.123174603174602
60.679,-1.6088,17.441219999999998,0.581374,-6.128761904761904
60.729,-1.6102666666666667,17.45568666666667,0.5818562222222223,-6.134349206349206
60.779,-1.6108666666666667,17.470126666666665,0.5823375555555556,-6.13663492063492
60.829,-1.6114666666666666,17.48456,0.5828186666666666,-6.138920634920634
60.879,-1.6125333333333332,17.499000000000002,0.5833,-6.142984126984126
60.929,-1.6143333333333334,17.513466666666666,0.5837822222222222,-6.14984126984127
60.979,-1.6161333333333334,17.527933333333333,0.5842644444444445,-6.156698412698413
61.029,-1.6176666666666668,17.542373333333334,0.5847457777777778,-6.162539682539683
61.079,-1.6192,17.55681333333333,0.585227111111111,-6.168380952380952
61.129,-1.6209333333333333,17.571246666666664,0.5857082222222221,-6.174984126984127
61.179,-1.6226666666666667,17.585686666666668,0.5861895555555556,-6.181587301587301
61.229,-1.6240666666666668,17.60015333333333,0.5866717777777777,-6.186920634920635
61.279,-1.6254666666666666,17.61462,0.587154,-6.192253968253968
61.329,-1.6256666666666666,17.62906,0.5876353333333333,-6.193015873015873
61.379,-1.6258666666666666,17.643493333333332,0.5881164444444444,-6.193777777777777
61.429,-1.6268,17.657933333333336,0.5885977777777779,-6.197333333333333
61.479,-1.6277333333333333,17.672373333333333,0.5890791111111111,-6.200888888888889
61.529,-1.6294666666666666,17.68684,0.5895613333333334,-6.207492063492063
61.579,-1.6312,17.701313333333335,0.5900437777777778,-6.214095238095238
61.629,-1.6324666666666665,17.715746666666668,0.5905248888888889,-6.218920634920634
61.679,-1.6333999999999997,17.73018,0.591006,-6.222476190476189
61.729,-1.6343333333333334,17.74462,0.5914873333333334,-6.2260317460317465
61.779,-1.6352666666666666,17.75908666666667,0.5919695555555556,-6.229587301587301
61.829,-1.6361999999999999,17.773553333333332,0.5924517777777777,-6.233142857142856
61.879,-1.637,17.788026666666667,0.5929342222222223,-6.236190476190476
61.929,-1.6378,17.80246,0.5934153333333333,-6.239238095238095
61.979,-1.6391333333333333,17.816899999999997,0.5938966666666665,-6.24431746031746
62.029,-1.6404666666666665,17.83134,0.5943780000000001,-6.249396825396825
62.079,-1.642,17.845806666666665,0.5948602222222221,-6.255238095238095
62.129,-1.6435333333333333,17.86028,0.5953426666666667,-6.261079365079365
62.179,-1.6442666666666665,17.874746666666667,0.5958248888888888,-6.263873015873015
62.229,-1.645,17.889186666666667,0.5963062222222223,-6.266666666666667
62.279,-1.6453999999999998,17.903626666666664,0.5967875555555555,-6.268190476190475
62.329,-1.6458,17.91806,0.5972686666666667,-6.269714285714286
62.379,-1.6469999999999998,17.932533333333332,0.597751111111111,-6.274285714285713
62.429,-1.6483999999999999,17.947006666666667,0.5982335555555556,-6.279619047619047
62.48,-1.6498,17.961473333333334,0.5987157777777778,-6.28495238095238
62.53,-1.6506666666666665,17.975939999999998,0.5991979999999999,-6.288253968253968
62.58,-1.6515333333333333,17.990413333333333,0.5996804444444445,-6.291555555555555
62.63,-1.6519333333333333,18.00488,0.6001626666666666,-6.293079365079365
62.68,-1.6523333333333334,18.01938,0.600646,-6.294603174603175
62.73,-1.6520000000000001,18.03388,0.6011293333333333,-6.293333333333334
62.78,-1.6516666666666666,18.048346666666664,0.6016115555555555,-6.292063492063492
62.83,-1.6512666666666667,18.06282,0.6020939999999999,-6.290539682539682
62.88,-1.6508666666666665,18.07728666666667,0.6025762222222223,-6.289015873015872
62.93,-1.6506666666666667,18.091753333333333,0.6030584444444445,-6.288253968253969
62.98,-1.6504666666666667,18.10625333333333,0.6035417777777777,-6.2874920634920635
63.03,-1.6501333333333332,18.120753333333333,0.6040251111111111,-6.2862222222222215
63.08,-1.6492,18.13522,0.6045073333333334,-6.282666666666667
63.13,-1.6479333333333335,18.149686666666664,0.6049895555555554,-6.27784126984127
63.18,-1.6458666666666666,18.164153333333335,0.6054717777777778,-6.269968253968253
63.23,-1.6438,18.178620000000002,0.6059540000000001,-6.262095238095237
63.28,-1.6430666666666667,18.193093333333334,0.6064364444444444,-6.259301587301587
63.33,-1.6423333333333332,18.20756,0.6069186666666667,-6.256507936507936
63.38,-1.6414666666666666,18.221999999999998,0.6073999999999999,-6.253206349206349
63.43,-1.6405999999999998,18.23644,0.6078813333333334,-6.249904761904761
63.48,-1.6400666666666666,18.250873333333335,0.6083624444444445,-6.247873015873015
63.53,-1.6395333333333333,18.26534666666667,0.608844888888889,-6.24584126984127
63.58,-1.6387333333333334,18.279813333333333,0.6093271111111112,-6.242793650793651
63.63,-1.6379333333333332,18.29428,0.6098093333333333,-6.239746031746031
63.68,-1.6371333333333333,18.30872,0.6102906666666666,-6.236698412698413
63.73,-1.6363333333333332,18.323153333333334,0.6107717777777778,-6.233650793650793
63.78,-1.6356,18.337586666666667,0.6112528888888888,-6.230857142857142
63.83,-1.6351333333333333,18.352059999999998,0.6117353333333333,-6.2290793650793645
63.88,-1.6346666666666667,18.36652666666667,0.6122175555555557,-6.227301587301588
63.931,-1.6347333333333334,18.380993333333333,0.6126997777777777,-6.227555555555555
63.981,-1.6347999999999998,18.395466666666668,0.6131822222222223,-6.227809523809523
64.031,-1.6338666666666666,18.409933333333335,0.6136644444444445,-6.224253968253968
64.081,-1.6329333333333333,18.4244,0.6141466666666666,-6.220698412698413
64.131,-1.6332,18.4389,0.61463,-6.2217142857142855
64.181,-1.6334666666666666,18.4534,0.6151133333333333,-6.222730158730158
64.231,-1.6333999999999997,18.467873333333333,0.6155957777777777,-6.222476190476189
64.281,-1.6333333333333333,18.48234,0.616078,-6.222222222222221
64.331,-1.6326666666666665,18.496806666666664,0.6165602222222222,-6.219682539682538
64.381,-1.6320000000000001,18.51128,0.6170426666666666,-6.217142857142857
64.431,-1.6314666666666666,18.52578,0.617526,-6.215111111111111
64.481,-1.6309333333333333,18.54028,0.6180093333333333,-6.2130793650793645
64.531,-1.6308666666666667,18.554753333333334,0.6184917777777778,-6.212825396825397
64.581,-1.6306,18.569219999999998,0.6189739999999999,-6.2118095238095234
64.631,-1.6303333333333332,18.583686666666665,0.6194562222222222,-6.21079365079365
64.681,-1.6302666666666668,18.59816,0.6199386666666666,-6.210539682539682
64.731,-1.6301999999999999,18.612626666666664,0.6204208888888888,-6.210285714285714
64.781,-1.6304666666666667,18.627093333333335,0.6209031111111112,-6.2113015873015875
64.831,-1.6307333333333331,18.64153333333333,0.6213844444444444,-6.212317460317459
64.881,-1.6308,18.655966666666664,0.6218655555555554,-6.212571428571429
64.931,-1.6308666666666667,18.67040666666667,0.6223468888888889,-6.212825396825397
64.981,-1.6324,18.684873333333332,0.6228291111111111,-6.218666666666667
65.031,-1.6339333333333335,18.69934,0.6233113333333333,-6.224507936507937
65.081,-1.6360666666666668,18.713813333333334,0.6237937777777778,-6.232634920634921
65.131,-1.6382,18.728246666666667,0.6242748888888889,-6.2407619047619045
65.181,-1.6406666666666667,18.74268,0.624756,-6.25015873015873
65.231,-1.6431333333333333,18.75712,0.6252373333333333,-6.259555555555555
65.281,-1.6458000000000002,18.771586666666668,0.6257195555555556,-6.2697142857142865
65.331,-1.6489333333333331,18.78605333333333,0.6262017777777777,-6.281650793650793
65.381,-1.6520666666666666,18.800493333333335,0.6266831111111112,-6.293587301587301
65.431,-1.6552,18.81492666666667,0.6271642222222222,-6.305523809523809
65.481,-1.6583333333333334,18.829366666666665,0.6276455555555555,-6.317460317460317
65.531,-1.6605333333333334,18.84380666666667,0.628126888888889,-6.32584126984127
65.581,-1.6627333333333332,18.858273333333333,0.6286091111111111,-6.3342222222222215
65.631,-1.6645333333333334,18.872746666666668,0.6290915555555556,-6.3410793650793655
65.681,-1.6663333333333334,18.88718,0.6295726666666667,-6.347936507936508
65.731,-1.668,18.901619999999998,0.6300539999999999,-6.354285714285714
65.781,-1.6696666666666666,18.91606,0.6305353333333333,-6.36063492063492
65.831,-1.6715333333333333,18.930493333333335,0.6310164444444445,-6.367746031746031
65.881,-1.6734,18.94496,0.6314986666666667,-6.3748571428571426
65.931,-1.6751333333333334,18.959433333333333,0.6319811111111111,-6.381460317460317
65.981,-1.6755333333333333,18.973866666666666,0.6324622222222221,-6.382984126984127
66.031,-1.6753333333333333,18.988306666666666,0.6329435555555556,-6.382222222222222
66.081,-1.6736666666666666,19.002746666666667,0.6334248888888889,-6.375873015873015
66.131,-1.672,19.017213333333334,0.6339071111111111,-6.369523809523809
66.181,-1.6700666666666666,19.031686666666666,0.6343895555555555,-6.36215873015873
66.231,-1.6681333333333332,19.046153333333333,0.6348717777777778,-6.35479365079365
66.281,-1.6662,19.060593333333333,0.6353531111111111,-6.347428571428571
66.331,-1.6642666666666666,19.075033333333334,0.6358344444444445,-6.340063492063491
66.381,-1.6620666666666668,19.089466666666667,0.6363155555555555,-6.33168253968254
66.431,-1.6598666666666666,19.10394,0.6367980000000001,-6.323301587301587
66.481,-1.6562,19.118406666666665,0.6372802222222221,-6.309333333333333
66.531,-1.6525333333333334,19.132873333333336,0.6377624444444445,-6.295365079365079
66.581,-1.6487333333333332,19.147313333333333,0.6382437777777777,-6.280888888888888
66.631,-1.6449333333333334,19.161753333333333,0.6387251111111111,-6.266412698412698
66.681,-1.6402666666666665,19.17618666666667,0.6392062222222223,-6.24863492063492
66.731,-1.6369333333333331,19.190659999999998,0.6396886666666666,-6.235936507936507
66.781,-1.6336000000000002,19.20512666666667,0.640170888888889,-6.223238095238096
66.832,-1.6329333333333333,19.219593333333332,0.6406531111111111,-6.220698412698413
66.882,-1.6322666666666665,19.234066666666667,0.6411355555555556,-6.21815873015873
66.932,-1.6318,19.248533333333334,0.6416177777777778,-6.216380952380952
66.982,-1.6313333333333333,19.262999999999998,0.6420999999999999,-6.214603174603174
67.032,-1.631,19.2775,0.6425833333333333,-6.213333333333333
67.082,-1.6306666666666667,19.291999999999998,0.6430666666666666,-6.212063492063492
67.132,-1.6292666666666666,19.306473333333333,0.6435491111111111,-6.206730158730158
67.182,-1.6278666666666666,19.32094,0.6440313333333333,-6.201396825396825
67.232,-1.6272,19.335406666666664,0.6445135555555555,-6.198857142857142
67.282,-1.6265333333333334,19.349873333333335,0.6449957777777778,-6.19631746031746
67.332,-1.6258666666666668,19.364373333333333,0.6454791111111111,-6.193777777777778
67.382,-1.6252,19.378873333333335,0.6459624444444445,-6.191238095238095
67.432,-1.6248,19.393346666666666,0.6464448888888888,-6.1897142857142855
67.482,-1.6237333333333335,19.407813333333333,0.6469271111111111,-6.185650793650794
67.532,-1.6226666666666667,19.42228,0.6474093333333334,-6.181587301587301
67.582,-1.6203333333333334,19.436753333333332,0.6478917777777777,-6.172698412698413
67.632,-1.6179999999999999,19.45122,0.648374,-6.163809523809523
67.682,-1.6162,19.465686666666667,0.6488562222222222,-6.156952380952381
67.732,-1.6144,19.480126666666667,0.6493375555555556,-6.150095238095238
67.782,-1.6134,19.49456,0.6498186666666667,-6.146285714285714
67.832,-1.6124,19.509,0.6503,-6.142476190476191
67.882,-1.6129333333333336,19.523466666666664,0.6507822222222222,-6.144507936507937
67.932,-1.6134666666666668,19.537933333333335,0.6512644444444445,-6.146539682539683
67.982,-1.6132666666666668,19.5524,0.6517466666666666,-6.145777777777778
68.032,-1.6130666666666669,19.56684,0.6522279999999999,-6.145015873015874
68.082,-1.6131333333333335,19.581273333333336,0.6527091111111112,-6.145269841269842
68.132,-1.6132,19.595713333333332,0.6531904444444444,-6.145523809523809
68.182,-1.6134,19.61018,0.6536726666666667,-6.146285714285714
68.232,-1.6142666666666667,19.624646666666667,0.654154888888889,-6.149587301587301
68.283,-1.6151333333333333,19.63912,0.6546373333333333,-6.152888888888889
68.333,-1.6158000000000001,19.65358666666667,0.6551195555555557,-6.155428571428572
68.383,-1.6164666666666667,19.668053333333333,0.6556017777777777,-6.157968253968254
68.433,-1.6172000000000002,19.682526666666668,0.6560842222222223,-6.160761904761905
68.483,-1.6179333333333334,19.697026666666666,0.6565675555555556,-6.163555555555556
68.533,-1.6192666666666669,19.711526666666668,0.657050888888889,-6.168634920634921
68.583,-1.6206,19.725993333333335,0.6575331111111111,-6.1737142857142855
68.633,-1.6215333333333333,19.74046,0.6580153333333333,-6.17726984126984
68.683,-1.6224666666666667,19.754926666666666,0.6584975555555556,-6.180825396825397
68.733,-1.6238,19.7694,0.65898,-6.185904761904761
68.783,-1.6251333333333333,19.783900000000003,0.6594633333333334,-6.190984126984127
68.833,-1.6262,19.7984,0.6599466666666667,-6.195047619047619
68.883,-1.6269333333333333,19.812866666666665,0.6604288888888888,-6.19784126984127
68.933,-1.6275333333333333,19.827333333333335,0.6609111111111112,-6.2001269841269835
68.983,-1.6278,19.841806666666667,0.6613935555555556,-6.201142857142856
69.033,-1.6280666666666666,19.856273333333334,0.6618757777777778,-6.20215873015873
69.083,-1.6282666666666665,19.87074,0.662358,-6.202920634920634
69.133,-1.6284666666666667,19.885213333333336,0.6628404444444446,-6.203682539682539
69.183,-1.6280666666666666,19.89964666666667,0.6633215555555556,-6.20215873015873
69.233,-1.6276666666666666,19.914086666666666,0.6638028888888888,-6.20063492063492
69.283,-1.6268,19.928526666666667,0.6642842222222222,-6.197333333333333
69.333,-1.6259333333333332,19.942993333333334,0.6647664444444444,-6.1940317460317456
69.383,-1.6253333333333333,19.95746,0.6652486666666667,-6.191746031746032
69.433,-1.6247333333333331,19.971933333333332,0.665731111111111,-6.189460317460316
69.483,-1.6244666666666667,19.986366666666665,0.6662122222222222,-6.188444444444444
69.533,-1.6241999999999999,20.000806666666666,0.6666935555555555,-6.187428571428571
69.583,-1.6234666666666666,20.015246666666666,0.6671748888888889,-6.18463492063492
69.633,-1.6232,20.029713333333333,0.6676571111111111,-6.183619047619048
69.683,-1.6229333333333333,20.04418666666667,0.6681395555555556,-6.182603174603174
69.733,-1.6236,20.05862,0.6686206666666668,-6.185142857142857
69.783,-1.6242666666666667,20.073059999999998,0.669102,-6.18768253968254
69.833,-1.6254666666666668,20.0875,0.6695833333333333,-6.192253968253969
69.883,-1.6266666666666665,20.10193333333333,0.6700644444444444,-6.196825396825396
69.933,-1.6276000000000002,20.116406666666666,0.6705468888888889,-6.200380952380953
69.983,-1.6285333333333334,20.130873333333334,0.6710291111111111,-6.203936507936508
70.033,-1.6284,20.145306666666666,0.6715102222222222,-6.203428571428572
70.083,-1.6282666666666665,20.159746666666667,0.6719915555555556,-6.202920634920634
70.133,-1.6278666666666666,20.174186666666667,0.6724728888888889,-6.201396825396825
70.183,-1.6274666666666666,20.18862,0.672954,-6.199873015873015
70.233,-1.6272,20.203093333333335,0.6734364444444445,-6.198857142857142
70.283,-1.6269333333333333,20.21756,0.6739186666666667,-6.19784126984127
70.333,-1.6268,20.232000000000003,0.6744000000000001,-6.197333333333333
70.383,-1.6268,20.24644,0.6748813333333333,-6.197333333333333
70.433,-1.6268,20.260873333333333,0.6753624444444444,-6.197333333333333
70.483,-1.6264666666666667,20.275346666666668,0.6758448888888889,-6.196063492063492
70.533,-1.6261333333333332,20.28981333333333,0.676327111111111,-6.19479365079365
70.583,-1.6258666666666668,20.304280000000002,0.6768093333333334,-6.193777777777778
70.633,-1.6256,20.31872,0.6772906666666666,-6.1927619047619045
70.683,-1.6251333333333333,20.333153333333332,0.6777717777777778,-6.190984126984127
70.733,-1.6246666666666667,20.347586666666665,0.6782528888888888,-6.189206349206349
70.783,-1.6256,20.36206,0.6787353333333334,-6.1927619047619045
70.833,-1.6265333333333334,20.376526666666667,0.6792175555555555,-6.19631746031746
70.883,-1.6284,20.39099333333333,0.6796997777777777,-6.203428571428572
70.933,-1.6302666666666668,20.405433333333335,0.6801811111111111,-6.210539682539682
70.983,-1.6319333333333332,20.419866666666667,0.6806622222222223,-6.216888888888889
71.033,-1.6333333333333333,20.434306666666664,0.6811435555555555,-6.222222222222221
71.083,-1.635,20.448773333333335,0.6816257777777779,-6.228571428571429
71.133,-1.6360666666666668,20.46324,0.6821079999999999,-6.232634920634921
71.184,-1.6371333333333333,20.477713333333334,0.6825904444444445,-6.236698412698413
71.234,-1.6383333333333332,20.49218,0.6830726666666667,-6.24126984126984
71.284,-1.6395333333333333,20.506646666666665,0.6835548888888888,-6.24584126984127
71.334,-1.6405333333333334,20.52112,0.6840373333333333,-6.249650793650794
71.384,-1.641533333333333,20.535619999999998,0.6845206666666666,-6.253460317460316
71.434,-1.6425333333333332,20.55012,0.685004,-6.25726984126984
71.484,-1.6435333333333333,20.564593333333335,0.6854864444444445,-6.261079365079365
71.534,-1.6439333333333332,20.579060000000002,0.6859686666666668,-6.262603174603174
71.584,-1.6443333333333332,20.593526666666666,0.6864508888888888,-6.2641269841269835
71.634,-1.6441333333333332,20.608,0.6869333333333334,-6.263365079365078
71.684,-1.6439333333333332,20.6225,0.6874166666666667,-6.262603174603174
71.734,-1.6434,20.637,0.6879000000000001,-6.260571428571428
71.784,-1.6434,20.651466666666668,0.6883822222222222,-6.260571428571428
71.834,-1.6434,20.66593333333333,0.6888644444444444,-6.260571428571428
71.884,-1.6436,20.680406666666666,0.6893468888888888,-6.261333333333333
71.934,-1.6438,20.69487333333333,0.689829111111111,-6.262095238095237
71.984,-1.6434666666666666,20.70934,0.6903113333333334,-6.260825396825396
72.034,-1.6431333333333333,20.723813333333332,0.6907937777777777,-6.259555555555555
72.084,-1.6424666666666667,20.73824666666667,0.691274888888889,-6.257015873015873
72.134,-1.6418,20.75268,0.691756,-6.25447619047619
72.184,-1.6414666666666666,20.76712,0.6922373333333333,-6.253206349206349
72.234,-1.6411333333333333,20.781586666666666,0.6927195555555555,-6.251936507936508
72.284,-1.6404666666666665,20.796053333333337,0.6932017777777779,-6.249396825396825
72.334,-1.6398000000000001,20.810526666666664,0.6936842222222221,-6.246857142857143
72.384,-1.6386666666666665,20.824959999999997,0.6941653333333332,-6.2425396825396815
72.434,-1.6375333333333333,20.8394,0.6946466666666667,-6.2382222222222214
72.484,-1.6367333333333332,20.853839999999998,0.695128,-6.2351746031746025
72.534,-1.6356666666666666,20.86830666666667,0.6956102222222224,-6.231111111111111
72.584,-1.6345999999999998,20.88278,0.6960926666666667,-6.227047619047618
72.635,-1.6334000000000002,20.897246666666668,0.696574888888889,-6.222476190476191
72.685,-1.6322,20.911713333333335,0.6970571111111111,-6.217904761904762
72.735,-1.6313333333333333,20.92618666666667,0.6975395555555557,-6.214603174603174
72.785,-1.6304666666666667,20.940653333333334,0.6980217777777777,-6.2113015873015875
72.835,-1.6295333333333333,20.95515333333333,0.698505111111111,-6.207746031746031
72.885,-1.6285999999999998,20.969653333333333,0.6989884444444444,-6.204190476190475
72.935,-1.6273333333333333,20.98412,0.6994706666666667,-6.199365079365079
72.985,-1.6260666666666665,20.998586666666665,0.6999528888888888,-6.1945396825396815
73.035,-1.6252666666666669,21.01306,0.7004353333333333,-6.191492063492064
73.085,-1.6244666666666667,21.027526666666667,0.7009175555555556,-6.188444444444444
73.135,-1.6242666666666667,21.04202666666667,0.701400888888889,-6.18768253968254
73.185,-1.6236666666666666,21.056526666666667,0.7018842222222222,-6.185396825396825
73.235,-1.6229333333333333,21.070993333333334,0.7023664444444445,-6.182603174603174
73.285,-1.6222666666666667,21.085466666666665,0.7028488888888889,-6.180063492063492
73.335,-1.6216000000000002,21.099933333333336,0.7033311111111112,-6.17752380952381
73.385,-1.6215333333333333,21.1144,0.7038133333333333,-6.17726984126984
73.435,-1.6214666666666666,21.128873333333335,0.7042957777777779,-6.177015873015873
73.485,-1.6210666666666669,21.143340000000002,0.704778,-6.175492063492064
73.535,-1.620666666666667,21.157773333333335,0.7052591111111112,-6.173968253968255
73.585,-1.6218666666666666,21.17221333333333,0.7057404444444444,-6.178539682539682
73.635,-1.6230666666666667,21.186653333333332,0.7062217777777777,-6.183111111111111
73.685,-1.6242666666666667,21.20112,0.706704,-6.18768253968254
73.735,-1.6254666666666668,21.215593333333334,0.7071864444444445,-6.192253968253969
73.785,-1.6258666666666668,21.230059999999998,0.7076686666666666,-6.193777777777778
73.835,-1.6262666666666667,21.244500000000002,0.7081500000000001,-6.1953015873015875
73.885,-1.6265333333333334,21.25894,0.7086313333333333,-6.19631746031746
73.935,-1.6278000000000001,21.273373333333332,0.7091124444444444,-6.201142857142857
73.985,-1.6290666666666667,21.287846666666667,0.7095948888888889,-6.205968253968254
74.035,-1.6301333333333334,21.302313333333334,0.7100771111111112,-6.2100317460317465
74.085,-1.6312,21.316753333333335,0.7105584444444445,-6.214095238095238
74.135,-1.6317333333333333,21.33119333333333,0.7110397777777777,-6.2161269841269835
74.185,-1.6322666666666665,21.345626666666664,0.7115208888888888,-6.21815873015873
74.235,-1.6338,21.360059999999997,0.7120019999999999,-6.223999999999999
74.285,-1.6353333333333333,21.374533333333332,0.7124844444444444,-6.22984126984127
74.335,-1.6349333333333333,21.389,0.7129666666666666,-6.22831746031746
74.385,-1.6345333333333334,21.40344,0.713448,-6.226793650793651
74.435,-1.6337333333333333,21.41788,0.7139293333333333,-6.223746031746031
74.485,-1.6329333333333333,21.432313333333333,0.7144104444444445,-6.220698412698413
74.535,-1.6332666666666666,21.446753333333334,0.7148917777777778,-6.221968253968254
74.585,-1.6336,21.46122,0.7153740000000001,-6.223238095238095
74.635,-1.6347333333333334,21.475686666666668,0.7158562222222222,-6.227555555555555
74.685,-1.636,21.490126666666665,0.7163375555555554,-6.232380952380952
74.735,-1.6372666666666664,21.50456,0.7168186666666667,-6.237206349206348
74.785,-1.6383333333333332,21.519000000000002,0.7173,-6.24126984126984
74.835,-1.6394,21.533466666666666,0.7177822222222222,-6.245333333333333
74.885,-1.6398666666666666,21.547933333333333,0.7182644444444445,-6.247111111111111
74.935,-1.6403333333333334,21.5624,0.7187466666666666,-6.248888888888889
74.985,-1.6395333333333333,21.57684,0.719228,-6.24584126984127
75.035,-1.6387333333333334,21.591273333333334,0.7197091111111111,-6.242793650793651
75.085,-1.6384666666666665,21.60571333333333,0.7201904444444444,-6.241777777777777
75.135,-1.6382,21.62018,0.7206726666666667,-6.2407619047619045
75.185,-1.6381333333333332,21.634646666666665,0.7211548888888888,-6.240507936507936
75.235,-1.6380666666666666,21.64912,0.7216373333333334,-6.240253968253968
75.285,-1.6371333333333333,21.663553333333333,0.7221184444444444,-6.236698412698413
75.335,-1.6361999999999999,21.677993333333333,0.7225997777777777,-6.233142857142856
75.385,-1.6342666666666665,21.692433333333334,0.7230811111111112,-6.225777777777777
75.435,-1.6312666666666666,21.7069,0.7235633333333333,-6.214349206349206
75.485,-1.6282666666666665,21.721373333333336,0.7240457777777779,-6.202920634920634
75.536,-1.6251333333333333,21.73584,0.724528,-6.190984126984127
75.586,-1.622,21.750306666666667,0.7250102222222222,-6.179047619047619
75.636,-1.6200666666666668,21.764773333333334,0.7254924444444445,-6.17168253968254
75.686,-1.6181333333333334,21.779246666666666,0.7259748888888888,-6.16431746031746
75.736,-1.6163333333333334,21.793746666666667,0.7264582222222222,-6.157460317460317
75.786,-1.6145333333333334,21.808246666666665,0.7269415555555555,-6.150603174603175
75.836,-1.6128,21.822713333333336,0.7274237777777779,-6.144
75.886,-1.6110666666666666,21.83718,0.727906,-6.137396825396825
75.936,-1.6099333333333334,21.851653333333335,0.7283884444444445,-6.133079365079365
75.986,-1.6088,21.866120000000002,0.7288706666666668,-6.128761904761904
76.036,-1.6074666666666668,21.88062,0.7293540000000001,-6.12368253968254
76.086,-1.6064,21.895120000000002,0.7298373333333334,-6.1196190476190475
76.136,-1.6054666666666668,21.909586666666666,0.7303195555555555,-6.116063492063493
76.186,-1.6050666666666666,21.92406,0.7308020000000001,-6.114539682539682
76.236,-1.6046666666666667,21.938526666666668,0.7312842222222222,-6.113015873015873
76.286,-1.6051333333333335,21.952993333333332,0.7317664444444444,-6.114793650793652
76.336,-1.6056,21.967460000000003,0.7322486666666668,-6.116571428571428
76.386,-1.6056,21.981933333333334,0.7327311111111111,-6.116571428571428
76.436,-1.6056,21.996366666666667,0.7332122222222223,-6.116571428571428
76.486,-1.6052,22.010806666666667,0.7336935555555556,-6.115047619047619
76.536,-1.6048,22.025246666666664,0.7341748888888888,-6.11352380952381
76.586,-1.6043333333333334,22.039713333333335,0.7346571111111112,-6.111746031746032
76.636,-1.6038666666666666,22.054186666666666,0.7351395555555555,-6.109968253968253
76.686,-1.604,22.068653333333334,0.7356217777777778,-6.110476190476191
76.736,-1.6041333333333334,22.083093333333334,0.7361031111111112,-6.110984126984127
76.786,-1.6046,22.097533333333335,0.7365844444444445,-6.112761904761904
76.836,-1.6044666666666667,22.111966666666667,0.7370655555555555,-6.1122539682539685
76.886,-1.6043333333333334,22.12644,0.737548,-6.111746031746032
76.936,-1.6038666666666666,22.14090666666667,0.7380302222222224,-6.109968253968253
76.987,-1.6034000000000002,22.155373333333333,0.7385124444444444,-6.108190476190477
77.037,-1.6024,22.16984,0.7389946666666667,-6.104380952380953
77.087,-1.6014000000000002,22.184313333333332,0.739477111111111,-6.1005714285714285
77.137,-1.6004,22.19878,0.7399593333333333,-6.096761904761904
77.187,-1.5994,22.21328,0.7404426666666667,-6.09295238095238
77.237,-1.5993333333333335,22.22778,0.740926,-6.092698412698413
77.287,-1.5992666666666666,22.242246666666666,0.7414082222222222,-6.092444444444444
77.337,-1.5989333333333335,22.256719999999998,0.7418906666666666,-6.091174603174604
77.387,-1.5986,22.271186666666665,0.7423728888888889,-6.089904761904762
77.437,-1.5977333333333334,22.285653333333336,0.7428551111111112,-6.086603174603175
77.487,-1.5968666666666667,22.300153333333334,0.7433384444444445,-6.083301587301587
77.537,-1.5964666666666667,22.314653333333336,0.7438217777777779,-6.081777777777778
77.587,-1.5960666666666667,22.329126666666664,0.7443042222222221,-6.0802539682539685
77.637,-1.5956666666666668,22.343593333333335,0.7447864444444445,-6.078730158730159
77.687,-1.5953333333333333,22.358060000000002,0.7452686666666667,-6.077460317460317
77.737,-1.595,22.372526666666666,0.7457508888888889,-6.076190476190476
77.787,-1.5947333333333333,22.387,0.7462333333333333,-6.075174603174603
77.837,-1.5944666666666667,22.401466666666668,0.7467155555555556,-6.07415873015873
77.887,-1.594,22.415906666666668,0.7471968888888889,-6.072380952380953
77.937,-1.5935333333333335,22.430346666666665,0.7476782222222221,-6.070603174603175
77.987,-1.5926,22.444779999999998,0.7481593333333333,-6.067047619047619
78.037,-1.5916666666666666,22.459253333333333,0.7486417777777777,-6.063492063492063
78.087,-1.5909333333333333,22.47372,0.749124,-6.060698412698413
78.137,-1.5902,22.488186666666667,0.7496062222222223,-6.057904761904762
78.187,-1.5895333333333332,22.502626666666668,0.7500875555555556,-6.055365079365079
78.237,-1.5888666666666669,22.51706,0.7505686666666667,-6.052825396825398
78.287,-1.5882,22.5315,0.75105,-6.050285714285714
78.337,-1.5880666666666667,22.54596666666667,0.7515322222222223,-6.049777777777778
78.387,-1.5879333333333332,22.560433333333332,0.7520144444444444,-6.04926984126984
78.437,-1.5876666666666668,22.574873333333336,0.7524957777777779,-6.048253968253968
78.487,-1.5874,22.589313333333333,0.7529771111111111,-6.047238095238095
78.537,-1.5871333333333335,22.603746666666666,0.7534582222222223,-6.046222222222223
78.587,-1.5868666666666666,22.618186666666666,0.7539395555555556,-6.045206349206349
78.637,-1.5877333333333332,22.632653333333334,0.7544217777777777,-6.048507936507936
78.687,-1.5886,22.647119999999997,0.7549039999999999,-6.051809523809523
78.737,-1.5901333333333334,22.66156,0.7553853333333334,-6.057650793650794
78.787,-1.5916666666666666,22.675993333333334,0.7558664444444445,-6.063492063492063
78.837,-1.5936666666666668,22.69043333333333,0.7563477777777777,-6.071111111111112
78.887,-1.5956666666666668,22.704873333333335,0.7568291111111112,-6.078730158730159
78.937,-1.5969333333333333,22.71934,0.7573113333333333,-6.083555555555555
78.987,-1.5977333333333334,22.733813333333334,0.7577937777777778,-6.086603174603175
79.037,-1.5981999999999998,22.748246666666667,0.7582748888888889,-6.088380952380952
79.087,-1.5984,22.76268,0.758756,-6.089142857142857
79.137,-1.5986,22.77712,0.7592373333333333,-6.089904761904762
79.187,-1.5994666666666668,22.791586666666667,0.7597195555555556,-6.0932063492063495
79.237,-1.6003333333333332,22.806053333333335,0.7602017777777779,-6.096507936507936
79.287,-1.6014000000000002,22.82052666666667,0.7606842222222223,-6.1005714285714285
79.337,-1.6024666666666667,22.834960000000002,0.7611653333333334,-6.10463492063492
79.387,-1.6024,22.8494,0.7616466666666667,-6.104380952380953
79.437,-1.6023333333333334,22.86384,0.762128,-6.104126984126984
79.487,-1.6013333333333333,22.878306666666667,0.7626102222222222,-6.10031746031746
79.537,-1.6003333333333332,22.892780000000002,0.7630926666666668,-6.096507936507936
79.587,-1.5996666666666668,22.907246666666666,0.7635748888888888,-6.093968253968254
79.637,-1.599,22.92168666666667,0.7640562222222224,-6.091428571428571
79.687,-1.5991333333333335,22.936126666666667,0.7645375555555556,-6.091936507936508
79.737,-1.5997999999999999,22.95056,0.7650186666666666,-6.09447619047619
79.787,-1.6004666666666667,22.965026666666667,0.7655008888888889,-6.097015873015873
79.837,-1.6014000000000002,22.979499999999998,0.7659833333333332,-6.1005714285714285
79.888,-1.6023333333333334,22.993966666666665,0.7664655555555555,-6.104126984126984
79.938,-1.6023333333333334,23.008433333333336,0.7669477777777779,-6.104126984126984
79.988,-1.6023333333333334,23.022906666666664,0.7674302222222221,-6.104126984126984
80.038,-1.6018000000000001,23.037373333333335,0.7679124444444445,-6.102095238095238
80.088,-1.6012666666666668,23.051873333333333,0.7683957777777778,-6.100063492063493
80.138,-1.6006,23.066373333333335,0.7688791111111112,-6.09752380952381
80.188,-1.5999333333333334,23.080840000000002,0.7693613333333335,-6.094984126984127
80.238,-1.5999333333333334,23.095313333333333,0.7698437777777778,-6.094984126984127
80.288,-1.5999333333333334,23.10978,0.7703260000000001,-6.094984126984127
80.338,-1.5996666666666668,23.124246666666668,0.7708082222222222,-6.093968253968254
80.388,-1.5994,23.13874666666667,0.7712915555555556,-6.09295238095238
80.438,-1.5994,23.153246666666668,0.7717748888888889,-6.09295238095238
80.488,-1.5997333333333335,23.16771333333333,0.7722571111111111,-6.094222222222222
80.538,-1.6000666666666667,23.182186666666666,0.7727395555555555,-6.095492063492063
80.588,-1.6002666666666667,23.196653333333334,0.7732217777777778,-6.0962539682539685
80.638,-1.6004666666666667,23.21112,0.7737040000000001,-6.097015873015873
80.688,-1.6013333333333333,23.225593333333332,0.7741864444444444,-6.10031746031746
80.738,-1.6022,23.240060000000003,0.7746686666666668,-6.1036190476190475
80.788,-1.6035333333333335,23.2545,0.77515,-6.108698412698413
80.838,-1.6048666666666667,23.268939999999997,0.7756313333333332,-6.113777777777777
80.888,-1.6064666666666667,23.283373333333333,0.7761124444444445,-6.119873015873016
80.938,-1.6080666666666668,23.297846666666665,0.7765948888888888,-6.125968253968254
80.988,-1.6090666666666666,23.312313333333336,0.7770771111111112,-6.129777777777777
81.038,-1.6100666666666668,23.32678,0.7775593333333333,-6.133587301587301
81.088,-1.6104666666666667,23.34122,0.7780406666666667,-6.135111111111111
81.138,-1.6108666666666667,23.355653333333333,0.7785217777777778,-6.13663492063492
81.188,-1.6102666666666667,23.370086666666666,0.7790028888888888,-6.134349206349206
81.238,-1.6094000000000002,23.38456,0.7794853333333334,-6.131047619047619
81.288,-1.6085333333333334,23.399026666666668,0.7799675555555556,-6.127746031746032
81.339,-1.6076000000000001,23.413493333333335,0.7804497777777778,-6.124190476190477
81.389,-1.6066666666666667,23.427966666666666,0.7809322222222222,-6.12063492063492
81.439,-1.6047333333333333,23.442433333333334,0.7814144444444444,-6.113269841269841
81.489,-1.6028,23.4569,0.7818966666666667,-6.105904761904761
81.539,-1.6011333333333333,23.471400000000003,0.7823800000000001,-6.099555555555555
81.589,-1.5994666666666668,23.4859,0.7828633333333334,-6.0932063492063495
81.639,-1.5981999999999998,23.500373333333336,0.7833457777777778,-6.088380952380952
81.689,-1.5969333333333333,23.51484,0.783828,-6.083555555555555
81.739,-1.5963333333333334,23.529306666666667,0.7843102222222222,-6.081269841269841
81.789,-1.5957333333333332,23.54378,0.7847926666666667,-6.0789841269841265
81.839,-1.5956666666666668,23.55828,0.785276,-6.078730158730159
81.889,-1.5956000000000001,23.57278,0.7857593333333334,-6.078476190476191
81.939,-1.596,23.587253333333333,0.7862417777777778,-6.08
81.989,-1.5959333333333334,23.60172,0.786724,-6.079746031746032
82.039,-1.5958666666666665,23.616186666666668,0.7872062222222223,-6.079492063492062
82.089,-1.5951333333333333,23.63066,0.7876886666666666,-6.076698412698413
82.139,-1.5944,23.645126666666666,0.7881708888888889,-6.073904761904762
82.189,-1.5952,23.659593333333337,0.7886531111111112,-6.07695238095238
82.239,-1.596,23.674033333333334,0.7891344444444445,-6.08
82.289,-1.596,23.688466666666667,0.7896155555555555,-6.08
82.339,-1.596,23.702906666666667,0.790096888888889,-6.08
82.389,-1.5954666666666666,23.717373333333335,0.7905791111111111,-6.077968253968254
82.439,-1.5949333333333333,23.73184,0.7910613333333333,-6.0759365079365075
82.489,-1.5942666666666667,23.746313333333333,0.7915437777777777,-6.073396825396825
82.539,-1.5936,23.760746666666666,0.7920248888888889,-6.070857142857142
82.589,-1.5928,23.77518,0.7925059999999999,-6.067809523809523
82.639,-1.5917999999999999,23.78962,0.7929873333333333,-6.063999999999999
82.689,-1.5908,23.804086666666667,0.7934695555555555,-6.060190476190476
82.739,-1.5899333333333334,23.818553333333334,0.7939517777777778,-6.0568888888888885
82.789,-1.5890666666666666,23.83299333333333,0.794433111111111,-6.053587301587301
82.839,-1.5893333333333333,23.847426666666667,0.7949142222222222,-6.054603174603174
82.889,-1.5896000000000001,23.861866666666668,0.7953955555555556,-6.0556190476190475
82.939,-1.5889333333333333,23.876306666666665,0.7958768888888889,-6.053079365079364
82.989,-1.5882666666666667,23.890773333333335,0.7963591111111111,-6.050539682539682
83.039,-1.5872,23.905246666666667,0.7968415555555556,-6.04647619047619
83.089,-1.5861333333333334,23.919680000000003,0.7973226666666667,-6.042412698412698
83.139,-1.585,23.93412,0.797804,-6.038095238095238
83.189,-1.5838666666666665,23.94856,0.7982853333333334,-6.033777777777777
83.239,-1.5833333333333333,23.962993333333333,0.7987664444444444,-6.031746031746032
83.289,-1.5828,23.97746,0.7992486666666667,-6.029714285714285
83.339,-1.5831333333333333,23.991933333333336,0.7997311111111112,-6.0309841269841264
83.389,-1.5841333333333334,24.00636666666667,0.8002122222222223,-6.034793650793651
83.439,-1.5851333333333335,24.020806666666665,0.8006935555555555,-6.038603174603175
83.489,-1.5852666666666666,24.03524666666667,0.801174888888889,-6.039111111111111
83.539,-1.5854,24.049713333333333,0.8016571111111112,-6.039619047619047
83.589,-1.5843333333333334,24.064186666666668,0.8021395555555556,-6.035555555555556
83.639,-1.5832666666666666,24.07865333333333,0.8026217777777778,-6.031492063492063
83.689,-1.5830666666666666,24.093093333333332,0.8031031111111111,-6.030730158730158
83.739,-1.5828666666666666,24.107533333333333,0.8035844444444444,-6.029968253968254
83.789,-1.5834000000000001,24.121966666666665,0.8040655555555555,-6.032
83.839,-1.5839333333333334,24.13644,0.804548,-6.034031746031746
83.889,-1.5845333333333333,24.150906666666668,0.8050302222222222,-6.03631746031746
83.939,-1.5851333333333335,24.16537333333333,0.8055124444444444,-6.038603174603175
83.989,-1.5848666666666666,24.179813333333335,0.8059937777777778,-6.037587301587301
84.039,-1.5845999999999998,24.194253333333332,0.806475111111111,-6.036571428571428
84.089,-1.5835333333333332,24.208686666666665,0.8069562222222222,-6.032507936507936
84.139,-1.5824,24.22316,0.8074386666666666,-6.028190476190476
84.189,-1.5812666666666668,24.237626666666664,0.8079208888888888,-6.023873015873016
84.24,-1.5808666666666666,24.252093333333335,0.8084031111111112,-6.022349206349206
84.29,-1.5804666666666667,24.266566666666666,0.8088855555555555,-6.020825396825397
84.34,-1.5806,24.281033333333333,0.8093677777777778,-6.021333333333333
84.39,-1.5807333333333333,24.2955,0.8098500000000001,-6.0218412698412696
84.44,-1.5804666666666667,24.31,0.8103333333333332,-6.020825396825397
84.49,-1.5802,24.3245,0.8108166666666666,-6.019809523809524
84.54,-1.5801333333333332,24.338973333333335,0.8112991111111112,-6.019555555555555
84.59,-1.5800666666666667,24.35344,0.8117813333333334,-6.019301587301587
84.64,-1.5799333333333332,24.367906666666666,0.8122635555555555,-6.01879365079365
84.69,-1.5797999999999999,24.38237333333333,0.8127457777777777,-6.018285714285714
84.74,-1.5801333333333332,24.396873333333335,0.8132291111111112,-6.019555555555555
84.79,-1.5804,24.411373333333334,0.8137124444444445,-6.0205714285714285
84.84,-1.5805333333333331,24.425846666666665,0.8141948888888888,-6.021079365079364
84.89,-1.5802,24.440313333333332,0.8146771111111111,-6.019809523809524
84.94,-1.5798666666666668,24.454780000000003,0.8151593333333335,-6.018539682539682
84.99,-1.5797333333333334,24.46925333333333,0.8156417777777777,-6.018031746031746
85.04,-1.5796,24.48372,0.8161240000000001,-6.017523809523809
85.09,-1.5799333333333334,24.498186666666665,0.8166062222222222,-6.018793650793651
85.14,-1.5802666666666667,24.512626666666666,0.8170875555555556,-6.020063492063492
85.19,-1.5805333333333336,24.52706,0.8175686666666666,-6.021079365079366
85.24,-1.5808,24.5415,0.8180499999999999,-6.022095238095238
85.29,-1.5815333333333332,24.555966666666666,0.8185322222222222,-6.0248888888888885
85.34,-1.5822666666666667,24.570433333333334,0.8190144444444445,-6.02768253968254
85.39,-1.5835333333333332,24.5849,0.8194966666666667,-6.032507936507936
85.44,-1.5848000000000002,24.599339999999998,0.819978,-6.037333333333334
85.49,-1.5855333333333335,24.61377333333333,0.820459111111111,-6.040126984126984
85.54,-1.5862,24.628213333333335,0.8209404444444445,-6.042666666666666
85.59,-1.5868666666666666,24.64268,0.8214226666666666,-6.045206349206349
85.64,-1.5884,24.657146666666666,0.8219048888888889,-6.051047619047619
85.691,-1.5899333333333334,24.67162,0.8223873333333334,-6.0568888888888885
85.741,-1.5921333333333334,24.686086666666665,0.8228695555555555,-6.065269841269841
85.791,-1.5943333333333334,24.700553333333335,0.8233517777777778,-6.073650793650794
85.841,-1.5965333333333334,24.715026666666667,0.8238342222222222,-6.0820317460317455
85.891,-1.5987333333333333,24.72952666666667,0.8243175555555556,-6.090412698412698
85.941,-1.6014000000000002,24.744026666666667,0.8248008888888889,-6.1005714285714285
85.991,-1.6040666666666668,24.758493333333334,0.8252831111111111,-6.110730158730159
86.041,-1.6064666666666667,24.77296,0.8257653333333334,-6.119873015873016
86.091,-1.6088666666666667,24.787426666666665,0.8262475555555555,-6.129015873015873
86.141,-1.6110666666666666,24.8019,0.82673,-6.137396825396825
86.191,-1.6132666666666666,24.816399999999998,0.8272133333333332,-6.145777777777777
86.241,-1.6159333333333334,24.8309,0.8276966666666666,-6.1559365079365085
86.291,-1.6181333333333332,24.845366666666667,0.8281788888888889,-6.164317460317459
86.341,-1.6203333333333334,24.85983333333333,0.8286611111111111,-6.172698412698413
86.391,-1.6220666666666665,24.874306666666666,0.8291435555555555,-6.179301587301587
86.441,-1.6238,24.888773333333333,0.8296257777777778,-6.185904761904761
86.491,-1.6248666666666667,24.90324,0.830108,-6.189968253968254
86.541,-1.6259333333333332,24.91771333333333,0.8305904444444444,-6.1940317460317456
86.591,-1.6258666666666668,24.932146666666664,0.8310715555555555,-6.193777777777778
86.641,-1.6258000000000001,24.94658666666667,0.8315528888888889,-6.19352380952381
86.691,-1.6246,24.961026666666665,0.8320342222222222,-6.188952380952381
86.741,-1.6234,24.975493333333336,0.8325164444444445,-6.184380952380952
86.791,-1.6223333333333334,24.98996,0.8329986666666667,-6.18031746031746
86.841,-1.6212666666666666,25.004433333333335,0.8334811111111111,-6.176253968253968
86.891,-1.6205333333333334,25.018866666666668,0.8339622222222223,-6.173460317460317
86.941,-1.6198000000000001,25.033306666666665,0.8344435555555555,-6.1706666666666665
86.991,-1.6186666666666667,25.04774666666667,0.8349248888888889,-6.1663492063492065
87.041,-1.6186,25.062213333333332,0.8354071111111111,-6.166095238095238
87.091,-1.6185333333333332,25.076686666666667,0.8358895555555556,-6.165841269841269
87.141,-1.6176,25.09112,0.8363706666666667,-6.162285714285714
87.191,-1.6166666666666667,25.10556,0.836852,-6.158730158730158
87.241,-1.6159333333333334,25.12,0.8373333333333334,-6.1559365079365085
87.291,-1.6152000000000002,25.134433333333334,0.8378144444444444,-6.153142857142858
87.341,-1.6155333333333333,25.14890666666667,0.838296888888889,-6.154412698412698
87.391,-1.6158666666666666,25.163373333333332,0.838779111111111,-6.155682539682539
87.441,-1.6164666666666667,25.177806666666665,0.8392602222222222,-6.157968253968254
87.491,-1.6170666666666667,25.192246666666666,0.8397415555555555,-6.160253968253968
87.541,-1.6177333333333335,25.206686666666666,0.8402228888888889,-6.162793650793651
87.591,-1.6184,25.22112,0.840704,-6.165333333333333
87.641,-1.6195333333333333,25.235593333333334,0.8411864444444445,-6.169650793650793
87.691,-1.6204666666666667,25.25006,0.8416686666666667,-6.17320634920635
87.741,-1.6215333333333333,25.2645,0.8421500000000001,-6.17726984126984
87.791,-1.6221333333333334,25.27894,0.8426313333333333,-6.179555555555556
87.841,-1.6227333333333334,25.29337333333333,0.8431124444444443,-6.18184126984127
87.891,-1.6243333333333332,25.307846666666666,0.8435948888888889,-6.187936507936507
87.941,-1.6259333333333332,25.322313333333334,0.8440771111111112,-6.1940317460317456
87.991,-1.6271333333333333,25.336779999999997,0.8445593333333332,-6.198603174603174
88.041,-1.6283333333333334,25.35122,0.8450406666666667,-6.203174603174603
88.091,-1.6284666666666667,25.365653333333334,0.8455217777777778,-6.203682539682539
88.141,-1.6285999999999998,25.380086666666667,0.8460028888888889,-6.204190476190475
88.191,-1.6289333333333333,25.394560000000002,0.8464853333333334,-6.205460317460317
88.241,-1.6292666666666666,25.409026666666666,0.8469675555555555,-6.206730158730158
88.291,-1.6294,25.423493333333333,0.8474497777777777,-6.207238095238095
88.341,-1.6295333333333333,25.437933333333334,0.8479311111111111,-6.207746031746031
88.391,-1.6285333333333334,25.452366666666666,0.8484122222222222,-6.203936507936508
88.441,-1.6275333333333333,25.466806666666667,0.8488935555555556,-6.2001269841269835
88.491,-1.6265333333333334,25.481273333333334,0.8493757777777778,-6.19631746031746
88.541,-1.6258666666666666,25.49574,0.849858,-6.193777777777777
88.592,-1.6252,25.510213333333336,0.8503404444444446,-6.191238095238095
88.642,-1.6246,25.52468,0.8508226666666666,-6.188952380952381
88.692,-1.6239999999999999,25.539146666666667,0.8513048888888889,-6.186666666666666
88.742,-1.6239333333333335,25.553620000000002,0.8517873333333335,-6.186412698412699
88.792,-1.6238666666666668,25.56812,0.8522706666666667,-6.186158730158731
88.842,-1.6246666666666667,25.582620000000002,0.8527540000000001,-6.189206349206349
88.892,-1.6254666666666668,25.597093333333337,0.8532364444444446,-6.192253968253969
88.942,-1.6264666666666665,25.61156,0.8537186666666667,-6.196063492063491
88.992,-1.6274666666666666,25.626026666666668,0.8542008888888889,-6.199873015873015
89.042,-1.6284666666666667,25.6405,0.8546833333333334,-6.203682539682539
89.092,-1.6294666666666666,25.654999999999998,0.8551666666666666,-6.207492063492063
89.142,-1.6296666666666666,25.669500000000003,0.8556500000000001,-6.208253968253968
89.192,-1.63,25.683966666666667,0.8561322222222222,-6.209523809523809
89.242,-1.6303333333333332,25.698433333333334,0.8566144444444445,-6.21079365079365
89.292,-1.6307333333333331,25.712906666666665,0.8570968888888888,-6.212317460317459
89.342,-1.6311333333333333,25.727373333333333,0.8575791111111111,-6.21384126984127
89.392,-1.6310666666666667,25.741840000000003,0.8580613333333335,-6.213587301587301
89.442,-1.631,25.75631333333333,0.8585437777777777,-6.213333333333333
89.492,-1.6304,25.770746666666664,0.8590248888888888,-6.211047619047619
89.542,-1.6298,25.78518,0.859506,-6.2087619047619045
89.592,-1.6295333333333335,25.79962,0.8599873333333333,-6.207746031746032
89.642,-1.6292666666666666,25.814086666666665,0.8604695555555555,-6.206730158730158
89.692,-1.6292,25.828553333333332,0.8609517777777778,-6.20647619047619
89.742,-1.6291333333333333,25.843026666666667,0.8614342222222222,-6.206222222222222
89.792,-1.6281333333333334,25.85746,0.8619153333333334,-6.202412698412698
89.842,-1.6271333333333333,25.8719,0.8623966666666667,-6.198603174603174
89.892,-1.6268,25.88634,0.862878,-6.197333333333333
89.942,-1.6264666666666665,25.900806666666664,0.8633602222222222,-6.196063492063491
89.992,-1.6261333333333332,25.91528,0.8638426666666666,-6.19479365079365
90.043,-1.6252,25.929746666666666,0.8643248888888889,-6.191238095238095
90.093,-1.6242666666666667,25.944213333333334,0.8648071111111111,-6.18768253968254
90.143,-1.623,25.958686666666665,0.8652895555555555,-6.182857142857142
90.193,-1.6217333333333335,25.973153333333336,0.8657717777777779,-6.178031746031746
90.243,-1.6208,25.987653333333334,0.8662551111111111,-6.174476190476191
90.293,-1.6198666666666668,26.002153333333336,0.8667384444444445,-6.170920634920635
90.343,-1.6185333333333334,26.01662,0.8672206666666666,-6.16584126984127
90.393,-1.6172,26.031086666666667,0.8677028888888889,-6.160761904761904
90.443,-1.6158666666666666,26.045560000000002,0.8681853333333334,-6.155682539682539
90.493,-1.6145333333333334,26.060026666666666,0.8686675555555555,-6.150603174603175
90.543,-1.6148,26.074526666666667,0.8691508888888889,-6.1516190476190475
90.593,-1.6152000000000002,26.089026666666665,0.8696342222222222,-6.153142857142858
90.643,-1.6160666666666665,26.103493333333333,0.8701164444444445,-6.1564444444444435
90.693,-1.6162,26.117966666666668,0.8705988888888889,-6.156952380952381
90.743,-1.6163333333333334,26.13243333333333,0.8710811111111111,-6.157460317460317
90.793,-1.6164666666666667,26.146900000000002,0.8715633333333334,-6.157968253968254
90.843,-1.6166000000000003,26.161373333333334,0.8720457777777778,-6.1584761904761915
90.893,-1.6172,26.17584,0.8725280000000001,-6.160761904761904
90.943,-1.6178,26.190273333333334,0.8730091111111111,-6.163047619047618
90.993,-1.6180666666666668,26.204713333333334,0.8734904444444445,-6.164063492063492
91.043,-1.6183333333333332,26.219153333333335,0.8739717777777778,-6.1650793650793645
91.093,-1.6184,26.23362,0.874454,-6.165333333333333
91.143,-1.6184666666666667,26.248093333333333,0.8749364444444444,-6.165587301587301
91.193,-1.6178666666666668,26.26256,0.8754186666666667,-6.1633015873015875
91.243,-1.6172666666666666,26.276999999999997,0.8758999999999999,-6.161015873015873
91.293,-1.6156666666666666,26.29144,0.8763813333333333,-6.154920634920634
91.343,-1.6136666666666668,26.305873333333334,0.8768624444444445,-6.1473015873015875
91.393,-1.6116666666666668,26.32034666666667,0.877344888888889,-6.13968253968254
91.443,-1.6105333333333334,26.334813333333333,0.8778271111111111,-6.135365079365079
91.493,-1.6094000000000002,26.349253333333333,0.8783084444444444,-6.131047619047619
91.543,-1.6088,26.363693333333334,0.8787897777777778,-6.128761904761904
91.593,-1.6082,26.378126666666667,0.8792708888888889,-6.126476190476191
91.643,-1.6076000000000001,26.39256,0.879752,-6.124190476190477
91.693,-1.607,26.407033333333334,0.8802344444444444,-6.121904761904761
91.743,-1.6065333333333334,26.421499999999998,0.8807166666666666,-6.120126984126984
91.793,-1.6060666666666668,26.435940000000002,0.881198,-6.118349206349206
91.843,-1.6056,26.45038,0.8816793333333333,-6.116571428571428
91.893,-1.6051333333333335,26.464813333333332,0.8821604444444444,-6.114793650793652
91.943,-1.6046,26.479253333333336,0.8826417777777779,-6.112761904761904
91.993,-1.6040666666666668,26.49372,0.883124,-6.110730158730159
92.043,-1.6033333333333333,26.508186666666667,0.8836062222222222,-6.1079365079365076
92.093,-1.6036000000000001,26.522626666666667,0.8840875555555556,-6.108952380952381
92.143,-1.6038666666666666,26.53706,0.8845686666666667,-6.109968253968253
92.193,-1.6048,26.551499999999997,0.8850499999999999,-6.11352380952381
92.243,-1.6057333333333335,26.565966666666668,0.8855322222222223,-6.117079365079365
92.293,-1.6062,26.580433333333335,0.8860144444444445,-6.118857142857143
92.343,-1.6066666666666667,26.5949,0.8864966666666666,-6.12063492063492
92.393,-1.6068666666666667,26.60934,0.8869779999999999,-6.121396825396825
92.443,-1.6070666666666669,26.623773333333336,0.8874591111111112,-6.122158730158731
92.493,-1.607,26.638213333333333,0.8879404444444444,-6.121904761904761
92.543,-1.6069333333333333,26.65268,0.8884226666666667,-6.121650793650794
92.593,-1.6076666666666668,26.667146666666667,0.888904888888889,-6.124444444444444
92.643,-1.6084,26.681620000000002,0.8893873333333334,-6.127238095238095
92.693,-1.6101333333333334,26.696053333333335,0.8898684444444445,-6.13384126984127
92.743,-1.6118666666666668,26.710493333333332,0.8903497777777777,-6.140444444444444
92.793,-1.6139333333333332,26.724933333333336,0.8908311111111112,-6.148317460317459
92.843,-1.6146,26.7394,0.8913133333333333,-6.150857142857142
92.893,-1.6152666666666666,26.753873333333335,0.8917957777777779,-6.153396825396825
92.944,-1.6150666666666667,26.768340000000002,0.892278,-6.15263492063492
92.994,-1.6148666666666667,26.782806666666666,0.8927602222222222,-6.151873015873016
93.044,-1.6152000000000002,26.797273333333333,0.8932424444444445,-6.153142857142858
93.094,-1.6155333333333333,26.811746666666668,0.8937248888888889,-6.154412698412698
93.144,-1.6158000000000001,26.82624666666667,0.8942082222222223,-6.155428571428572
93.194,-1.6160666666666665,26.840746666666668,0.8946915555555556,-6.1564444444444435
93.244,-1.617,26.85521333333333,0.8951737777777777,-6.16
93.294,-1.6179333333333334,26.869680000000002,0.8956560000000001,-6.163555555555556
93.344,-1.6181333333333334,26.884153333333334,0.8961384444444445,-6.16431746031746
93.394,-1.6183333333333332,26.89862,0.8966206666666667,-6.1650793650793645
93.444,-1.6179333333333334,26.91312,0.897104,-6.163555555555556
93.494,-1.6174,26.92762,0.8975873333333334,-6.161523809523809
93.544,-1.6168,26.94208666666667,0.8980695555555556,-6.159238095238095
93.594,-1.6168,26.956560000000003,0.8985520000000001,-6.159238095238095
93.644,-1.6168,26.971026666666667,0.8990342222222222,-6.159238095238095
93.694,-1.6166666666666667,26.985493333333334,0.8995164444444445,-6.158730158730158
93.744,-1.6165333333333334,26.999959999999998,0.8999986666666666,-6.158222222222222
93.794,-1.6156666666666666,27.014433333333333,0.9004811111111111,-6.154920634920634
93.844,-1.6148,27.028866666666666,0.9009622222222222,-6.1516190476190475
93.894,-1.614,27.04330666666667,0.9014435555555557,-6.148571428571429
93.944,-1.6132,27.057746666666667,0.9019248888888889,-6.145523809523809
93.994,-1.6122666666666667,27.07221333333333,0.902407111111111,-6.141968253968254
94.044,-1.6113333333333335,27.086686666666665,0.9028895555555555,-6.138412698412699
94.094,-1.6101333333333334,27.101153333333333,0.9033717777777778,-6.13384126984127
94.144,-1.6089333333333333,27.115593333333333,0.9038531111111111,-6.129269841269841
94.194,-1.6074,27.130033333333333,0.9043344444444444,-6.123428571428571
94.244,-1.6058666666666668,27.144466666666666,0.9048155555555556,-6.117587301587302
94.294,-1.6043333333333334,27.158939999999998,0.9052979999999999,-6.111746031746032
94.344,-1.6033333333333333,27.173406666666665,0.9057802222222222,-6.1079365079365076
94.395,-1.6023333333333334,27.187873333333336,0.9062624444444445,-6.104126984126984
94.445,-1.6014666666666668,27.20234,0.9067446666666666,-6.100825396825397
94.495,-1.6006,27.216813333333334,0.9072271111111111,-6.09752380952381
94.545,-1.5998666666666668,27.23128,0.9077093333333334,-6.094730158730159
94.595,-1.5991333333333335,27.24578,0.9081926666666666,-6.091936507936508
94.645,-1.5986666666666667,27.26028,0.908676,-6.09015873015873
94.695,-1.5981999999999998,27.274746666666665,0.9091582222222222,-6.088380952380952
94.745,-1.5978666666666668,27.28922,0.9096406666666667,-6.087111111111112
94.795,-1.5975333333333335,27.303686666666668,0.9101228888888889,-6.0858412698412705
94.845,-1.5981333333333334,27.31815333333333,0.9106051111111111,-6.088126984126984
94.895,-1.5987333333333333,27.332653333333333,0.9110884444444445,-6.090412698412698
94.945,-1.5998666666666668,27.34715333333333,0.9115717777777778,-6.094730158730159
94.995,-1.6012,27.361626666666666,0.9120542222222222,-6.099809523809523
95.045,-1.6025333333333334,27.376093333333333,0.9125364444444445,-6.104888888888889
95.095,-1.6034666666666666,27.39056,0.9130186666666666,-6.108444444444444
95.145,-1.6044000000000003,27.405026666666668,0.9135008888888889,-6.112000000000001
95.195,-1.6056666666666668,27.419500000000003,0.9139833333333335,-6.116825396825397
95.245,-1.6069333333333333,27.433966666666667,0.9144655555555555,-6.121650793650794
95.295,-1.6082,27.448406666666664,0.9149468888888888,-6.126476190476191
95.345,-1.6094666666666666,27.462846666666668,0.9154282222222222,-6.131301587301587
95.395,-1.6106,27.47728,0.9159093333333334,-6.1356190476190475
95.445,-1.6117333333333335,27.491753333333335,0.9163917777777778,-6.1399365079365085
95.495,-1.6120666666666668,27.50622,0.916874,-6.14120634920635
95.545,-1.6124,27.520686666666666,0.9173562222222222,-6.142476190476191
95.595,-1.6121333333333334,27.535126666666667,0.9178375555555556,-6.141460317460318
95.645,-1.6114666666666666,27.54956,0.9183186666666666,-6.138920634920634
95.695,-1.6105333333333334,27.564,0.9188,-6.135365079365079
95.745,-1.6103333333333334,27.578466666666667,0.9192822222222222,-6.134603174603175
95.795,-1.6101333333333334,27.592933333333335,0.9197644444444445,-6.13384126984127
95.845,-1.6101333333333334,27.60737333333333,0.9202457777777777,-6.13384126984127
95.895,-1.6101333333333334,27.621813333333332,0.920727111111111,-6.13384126984127
95.945,-1.6094000000000002,27.63624666666667,0.9212082222222223,-6.131047619047619
95.995,-1.608666666666667,27.650686666666665,0.9216895555555555,-6.1282539682539685
96.045,-1.6081333333333334,27.665153333333333,0.9221717777777777,-6.126222222222222
96.095,-1.6076000000000001,27.67962,0.922654,-6.124190476190477
96.145,-1.6064666666666667,27.69406,0.9231353333333333,-6.119873015873016
96.195,-1.6053333333333335,27.708493333333333,0.9236164444444445,-6.115555555555556
96.245,-1.6046666666666667,27.722933333333334,0.9240977777777778,-6.113015873015873
96.295,-1.604,27.737373333333334,0.9245791111111111,-6.110476190476191
96.345,-1.6036000000000001,27.75184,0.9250613333333334,-6.108952380952381
96.395,-1.6036000000000001,27.766313333333336,0.9255437777777779,-6.108952380952381
96.445,-1.6036000000000001,27.78074666666667,0.926024888888889,-6.108952380952381
96.495,-1.6032000000000002,27.795180000000002,0.926506,-6.107428571428572
96.545,-1.6028,27.80962,0.9269873333333333,-6.105904761904761
96.595,-1.6018000000000001,27.82408666666667,0.9274695555555557,-6.102095238095238
96.645,-1.6008,27.838553333333333,0.9279517777777778,-6.098285714285714
96.695,-1.6000666666666667,27.853026666666665,0.9284342222222222,-6.095492063492063
96.745,-1.5993333333333335,27.86746,0.9289153333333334,-6.092698412698413
96.795,-1.5988,27.881899999999998,0.9293966666666666,-6.0906666666666665
96.845,-1.5982666666666667,27.896340000000002,0.9298780000000001,-6.08863492063492
96.895,-1.5989333333333335,27.910806666666666,0.9303602222222221,-6.091174603174604
96.945,-1.5996,27.925279999999997,0.9308426666666666,-6.093714285714285
96.995,-1.6009333333333333,27.939746666666668,0.931324888888889,-6.098793650793651
97.045,-1.6022666666666667,27.954186666666665,0.9318062222222222,-6.103873015873016
97.095,-1.6034000000000002,27.96862666666667,0.9322875555555556,-6.108190476190477
97.145,-1.6036666666666666,27.983060000000002,0.9327686666666667,-6.109206349206349
97.195,-1.6039333333333334,27.997526666666666,0.9332508888888889,-6.110222222222222
97.245,-1.6032666666666666,28.012,0.9337333333333333,-6.107682539682539
97.296,-1.6026,28.026466666666668,0.9342155555555556,-6.105142857142857
97.346,-1.6026666666666667,28.04093333333333,0.9346977777777777,-6.105396825396825
97.396,-1.6027333333333333,28.055406666666666,0.9351802222222222,-6.105650793650794
97.446,-1.6029333333333333,28.06987333333333,0.9356624444444444,-6.106412698412698
97.496,-1.6031333333333333,28.084373333333335,0.9361457777777779,-6.107174603174602
97.546,-1.6030000000000002,28.098873333333334,0.9366291111111111,-6.106666666666667
97.596,-1.6028666666666669,28.11334,0.9371113333333334,-6.106158730158731
97.646,-1.6018666666666668,28.127813333333332,0.9375937777777777,-6.102349206349206
97.696,-1.6008666666666669,28.142280000000003,0.9380760000000001,-6.098539682539683
97.746,-1.5997999999999999,28.156746666666667,0.9385582222222222,-6.09447619047619
97.796,-1.5987333333333333,28.171246666666665,0.9390415555555555,-6.090412698412698
97.846,-1.5982666666666667,28.185746666666667,0.9395248888888889,-6.08863492063492
97.896,-1.5986,28.200213333333334,0.9400071111111111,-6.089904761904762
97.946,-1.5989333333333335,28.21468666666667,0.9404895555555556,-6.091174603174604
97.996,-1.5996666666666668,28.229153333333333,0.9409717777777777,-6.093968253968254
98.046,-1.6004,28.24362,0.941454,-6.096761904761904
98.096,-1.6005333333333334,28.25809333333333,0.9419364444444444,-6.097269841269841
98.146,-1.6006666666666667,28.27256,0.9424186666666666,-6.097777777777778
98.196,-1.6003333333333332,28.287,0.9429,-6.096507936507936
98.246,-1.6,28.30144,0.9433813333333333,-6.095238095238095
98.296,-1.6001333333333332,28.315873333333336,0.9438624444444446,-6.095746031746031
98.346,-1.6002666666666667,28.330346666666667,0.9443448888888889,-6.0962539682539685
98.396,-1.6011333333333333,28.34481333333333,0.9448271111111111,-6.099555555555555
98.446,-1.602,28.359280000000002,0.9453093333333334,-6.102857142857143
98.496,-1.6027333333333333,28.37372,0.9457906666666667,-6.105650793650794
98.546,-1.6034000000000002,28.38815333333333,0.9462717777777777,-6.108190476190477
98.596,-1.6035333333333335,28.402586666666664,0.9467528888888889,-6.108698412698413
98.646,-1.6044000000000003,28.41706,0.9472353333333333,-6.112000000000001
98.696,-1.6052666666666666,28.431526666666667,0.9477175555555556,-6.115301587301587
98.747,-1.6056,28.445993333333334,0.9481997777777778,-6.116571428571428
98.797,-1.6059333333333334,28.460466666666665,0.9486822222222222,-6.11784126984127
98.847,-1.6060666666666668,28.474933333333336,0.9491644444444446,-6.118349206349206
98.897,-1.6062,28.4894,0.9496466666666666,-6.118857142857143
98.947,-1.6071333333333333,28.503899999999998,0.9501299999999999,-6.122412698412698
98.997,-1.6080666666666668,28.5184,0.9506133333333333,-6.125968253968254
99.047,-1.6081333333333334,28.532873333333335,0.9510957777777779,-6.126222222222222
99.097,-1.6082,28.547340000000002,0.951578,-6.126476190476191
99.147,-1.6079333333333332,28.561806666666666,0.9520602222222222,-6.125460317460317
99.197,-1.6076666666666668,28.57628,0.9525426666666666,-6.124444444444444
99.247,-1.6080666666666668,28.59078,0.9530259999999999,-6.125968253968254
99.297,-1.6084,28.60528,0.9535093333333333,-6.127238095238095
99.347,-1.6087333333333333,28.619753333333335,0.9539917777777779,-6.128507936507936
99.397,-1.6077333333333332,28.634220000000003,0.954474,-6.124698412698412
99.447,-1.6067333333333333,28.648686666666666,0.9549562222222222,-6.120888888888889
99.497,-1.6062666666666667,28.66316,0.9554386666666667,-6.119111111111111
99.547,-1.6058,28.677626666666665,0.9559208888888888,-6.117333333333333
99.597,-1.6059333333333332,28.692093333333332,0.9564031111111111,-6.117841269841269
99.647,-1.6060666666666668,28.706533333333333,0.9568844444444444,-6.118349206349206
99.697,-1.606,28.720966666666666,0.9573655555555555,-6.118095238095238
99.747,-1.6059333333333332,28.735406666666666,0.9578468888888889,-6.117841269841269
99.797,-1.6066,28.749873333333333,0.9583291111111111,-6.120380952380952
99.847,-1.6072666666666668,28.76434,0.9588113333333333,-6.122920634920636
99.897,-1.6071333333333333,28.778813333333336,0.9592937777777778,-6.122412698412698
99.947,-1.607,28.79324666666667,0.959774888888889,-6.121904761904761
99.997,-1.6056666666666668,28.80768,0.960256,-6.116825396825397
100.047,-1.605,28.822119999999998,0.9607373333333332,-6.114285714285714
100.097,-1.6043333333333334,28.836586666666665,0.9612195555555555,-6.111746031746032
100.147,-1.6056666666666668,28.851053333333333,0.9617017777777778,-6.116825396825397
100.197,-1.607,28.865493333333333,0.9621831111111111,-6.121904761904761
100.247,-1.6088666666666667,28.879926666666666,0.9626642222222223,-6.129015873015873
100.297,-1.6107333333333334,28.894366666666667,0.9631455555555556,-6.136126984126984
100.347,-1.6118666666666668,28.908806666666667,0.9636268888888889,-6.140444444444444
100.397,-1.613,28.923273333333334,0.9641091111111112,-6.144761904761904
100.447,-1.6137333333333332,28.937746666666666,0.9645915555555555,-6.147555555555555
100.497,-1.6144666666666665,28.95218,0.9650726666666666,-6.150349206349206
100.547,-1.6146666666666667,28.96662,0.9655539999999999,-6.151111111111111
100.597,-1.6148666666666667,28.98106,0.9660353333333334,-6.151873015873016
100.647,-1.6154000000000002,28.995493333333336,0.9665164444444445,-6.153904761904762
100.697,-1.6159333333333334,29.00996,0.9669986666666667,-6.1559365079365085
100.747,-1.6176666666666668,29.02443333333333,0.967481111111111,-6.162539682539683
100.797,-1.6196,29.038866666666667,0.9679622222222223,-6.169904761904761
100.847,-1.6215333333333333,29.053306666666668,0.9684435555555556,-6.17726984126984
100.897,-1.6216000000000002,29.067746666666668,0.968924888888889,-6.17752380952381
100.947,-1.6216666666666666,29.082213333333335,0.9694071111111112,-6.177777777777777
100.997,-1.6207333333333334,29.096686666666667,0.9698895555555556,-6.174222222222222
101.047,-1.6198000000000001,29.111153333333334,0.9703717777777778,-6.1706666666666665
101.097,-1.6197333333333332,29.12559333333333,0.9708531111111111,-6.170412698412698
101.147,-1.6196666666666668,29.140033333333335,0.9713344444444445,-6.170158730158731
101.197,-1.6202,29.154466666666668,0.9718155555555555,-6.172190476190476
101.247,-1.6207333333333334,29.168940000000003,0.9722980000000001,-6.174222222222222
101.297,-1.6213333333333333,29.183406666666666,0.9727802222222223,-6.176507936507936
101.347,-1.6219333333333334,29.197873333333334,0.9732624444444444,-6.178793650793651
101.397,-1.6232,29.212313333333334,0.9737437777777778,-6.183619047619048
101.447,-1.6246666666666667,29.22675333333333,0.974225111111111,-6.189206349206349
101.497,-1.6251333333333333,29.241186666666668,0.9747062222222223,-6.190984126984127
101.547,-1.6238,29.25566,0.9751886666666666,-6.185904761904761
101.597,-1.6224666666666667,29.270126666666666,0.9756708888888889,-6.180825396825397
101.648,-1.6217333333333335,29.284593333333337,0.9761531111111112,-6.178031746031746
101.698,-1.621,29.299066666666665,0.9766355555555555,-6.175238095238095
101.748,-1.6214666666666666,29.313533333333332,0.9771177777777778,-6.177015873015873
101.798,-1.6219333333333334,29.328,0.9776,-6.178793650793651
101.848,-1.6216000000000002,29.342499999999998,0.9780833333333333,-6.17752380952381
101.898,-1.6212666666666666,29.357000000000003,0.9785666666666668,-6.176253968253968
101.948,-1.6208666666666667,29.37147333333333,0.979049111111111,-6.174730158730158
101.998,-1.6204666666666665,29.38594,0.9795313333333334,-6.173206349206349
102.048,-1.6208,29.400406666666665,0.9800135555555555,-6.174476190476191
102.098,-1.6211333333333333,29.414873333333333,0.9804957777777777,-6.175746031746032
102.148,-1.6206,29.429373333333334,0.9809791111111111,-6.1737142857142855
102.198,-1.6202,29.443873333333332,0.9814624444444444,-6.172190476190476
102.248,-1.6198000000000001,29.458346666666667,0.9819448888888889,-6.1706666666666665
102.298,-1.6216000000000002,29.47281333333333,0.982427111111111,-6.17752380952381
102.348,-1.6234,29.48728,0.9829093333333333,-6.184380952380952
102.398,-1.6249333333333333,29.501753333333333,0.9833917777777778,-6.190222222222222
102.448,-1.6264666666666665,29.516219999999997,0.9838739999999999,-6.196063492063491
102.498,-1.6273333333333333,29.530686666666668,0.9843562222222223,-6.199365079365079
102.548,-1.6281999999999999,29.545126666666665,0.9848375555555555,-6.202666666666666
102.598,-1.6298,29.559559999999998,0.9853186666666666,-6.2087619047619045
102.648,-1.6314,29.574,0.9858,-6.214857142857142
102.698,-1.6322666666666665,29.588466666666665,0.9862822222222222,-6.21815873015873
102.748,-1.6331333333333333,29.602933333333333,0.9867644444444444,-6.221460317460317
102.798,-1.6333333333333333,29.6174,0.9872466666666667,-6.222222222222221
102.848,-1.6335333333333333,29.63184,0.987728,-6.222984126984127
102.898,-1.6343999999999999,29.646273333333333,0.9882091111111111,-6.226285714285713
102.948,-1.6351333333333333,29.660713333333334,0.9886904444444444,-6.2290793650793645
102.998,-1.6358666666666666,29.67518,0.9891726666666667,-6.231873015873015
103.048,-1.6359333333333332,29.689646666666665,0.9896548888888889,-6.2321269841269835
103.099,-1.636,29.70412,0.9901373333333333,-6.232380952380952
103.149,-1.6363333333333332,29.718586666666667,0.9906195555555556,-6.233650793650793
103.199,-1.6366666666666667,29.73305333333333,0.9911017777777776,-6.234920634920635
103.249,-1.6369333333333331,29.747526666666666,0.9915842222222222,-6.235936507936507
103.299,-1.6372,29.762026666666667,0.9920675555555556,-6.23695238095238
103.349,-1.6367333333333332,29.776526666666665,0.9925508888888889,-6.2351746031746025
103.399,-1.6362666666666668,29.790993333333333,0.9930331111111111,-6.2333968253968255
103.449,-1.6366,29.80546,0.9935153333333333,-6.234666666666667
103.499,-1.6369333333333331,29.819926666666667,0.9939975555555556,-6.235936507936507
103.549,-1.6378666666666666,29.834400000000002,0.99448,-6.2394920634920625
103.599,-1.6385333333333334,29.8489,0.9949633333333333,-6.242031746031746
103.649,-1.639,29.863400000000002,0.9954466666666667,-6.2438095238095235
103.699,-1.6386666666666665,29.877866666666666,0.9959288888888889,-6.2425396825396815
103.749,-1.6383333333333332,29.892333333333333,0.9964111111111111,-6.24126984126984
103.799,-1.6366666666666667,29.906806666666668,0.9968935555555556,-6.234920634920635
103.849,-1.635,29.921273333333332,0.9973757777777778,-6.228571428571429
103.899,-1.6331333333333333,29.93574,0.997858,-6.221460317460317
103.949,-1.6312666666666666,29.950213333333334,0.9983404444444445,-6.214349206349206
103.999,-1.6297333333333333,29.964646666666667,0.9988215555555555,-6.208507936507936
104.049,-1.6281999999999999,29.979086666666667,0.999302888888889,-6.202666666666666
104.099,-1.6278000000000001,29.993526666666664,0.9997842222222222,-6.201142857142857
104.149,-1.6274000000000002,30.007993333333335,1.0002664444444445,-6.1996190476190485
104.199,-1.6274666666666666,30.022460000000002,1.0007486666666667,-6.199873015873015
104.249,-1.6275333333333333,30.03693333333333,1.001231111111111,-6.2001269841269835
104.299,-1.6269333333333333,30.05136666666667,1.0017122222222223,-6.19784126984127
104.349,-1.6263333333333334,30.065806666666667,1.0021935555555557,-6.195555555555556
104.399,-1.6257333333333333,30.080246666666667,1.002674888888889,-6.19326984126984
104.449,-1.6256666666666666,30.094713333333335,1.003157111111111,-6.193015873015873
104.499,-1.6256,30.10918666666667,1.0036395555555557,-6.1927619047619045
104.549,-1.6258000000000001,30.123620000000003,1.0041206666666667,-6.19352380952381
104.599,-1.6260000000000001,30.13806,1.004602,-6.194285714285715
104.649,-1.6265333333333334,30.1525,1.0050833333333333,-6.19631746031746
104.699,-1.6270666666666667,30.166933333333336,1.0055644444444445,-6.1983492063492065
104.749,-1.6273333333333333,30.181406666666664,1.0060468888888887,-6.199365079365079
104.799,-1.6276000000000002,30.195873333333335,1.0065291111111112,-6.200380952380953
104.849,-1.6268,30.210306666666668,1.0070102222222224,-6.197333333333333
104.899,-1.6260000000000001,30.224746666666665,1.0074915555555555,-6.194285714285715
104.949,-1.6247333333333331,30.23918666666667,1.007972888888889,-6.189460317460316
104.999,-1.6234666666666666,30.25362,1.008454,-6.18463492063492
105.049,-1.6224,30.268093333333333,1.0089364444444444,-6.180571428571429
105.099,-1.6218000000000001,30.28256,1.0094186666666667,-6.178285714285715
105.149,-1.6212000000000002,30.297,1.0099,-6.176
105.199,-1.6215333333333333,30.31144,1.0103813333333334,-6.17726984126984
105.249,-1.6218666666666666,30.325873333333334,1.0108624444444445,-6.178539682539682
105.299,-1.6234666666666666,30.34034666666667,1.011344888888889,-6.18463492063492
105.349,-1.6250666666666667,30.354813333333333,1.011827111111111,-6.190730158730158
105.399,-1.6267333333333334,30.36928,1.0123093333333333,-6.1970793650793645
105.449,-1.6283999999999998,30.38372,1.0127906666666666,-6.203428571428571
105.499,-1.63,30.398153333333333,1.0132717777777778,-6.209523809523809
105.549,-1.6316,30.412586666666666,1.013752888888889,-6.215619047619047
105.599,-1.6321333333333332,30.427059999999997,1.0142353333333332,-6.217650793650793
105.649,-1.6326666666666665,30.441526666666668,1.0147175555555557,-6.219682539682538
105.699,-1.6328666666666665,30.455993333333332,1.0151997777777777,-6.2204444444444436
105.749,-1.6330666666666667,30.470433333333336,1.0156811111111113,-6.221206349206349
105.799,-1.6336,30.48486666666667,1.0161622222222222,-6.223238095238095
105.849,-1.6339333333333335,30.499306666666666,1.0166435555555555,-6.224507936507937
105.899,-1.6342666666666665,30.513773333333333,1.0171257777777778,-6.225777777777777
105.949,-1.6336666666666666,30.52824,1.017608,-6.223492063492063
106.0,-1.6330666666666667,30.54271333333333,1.0180904444444443,-6.221206349206349
106.05,-1.6315333333333333,30.557180000000002,1.0185726666666668,-6.215365079365079
106.1,-1.63,30.571646666666666,1.0190548888888888,-6.209523809523809
106.15,-1.6276000000000002,30.58612,1.0195373333333333,-6.200380952380953
106.2,-1.6252,30.60062,1.0200206666666667,-6.191238095238095
106.25,-1.6230666666666667,30.61512,1.020504,-6.183111111111111
106.3,-1.6209333333333333,30.629593333333332,1.0209864444444443,-6.174984126984127
106.35,-1.6203333333333334,30.644060000000003,1.0214686666666668,-6.172698412698413
106.4,-1.6197333333333332,30.658526666666667,1.0219508888888889,-6.170412698412698
106.45,-1.6192,30.673000000000002,1.0224333333333333,-6.168380952380952
106.5,-1.6193333333333333,30.6875,1.0229166666666667,-6.168888888888889
106.55,-1.6192,30.701999999999998,1.0233999999999999,-6.168380952380952
106.6,-1.6185333333333334,30.71646666666667,1.0238822222222224,-6.16584126984127
106.65,-1.6178666666666668,30.730933333333333,1.0243644444444444,-6.1633015873015875
106.7,-1.6172000000000002,30.745406666666668,1.0248468888888889,-6.160761904761905
106.75,-1.6165333333333334,30.759873333333335,1.0253291111111111,-6.158222222222222
106.8,-1.6163333333333334,30.77434,1.0258113333333332,-6.157460317460317
106.85,-1.6161333333333334,30.788813333333334,1.0262937777777779,-6.156698412698413
106.9,-1.6161333333333334,30.803246666666666,1.0267748888888888,-6.156698412698413
106.95,-1.6161333333333334,30.81768,1.027256,-6.156698412698413
107.0,-1.6157333333333335,30.83212,1.0277373333333333,-6.155174603174603
107.05,-1.6153333333333333,30.846586666666667,1.0282195555555556,-6.153650793650793
107.1,-1.6153333333333333,30.861053333333334,1.0287017777777778,-6.153650793650793
107.15,-1.6153333333333333,30.875526666666666,1.0291842222222223,-6.153650793650793
107.2,-1.6157333333333335,30.88996,1.0296653333333332,-6.155174603174603
107.25,-1.6157333333333335,30.9044,1.0301466666666665,-6.155174603174603
107.3,-1.6157333333333335,30.91884,1.0306279999999999,-6.155174603174603
107.35,-1.6161333333333334,30.933306666666667,1.0311102222222222,-6.156698412698413
107.4,-1.6165333333333334,30.94778,1.0315926666666668,-6.158222222222222
107.451,-1.6164666666666667,30.962246666666665,1.0320748888888889,-6.157968253968254
107.501,-1.6164,30.976713333333336,1.0325571111111111,-6.1577142857142855
107.551,-1.6163333333333334,30.991186666666668,1.0330395555555556,-6.157460317460317
107.601,-1.6162666666666667,31.00565333333333,1.0335217777777777,-6.15720634920635
107.651,-1.6174666666666666,31.020153333333333,1.034005111111111,-6.161777777777777
107.701,-1.6186666666666667,31.03465333333333,1.0344884444444444,-6.1663492063492065
107.751,-1.62,31.049120000000002,1.0349706666666667,-6.171428571428572
107.801,-1.6213333333333333,31.063586666666666,1.0354528888888888,-6.176507936507936
107.851,-1.6217333333333335,31.07806,1.0359353333333334,-6.178031746031746
107.901,-1.6221333333333334,31.092526666666668,1.0364175555555557,-6.179555555555556
107.951,-1.6214666666666666,31.10702666666667,1.036900888888889,-6.177015873015873
108.001,-1.6208,31.121526666666668,1.0373842222222223,-6.174476190476191
108.051,-1.6201333333333332,31.13599333333333,1.0378664444444443,-6.171936507936508
108.101,-1.6198000000000001,31.150466666666667,1.038348888888889,-6.1706666666666665
108.151,-1.6194666666666668,31.164933333333334,1.038831111111111,-6.169396825396825
108.201,-1.6194,31.179399999999998,1.0393133333333333,-6.169142857142857
108.251,-1.6193333333333333,31.193873333333332,1.0397957777777778,-6.168888888888889
108.301,-1.6188666666666667,31.20834,1.040278,-6.167111111111111
108.351,-1.6184,31.222773333333333,1.0407591111111112,-6.165333333333333
108.401,-1.6171333333333335,31.237213333333333,1.0412404444444445,-6.160507936507937
108.451,-1.6158666666666666,31.251653333333334,1.0417217777777779,-6.155682539682539
108.501,-1.6144666666666665,31.26612,1.0422040000000001,-6.150349206349206
108.551,-1.6130666666666669,31.280593333333332,1.0426864444444444,-6.145015873015874
108.601,-1.6129333333333333,31.29506,1.0431686666666666,-6.144507936507936
108.651,-1.6128,31.3095,1.04365,-6.144
108.701,-1.6140666666666665,31.32394,1.0441313333333333,-6.148825396825396
108.751,-1.6150666666666667,31.338373333333333,1.0446124444444445,-6.15263492063492
108.801,-1.6160666666666665,31.352846666666668,1.045094888888889,-6.1564444444444435
108.851,-1.6172666666666666,31.367313333333335,1.0455771111111112,-6.161015873015873
108.901,-1.6184666666666667,31.381753333333332,1.0460584444444445,-6.165587301587301
108.951,-1.6193333333333333,31.396193333333333,1.0465397777777778,-6.168888888888889
109.001,-1.6202,31.410626666666666,1.0470208888888888,-6.172190476190476
109.051,-1.6217333333333335,31.42506,1.047502,-6.178031746031746
109.101,-1.6232666666666666,31.439533333333333,1.0479844444444444,-6.183873015873015
109.151,-1.6256666666666666,31.454,1.0484666666666667,-6.193015873015873
109.201,-1.6280666666666666,31.46844,1.048948,-6.20215873015873
109.251,-1.6304,31.48288,1.0494293333333333,-6.211047619047619
109.301,-1.6327333333333334,31.497313333333334,1.0499104444444445,-6.219936507936508
109.351,-1.6337333333333333,31.511753333333335,1.0503917777777778,-6.223746031746031
109.401,-1.6345333333333334,31.526220000000002,1.050874,-6.226793650793651
109.451,-1.6346666666666667,31.540686666666666,1.0513562222222221,-6.227301587301588
109.501,-1.6346666666666667,31.55512666666667,1.0518375555555557,-6.227301587301588
109.551,-1.6346666666666667,31.569560000000003,1.0523186666666668,-6.227301587301588
109.601,-1.6334666666666666,31.584,1.0528,-6.222730158730158
109.651,-1.6322666666666665,31.598466666666663,1.053282222222222,-6.21815873015873
109.701,-1.6314,31.612933333333334,1.0537644444444445,-6.214857142857142
109.751,-1.6305333333333332,31.6274,1.0542466666666668,-6.211555555555555
109.801,-1.6301999999999999,31.641840000000002,1.054728,-6.210285714285714
109.851,-1.6298666666666668,31.656273333333335,1.0552091111111113,-6.209015873015873
109.901,-1.6283333333333334,31.67071333333333,1.0556904444444444,-6.203174603174603
109.951,-1.6268,31.68518,1.0561726666666666,-6.197333333333333
110.001,-1.6251333333333333,31.69964666666667,1.056654888888889,-6.190984126984127
110.051,-1.6234666666666666,31.714119999999998,1.0571373333333332,-6.18463492063492
110.101,-1.6225999999999998,31.72855333333333,1.0576184444444443,-6.181333333333332
110.151,-1.6227333333333334,31.742993333333335,1.0580997777777779,-6.18184126984127
110.201,-1.6228666666666667,31.75743333333333,1.058581111111111,-6.1823492063492065
110.251,-1.6225333333333334,31.771900000000002,1.0590633333333335,-6.181079365079365
110.301,-1.6221999999999999,31.786373333333334,1.0595457777777777,-6.179809523809523
110.352,-1.6219333333333334,31.80084,1.060028,-6.178793650793651
110.402,-1.6216666666666666,31.815306666666668,1.0605102222222222,-6.177777777777777
110.452,-1.6216666666666666,31.829773333333332,1.0609924444444443,-6.177777777777777
110.502,-1.6216666666666666,31.844246666666667,1.061474888888889,-6.177777777777777
110.552,-1.6214000000000002,31.858746666666665,1.0619582222222221,-6.176761904761905
110.602,-1.6211333333333333,31.873246666666667,1.0624415555555555,-6.175746031746032
110.652,-1.6206,31.887713333333334,1.0629237777777778,-6.1737142857142855
110.702,-1.6200666666666668,31.902179999999998,1.0634059999999999,-6.17168253968254
110.752,-1.6196,31.916653333333333,1.0638884444444445,-6.169904761904761
110.802,-1.6191333333333333,31.93112,1.0643706666666666,-6.1681269841269835
110.852,-1.6188,31.94562,1.064854,-6.166857142857142
110.902,-1.6176666666666668,31.96012,1.0653373333333334,-6.162539682539683
110.952,-1.6165333333333334,31.974586666666664,1.0658195555555554,-6.158222222222222
111.002,-1.6157333333333335,31.98906,1.0663019999999999,-6.155174603174603
111.052,-1.6149333333333333,32.003526666666666,1.0667842222222221,-6.1521269841269834
111.102,-1.6148,32.01799333333334,1.0672664444444446,-6.1516190476190475
111.152,-1.614666666666667,32.03246666666667,1.067748888888889,-6.151111111111112
111.202,-1.6144,32.04694,1.0682313333333333,-6.150095238095238
111.252,-1.6141333333333334,32.06137333333333,1.0687124444444442,-6.149079365079365
111.302,-1.6128,32.075813333333336,1.0691937777777778,-6.144
111.352,-1.6114666666666666,32.09025333333333,1.069675111111111,-6.138920634920634
111.402,-1.6109333333333333,32.10472,1.0701573333333334,-6.136888888888889
111.452,-1.6104,32.119193333333335,1.0706397777777779,-6.134857142857143
111.502,-1.6106666666666667,32.13366,1.071122,-6.135873015873016
111.552,-1.6109333333333333,32.1481,1.0716033333333332,-6.136888888888889
111.602,-1.6111333333333335,32.16254,1.0720846666666666,-6.137650793650794
111.652,-1.6108666666666667,32.176973333333336,1.072565777777778,-6.13663492063492
111.702,-1.6106000000000003,32.19144666666667,1.0730482222222224,-6.135619047619048
111.752,-1.6102,32.205913333333335,1.0735304444444445,-6.134095238095238
111.803,-1.6098000000000001,32.22038,1.0740126666666667,-6.132571428571429
111.853,-1.6097333333333335,32.23484666666666,1.0744948888888888,-6.13231746031746
111.903,-1.6096666666666666,32.24931333333333,1.074977111111111,-6.132063492063492
111.953,-1.6098000000000001,32.263780000000004,1.0754593333333335,-6.132571428571429
112.003,-1.6099333333333334,32.27828,1.0759426666666667,-6.133079365079365
112.053,-1.6103333333333334,32.29278,1.076426,-6.134603174603175
112.103,-1.6107333333333334,32.307246666666664,1.0769082222222222,-6.136126984126984
112.153,-1.6114,32.32172,1.0773906666666666,-6.1386666666666665
112.203,-1.6120666666666668,32.33618666666667,1.077872888888889,-6.14120634920635
112.253,-1.6125333333333336,32.350653333333334,1.0783551111111112,-6.142984126984127
112.303,-1.6125333333333336,32.36515333333333,1.0788384444444443,-6.142984126984127
112.353,-1.6122,32.37965333333333,1.0793217777777777,-6.1417142857142855
112.403,-1.6121333333333334,32.394126666666665,1.0798042222222222,-6.141460317460318
112.453,-1.6120666666666668,32.408593333333336,1.0802864444444444,-6.14120634920635
112.503,-1.6120666666666668,32.42306,1.0807686666666667,-6.14120634920635
112.553,-1.6120666666666668,32.43752666666667,1.081250888888889,-6.14120634920635
112.603,-1.6118,32.452,1.0817333333333332,-6.140190476190476
112.653,-1.6115333333333335,32.46646666666667,1.0822155555555557,-6.139174603174603
112.703,-1.6104666666666667,32.48090666666666,1.0826968888888888,-6.135111111111111
112.753,-1.6094000000000002,32.49534666666667,1.0831782222222224,-6.131047619047619
112.803,-1.6085333333333334,32.50978,1.0836593333333333,-6.127746031746032
112.853,-1.6076666666666668,32.524253333333334,1.0841417777777778,-6.124444444444444
112.903,-1.6066,32.53872,1.084624,-6.120380952380952
112.953,-1.6055333333333335,32.55318666666667,1.0851062222222223,-6.116317460317461
113.003,-1.6044666666666667,32.56762666666667,1.0855875555555556,-6.1122539682539685
113.053,-1.6039333333333334,32.58206,1.0860686666666666,-6.110222222222222
113.103,-1.6034000000000002,32.5965,1.08655,-6.108190476190477
113.153,-1.6030666666666666,32.61096666666666,1.0870322222222222,-6.106920634920635
113.203,-1.6027333333333333,32.62543333333333,1.0875144444444445,-6.105650793650794
113.253,-1.6028,32.639873333333334,1.0879957777777778,-6.105904761904761
113.303,-1.6028666666666667,32.654313333333334,1.0884771111111111,-6.10615873015873
113.353,-1.6030000000000002,32.66874666666667,1.0889582222222223,-6.106666666666667
113.403,-1.6031333333333333,32.683186666666664,1.0894395555555554,-6.107174603174602
113.453,-1.6036666666666666,32.697653333333335,1.0899217777777779,-6.109206349206349
113.503,-1.6042,32.71212,1.090404,-6.111238095238095
113.553,-1.6042666666666667,32.72656,1.0908853333333333,-6.111492063492063
113.603,-1.6043333333333334,32.74099333333333,1.0913664444444442,-6.111746031746032
113.653,-1.6038000000000001,32.755433333333336,1.091847777777778,-6.109714285714286
113.703,-1.6032666666666666,32.76987333333333,1.092329111111111,-6.107682539682539
113.753,-1.6028,32.78434,1.0928113333333334,-6.105904761904761
113.803,-1.6020666666666667,32.798813333333335,1.0932937777777778,-6.103111111111112
113.853,-1.6013333333333333,32.813246666666664,1.0937748888888887,-6.10031746031746
113.903,-1.6009333333333333,32.82768,1.0942560000000001,-6.098793650793651
113.953,-1.6005333333333334,32.84212,1.0947373333333335,-6.097269841269841
114.003,-1.6004,32.856586666666665,1.0952195555555555,-6.096761904761904
114.053,-1.6002666666666667,32.87105333333333,1.0957017777777776,-6.0962539682539685
114.103,-1.6001333333333334,32.885526666666664,1.0961842222222222,-6.095746031746032
114.153,-1.6,32.89996,1.0966653333333334,-6.095238095238095
114.203,-1.5998666666666668,32.9144,1.0971466666666667,-6.094730158730159
114.253,-1.5997333333333335,32.92884,1.097628,-6.094222222222222
114.303,-1.6002666666666667,32.943306666666665,1.098110222222222,-6.0962539682539685
114.353,-1.6008,32.95778,1.0985926666666666,-6.098285714285714
114.403,-1.6018000000000001,32.97224666666667,1.099074888888889,-6.102095238095238
114.453,-1.6028,32.986686666666664,1.0995562222222222,-6.105904761904761
114.503,-1.6025333333333334,33.00112666666667,1.1000375555555557,-6.104888888888889
114.553,-1.6027333333333333,33.01556,1.1005186666666666,-6.105650793650794
114.603,-1.6029333333333333,33.030026666666664,1.101000888888889,-6.106412698412698
114.653,-1.6031333333333333,33.0445,1.1014833333333334,-6.107174603174602
114.704,-1.6033333333333333,33.05896666666667,1.1019655555555556,-6.1079365079365076
114.754,-1.6032000000000002,33.073433333333334,1.1024477777777777,-6.107428571428572
114.804,-1.6030666666666666,33.08790666666667,1.1029302222222224,-6.106920634920635
114.854,-1.6028666666666667,33.10237333333333,1.1034124444444444,-6.10615873015873
114.904,-1.6026666666666667,33.11687333333334,1.103895777777778,-6.105396825396825
114.954,-1.6024,33.131373333333336,1.1043791111111112,-6.104380952380953
115.004,-1.6021333333333334,33.14584,1.1048613333333333,-6.103365079365079
115.054,-1.6008666666666669,33.160313333333335,1.105343777777778,-6.098539682539683
115.104,-1.5996,33.17478,1.105826,-6.093714285714285
115.154,-1.5981333333333334,33.18924666666667,1.1063082222222222,-6.088126984126984
115.204,-1.597,33.20374666666667,1.1067915555555556,-6.083809523809523
115.254,-1.5968666666666667,33.218246666666666,1.1072748888888888,-6.083301587301587
115.304,-1.5966,33.232713333333336,1.1077571111111113,-6.082285714285714
115.354,-1.5963333333333334,33.24718666666667,1.1082395555555558,-6.081269841269841
115.404,-1.5956000000000001,33.261653333333335,1.1087217777777778,-6.078476190476191
115.454,-1.5948666666666669,33.27612,1.1092039999999999,-6.07568253968254
115.504,-1.5942,33.290593333333334,1.1096864444444445,-6.073142857142857
115.554,-1.5935333333333332,33.30506,1.1101686666666666,-6.070603174603174
115.604,-1.5938666666666668,33.3195,1.11065,-6.071873015873016
115.654,-1.5942,33.33394,1.1111313333333332,-6.073142857142857
115.704,-1.595,33.348373333333335,1.1116124444444444,-6.076190476190476
115.754,-1.5958,33.36284666666667,1.112094888888889,-6.079238095238096
115.804,-1.5967333333333333,33.37731333333333,1.1125771111111111,-6.082793650793651
115.854,-1.5976666666666666,33.39178,1.1130593333333332,-6.0863492063492055
115.904,-1.5976000000000001,33.40622,1.1135406666666665,-6.086095238095238
115.954,-1.5974000000000002,33.420653333333334,1.1140217777777779,-6.085333333333334
116.004,-1.5972000000000002,33.435093333333334,1.1145031111111112,-6.084571428571429
116.054,-1.5974666666666666,33.44956666666666,1.1149855555555555,-6.085587301587301
116.104,-1.5977333333333334,33.46403333333333,1.1154677777777777,-6.086603174603175
116.155,-1.5983333333333334,33.478500000000004,1.1159500000000002,-6.088888888888889
116.205,-1.5989333333333335,33.49297333333333,1.1164324444444444,-6.091174603174604
116.255,-1.5995333333333335,33.50744,1.1169146666666667,-6.093460317460318
116.305,-1.6001333333333332,33.521906666666666,1.1173968888888888,-6.095746031746031
116.355,-1.5992,33.53640666666667,1.1178802222222224,-6.092190476190476
116.405,-1.5982666666666667,33.55090666666667,1.1183635555555556,-6.08863492063492
116.455,-1.5971333333333333,33.56538,1.118846,-6.08431746031746
116.505,-1.596,33.57984666666667,1.1193282222222223,-6.08
116.555,-1.596,33.59431333333333,1.1198104444444443,-6.08
116.605,-1.596,33.60878666666667,1.120292888888889,-6.08
116.655,-1.5972666666666666,33.623286666666665,1.1207762222222222,-6.084825396825396
116.705,-1.5981333333333334,33.63778666666666,1.1212595555555553,-6.088126984126984
116.755,-1.599,33.652253333333334,1.1217417777777778,-6.091428571428571
116.805,-1.6,33.666720000000005,1.122224,-6.095238095238095
116.855,-1.601,33.68118666666667,1.1227062222222224,-6.099047619047619
116.905,-1.6022,33.69566,1.1231886666666666,-6.1036190476190475
116.955,-1.6034000000000002,33.71012666666667,1.1236708888888889,-6.108190476190477
117.005,-1.6036666666666666,33.72459333333333,1.124153111111111,-6.109206349206349
117.055,-1.6039333333333334,33.73903333333333,1.1246344444444445,-6.110222222222222
117.105,-1.6046,33.75346666666667,1.1251155555555556,-6.112761904761904
117.155,-1.6052666666666666,33.76790666666667,1.125596888888889,-6.115301587301587
117.205,-1.6062666666666667,33.78237333333333,1.126079111111111,-6.119111111111111
117.255,-1.6072666666666668,33.79684,1.1265613333333335,-6.122920634920636
117.305,-1.6074666666666668,33.81131333333334,1.127043777777778,-6.12368253968254
117.355,-1.6068,33.82574666666667,1.127524888888889,-6.121142857142857
117.405,-1.6058666666666668,33.840180000000004,1.128006,-6.117587301587302
117.455,-1.6048666666666667,33.85462,1.1284873333333332,-6.113777777777777
117.505,-1.6038666666666666,33.86908666666667,1.1289695555555557,-6.109968253968253
117.555,-1.6020666666666665,33.88355333333333,1.1294517777777777,-6.103111111111111
117.605,-1.6002666666666667,33.89799333333333,1.129933111111111,-6.0962539682539685
117.655,-1.5980666666666667,33.91242666666667,1.1304142222222222,-6.087873015873016
117.705,-1.5958666666666668,33.92686666666667,1.1308955555555555,-6.079492063492063
117.755,-1.5944,33.94130666666667,1.1313768888888889,-6.073904761904762
117.805,-1.5929333333333335,33.95577333333333,1.1318591111111111,-6.068317460317461
117.855,-1.5914000000000001,33.97024666666667,1.1323415555555556,-6.062476190476191
117.905,-1.5898666666666665,33.98468,1.1328226666666665,-6.05663492063492
117.955,-1.588,33.99912,1.1333039999999999,-6.0495238095238095
118.005,-1.5861333333333334,34.01356,1.1337853333333332,-6.042412698412698
118.055,-1.5845333333333333,34.027993333333335,1.1342664444444446,-6.03631746031746
118.105,-1.5836000000000001,34.04246,1.1347486666666666,-6.032761904761905
118.155,-1.5826666666666669,34.05693333333333,1.135231111111111,-6.0292063492063495
118.205,-1.5818666666666668,34.07136666666666,1.135712222222222,-6.0261587301587305
118.255,-1.5810666666666668,34.08580666666667,1.1361935555555556,-6.0231111111111115
118.305,-1.5811333333333333,34.10024666666666,1.1366748888888887,-6.023365079365079
118.355,-1.5812,34.114713333333334,1.1371571111111112,-6.023619047619047
118.405,-1.5811333333333333,34.12918666666666,1.1376395555555554,-6.023365079365079
118.455,-1.5810666666666668,34.14365333333333,1.1381217777777777,-6.0231111111111115
118.505,-1.5813333333333333,34.15809333333333,1.138603111111111,-6.024126984126983
118.555,-1.5816000000000001,34.172533333333334,1.1390844444444446,-6.025142857142857
118.605,-1.5823333333333334,34.18696666666666,1.1395655555555555,-6.0279365079365075
118.655,-1.5830666666666666,34.201440000000005,1.1400480000000002,-6.030730158730158
118.705,-1.584,34.21590666666667,1.1405302222222222,-6.034285714285715
118.755,-1.5849333333333333,34.23037333333333,1.1410124444444445,-6.03784126984127
118.805,-1.5862,34.24481333333333,1.1414937777777778,-6.042666666666666
118.855,-1.5872,34.25925333333333,1.141975111111111,-6.04647619047619
118.905,-1.5882,34.27368666666666,1.142456222222222,-6.050285714285714
118.955,-1.5892000000000002,34.28816,1.1429386666666665,-6.054095238095239
119.005,-1.5902,34.30262666666667,1.143420888888889,-6.057904761904762
119.056,-1.5906666666666667,34.31709333333333,1.143903111111111,-6.059682539682539
119.106,-1.5911333333333333,34.33156666666666,1.1443855555555553,-6.061460317460317
119.156,-1.5914000000000001,34.34603333333334,1.144867777777778,-6.062476190476191
119.206,-1.5916666666666666,34.3605,1.14535,-6.063492063492063
119.256,-1.5912666666666666,34.375,1.1458333333333333,-6.061968253968254
119.306,-1.5908666666666667,34.3895,1.1463166666666667,-6.060444444444444
119.356,-1.5906666666666667,34.40397333333333,1.146799111111111,-6.059682539682539
119.406,-1.5904666666666667,34.418440000000004,1.1472813333333334,-6.058920634920635
119.456,-1.5902666666666667,34.43290666666667,1.1477635555555556,-6.0581587301587305
119.506,-1.5900666666666665,34.44737333333333,1.1482457777777777,-6.0573968253968244
119.556,-1.5887333333333333,34.46187333333333,1.148729111111111,-6.05231746031746
119.606,-1.5887333333333333,34.476373333333335,1.1492124444444445,-6.05231746031746
119.656,-1.5887333333333333,34.49084666666667,1.149694888888889,-6.05231746031746
119.706,-1.5890666666666668,34.50531333333333,1.1501771111111112,-6.053587301587302
119.756,-1.5894000000000001,34.51978,1.1506593333333333,-6.054857142857143
119.806,-1.5888666666666669,34.53425333333333,1.1511417777777777,-6.052825396825398
119.856,-1.5883333333333334,34.54872,1.1516240000000002,-6.050793650793651
119.906,-1.5884666666666667,34.56318666666667,1.1521062222222223,-6.051301587301587
119.956,-1.5886,34.57762666666667,1.1525875555555556,-6.051809523809523
120.006,-1.5889333333333333,34.59206,1.1530686666666665,-6.053079365079364
120.056,-1.5892666666666666,34.6065,1.1535499999999999,-6.0543492063492055
120.106,-1.5878,34.62096666666666,1.1540322222222221,-6.048761904761905
120.156,-1.5863333333333334,34.63543333333334,1.1545144444444446,-6.043174603174603
120.206,-1.5840666666666665,34.6499,1.1549966666666667,-6.034539682539681
120.256,-1.5818,34.66434,1.155478,-6.025904761904762
120.306,-1.5802666666666667,34.67877333333333,1.1559591111111112,-6.020063492063492
120.356,-1.578,34.69321333333333,1.1564404444444445,-6.011428571428572
120.406,-1.5757333333333332,34.707679999999996,1.1569226666666665,-6.00279365079365
120.456,-1.573,34.72214666666667,1.1574048888888888,-5.992380952380952
120.507,-1.5702666666666667,34.73662,1.1578873333333335,-5.981968253968254
120.557,-1.568,34.751086666666666,1.1583695555555555,-5.973333333333334
120.607,-1.5657333333333334,34.76555333333333,1.1588517777777776,-5.964698412698413
120.657,-1.5640666666666665,34.78002666666667,1.1593342222222225,-5.958349206349205
120.707,-1.5624,34.79452666666667,1.1598175555555557,-5.952
120.757,-1.5617333333333334,34.80902666666667,1.1603008888888888,-5.949460317460318
120.807,-1.5610666666666666,34.82349333333333,1.160783111111111,-5.946920634920635
120.857,-1.5622666666666667,34.837959999999995,1.1612653333333331,-5.951492063492063
120.907,-1.5634666666666668,34.85243333333334,1.1617477777777778,-5.9560634920634925
120.957,-1.5649333333333333,34.866906666666665,1.1622302222222223,-5.961650793650794
121.007,-1.5660666666666667,34.88140666666666,1.1627135555555554,-5.965968253968254
121.057,-1.5672,34.89590666666666,1.1631968888888886,-5.970285714285714
121.107,-1.5682,34.91037333333334,1.1636791111111113,-5.974095238095238
121.157,-1.5692,34.92484,1.1641613333333334,-5.977904761904761
121.207,-1.5710000000000002,34.93931333333333,1.1646437777777776,-5.984761904761905
121.257,-1.5728,34.95378,1.165126,-5.991619047619047
121.307,-1.5747333333333333,34.968246666666666,1.1656082222222222,-5.998984126984126
121.357,-1.5766666666666667,34.98272,1.1660906666666666,-6.006349206349206
121.407,-1.5770000000000002,34.99715333333334,1.166571777777778,-6.007619047619048
121.457,-1.5773333333333333,35.01159333333333,1.167053111111111,-6.0088888888888885
121.507,-1.5764666666666665,35.02603333333333,1.1675344444444444,-6.0055873015873
121.557,-1.5756000000000001,35.040499999999994,1.1680166666666665,-6.002285714285715
121.607,-1.5746,35.054966666666665,1.1684988888888888,-5.9984761904761905
121.657,-1.5735999999999999,35.069433333333336,1.1689811111111112,-5.994666666666666
121.707,-1.5731333333333335,35.08386666666667,1.1694622222222224,-5.992888888888889
121.757,-1.5732666666666666,35.098306666666666,1.1699435555555555,-5.993396825396825
121.807,-1.5734,35.112746666666666,1.1704248888888888,-5.993904761904761
121.857,-1.5736666666666668,35.12721333333333,1.170907111111111,-5.994920634920635
121.907,-1.5739333333333332,35.14168666666667,1.1713895555555558,-5.9959365079365075
121.957,-1.5733333333333335,35.15612,1.1718706666666667,-5.993650793650794
122.007,-1.5727333333333333,35.17056,1.172352,-5.991365079365079
122.057,-1.5725333333333333,35.184999999999995,1.1728333333333332,-5.990603174603175
122.107,-1.5723333333333334,35.19943333333333,1.1733144444444443,-5.9898412698412695
122.157,-1.5724666666666667,35.21390666666667,1.1737968888888888,-5.990349206349206
122.207,-1.5726,35.22837333333334,1.1742791111111113,-5.990857142857142
122.257,-1.5728,35.24280666666667,1.1747602222222222,-5.991619047619047
122.307,-1.573,35.25724666666667,1.1752415555555555,-5.992380952380952
122.357,-1.5730666666666666,35.27168666666667,1.1757228888888889,-5.99263492063492
122.407,-1.5731333333333335,35.28612,1.1762039999999998,-5.992888888888889
122.457,-1.5735333333333335,35.30059333333334,1.1766864444444447,-5.994412698412699
122.507,-1.5743333333333331,35.31506,1.1771686666666668,-5.997460317460316
122.557,-1.5751333333333333,35.3295,1.17765,-6.000507936507936
122.607,-1.5762,35.343939999999996,1.1781313333333332,-6.0045714285714284
122.657,-1.5772666666666666,35.35837333333333,1.1786124444444444,-6.00863492063492
122.707,-1.5781333333333334,35.37284666666667,1.179094888888889,-6.0119365079365075
122.757,-1.579,35.38731333333333,1.179577111111111,-6.015238095238095
122.807,-1.5790666666666666,35.40178,1.1800593333333333,-6.015492063492063
122.857,-1.5791333333333333,35.416219999999996,1.1805406666666665,-6.015746031746032
122.907,-1.5790666666666666,35.43065333333333,1.1810217777777778,-6.015492063492063
122.957,-1.579,35.44508666666666,1.1815028888888888,-6.015238095238095
123.007,-1.5795333333333332,35.45956,1.1819853333333334,-6.01726984126984
123.057,-1.5800666666666667,35.47402666666667,1.1824675555555555,-6.019301587301587
123.107,-1.5803333333333331,35.48849333333333,1.1829497777777778,-6.020317460317459
123.157,-1.5801333333333332,35.50293333333333,1.183431111111111,-6.019555555555555
123.207,-1.5795333333333335,35.51736666666667,1.1839122222222223,-6.017269841269841
123.257,-1.578,35.53180666666667,1.1843935555555556,-6.011428571428572
123.307,-1.5764666666666665,35.54627333333334,1.1848757777777779,-6.0055873015873
123.357,-1.5756666666666668,35.56074,1.1853580000000001,-6.002539682539683
123.408,-1.5748666666666666,35.57521333333333,1.1858404444444444,-5.999492063492063
123.458,-1.5743333333333331,35.58968,1.1863226666666666,-5.997460317460316
123.508,-1.5737999999999999,35.604146666666665,1.186804888888889,-5.995428571428571
123.558,-1.5741333333333334,35.61862,1.1872873333333334,-5.996698412698413
123.608,-1.5744666666666667,35.63312,1.1877706666666665,-5.997968253968254
123.658,-1.5753333333333333,35.647619999999996,1.188254,-6.001269841269841
123.708,-1.5762,35.66209333333333,1.1887364444444444,-6.0045714285714284
123.758,-1.5767333333333333,35.67656,1.1892186666666666,-6.006603174603175
123.808,-1.5772666666666666,35.691026666666666,1.189700888888889,-6.00863492063492
123.858,-1.5781333333333334,35.7055,1.1901833333333334,-6.0119365079365075
123.908,-1.5798666666666668,35.72,1.1906666666666665,-6.018539682539682
123.958,-1.5816000000000001,35.734500000000004,1.1911500000000002,-6.025142857142857
124.008,-1.5829333333333333,35.74896666666667,1.1916322222222222,-6.030222222222222
124.058,-1.5842666666666667,35.76343333333333,1.1921144444444445,-6.035301587301587
124.108,-1.5836000000000001,35.77790666666667,1.192596888888889,-6.032761904761905
124.158,-1.5829333333333333,35.79237333333333,1.193079111111111,-6.030222222222222
124.208,-1.5826666666666669,35.806839999999994,1.193561333333333,-6.0292063492063495
124.258,-1.5824,35.821313333333336,1.194043777777778,-6.028190476190476
124.308,-1.5816000000000001,35.835746666666665,1.1945248888888889,-6.025142857142857
124.358,-1.5808,35.85018,1.195006,-6.022095238095238
124.408,-1.5801333333333334,35.864619999999995,1.1954873333333331,-6.019555555555556
124.458,-1.5794666666666666,35.879086666666666,1.1959695555555556,-6.017015873015873
124.508,-1.5794666666666666,35.89355333333333,1.1964517777777777,-6.017015873015873
124.558,-1.5794666666666666,35.908026666666665,1.1969342222222221,-6.017015873015873
124.608,-1.5787333333333333,35.92246,1.1974153333333333,-6.014222222222222
124.658,-1.5767333333333333,35.9369,1.1978966666666666,-6.006603174603175
124.708,-1.5747333333333333,35.951339999999995,1.1983779999999997,-5.998984126984126
124.758,-1.5734666666666668,35.96580666666667,1.1988602222222224,-5.9941587301587305
124.808,-1.5721999999999998,35.98028,1.1993426666666667,-5.989333333333333
124.859,-1.5715999999999999,35.994746666666664,1.1998248888888887,-5.987047619047618
124.909,-1.5710000000000002,36.009213333333335,1.2003071111111112,-5.984761904761905
124.959,-1.5709333333333333,36.02368666666666,1.2007895555555554,-5.984507936507936
125.009,-1.5708666666666666,36.038153333333334,1.2012717777777777,-5.9842539682539675
125.059,-1.5713333333333332,36.05265333333333,1.201755111111111,-5.986031746031745
125.109,-1.5717999999999999,36.067159999999994,1.2022386666666665,-5.987809523809523
125.159,-1.5713333333333332,36.081626666666665,1.2027208888888887,-5.986031746031745
125.209,-1.5708666666666666,36.096093333333336,1.2032031111111112,-5.9842539682539675
125.259,-1.5698666666666667,36.110566666666664,1.2036855555555555,-5.980444444444444
125.309,-1.5691333333333333,36.125033333333334,1.2041677777777777,-5.977650793650793
125.359,-1.5688,36.13953333333333,1.2046511111111111,-5.976380952380952
125.409,-1.5695333333333332,36.15403333333334,1.2051344444444445,-5.979174603174602
125.459,-1.5702666666666667,36.1685,1.2056166666666668,-5.981968253968254
125.509,-1.5712000000000002,36.18297333333333,1.206099111111111,-5.9855238095238095
125.559,-1.5721333333333334,36.19744,1.2065813333333333,-5.989079365079365
125.609,-1.5726,36.211906666666664,1.2070635555555556,-5.990857142857142
125.659,-1.5730666666666666,36.22638,1.207546,-5.99263492063492
125.709,-1.5728,36.24084666666667,1.2080282222222223,-5.991619047619047
125.759,-1.5725333333333333,36.25528666666666,1.2085095555555554,-5.990603174603175
125.809,-1.5714666666666666,36.269726666666664,1.2089908888888887,-5.986539682539682
125.859,-1.5704,36.28416,1.209472,-5.9824761904761905
125.909,-1.5700666666666665,36.298626666666664,1.2099542222222222,-5.9812063492063485
125.959,-1.5697333333333332,36.3131,1.2104366666666666,-5.979936507936507
126.009,-1.5694000000000001,36.32756666666667,1.2109188888888889,-5.978666666666667
126.059,-1.5684,36.34200666666666,1.211400222222222,-5.974857142857143
126.109,-1.5674,36.35644666666667,1.2118815555555558,-5.971047619047618
126.159,-1.5666666666666667,36.37088000000001,1.212362666666667,-5.968253968253968
126.209,-1.5659333333333334,36.385353333333335,1.2128451111111112,-5.965460317460318
126.259,-1.5653333333333335,36.39982,1.2133273333333332,-5.963174603174603
126.309,-1.5647333333333333,36.41426,1.2138086666666665,-5.9608888888888885
126.359,-1.5647333333333333,36.428700000000006,1.2142900000000003,-5.9608888888888885
126.409,-1.5647333333333333,36.443133333333336,1.2147711111111112,-5.9608888888888885
126.459,-1.5648000000000002,36.45756666666667,1.2152522222222224,-5.961142857142858
126.509,-1.5648666666666666,36.472033333333336,1.2157344444444445,-5.961396825396825
126.559,-1.5651333333333333,36.4865,1.2162166666666667,-5.962412698412698
126.609,-1.5654,36.50094,1.216698,-5.963428571428571
126.659,-1.5655333333333334,36.51538,1.2171793333333334,-5.963936507936508
126.709,-1.5656666666666665,36.52981333333333,1.2176604444444443,-5.964444444444443
126.759,-1.5660666666666667,36.54425333333334,1.2181417777777779,-5.965968253968254
126.809,-1.5669333333333335,36.55872,1.218624,-5.969269841269842
126.859,-1.5677999999999999,36.573186666666665,1.2191062222222222,-5.9725714285714275
126.909,-1.5684666666666667,36.587626666666665,1.2195875555555555,-5.975111111111111
126.959,-1.5691333333333333,36.60206,1.2200686666666667,-5.977650793650793
127.009,-1.5696,36.616499999999995,1.2205499999999998,-5.9794285714285715
127.059,-1.5700666666666665,36.63096666666667,1.2210322222222225,-5.9812063492063485
127.109,-1.5706,36.64543333333334,1.2215144444444446,-5.983238095238095
127.159,-1.5711333333333333,36.6599,1.2219966666666666,-5.985269841269841
127.209,-1.5717333333333334,36.67434,1.222478,-5.987555555555556
127.259,-1.5723333333333334,36.68877333333333,1.222959111111111,-5.9898412698412695
127.309,-1.5729333333333335,36.70321333333333,1.2234404444444444,-5.992126984126984
127.359,-1.5735333333333335,36.71768,1.2239226666666667,-5.994412698412699
127.409,-1.5740666666666667,36.73214666666667,1.224404888888889,-5.996444444444444
127.459,-1.5746,36.74662,1.2248873333333334,-5.9984761904761905
127.509,-1.5750666666666668,36.76105333333333,1.2253684444444444,-6.000253968253968
127.559,-1.5758,36.77549333333333,1.2258497777777777,-6.003047619047619
127.609,-1.5765333333333333,36.78993333333334,1.2263311111111113,-6.0058412698412695
127.659,-1.5767333333333333,36.8044,1.2268133333333333,-6.006603174603175
127.709,-1.5769333333333333,36.818873333333336,1.2272957777777778,-6.007365079365079
127.76,-1.5771333333333333,36.83334,1.227778,-6.008126984126983
127.81,-1.5773333333333333,36.84780666666666,1.228260222222222,-6.0088888888888885
127.86,-1.5771333333333333,36.862273333333334,1.2287424444444446,-6.008126984126983
127.91,-1.5769333333333333,36.87674666666667,1.229224888888889,-6.007365079365079
127.96,-1.5777333333333334,36.89124666666667,1.2297082222222222,-6.010412698412699
128.01,-1.5785333333333333,36.905746666666666,1.2301915555555556,-6.013460317460317
128.06,-1.5796,36.920213333333336,1.2306737777777779,-6.017523809523809
128.11,-1.5806666666666667,36.93468,1.231156,-6.021587301587301
128.16,-1.5813333333333333,36.949153333333335,1.2316384444444446,-6.024126984126983
128.21,-1.5821333333333334,36.96362,1.2321206666666666,-6.027174603174603
128.26,-1.5827333333333333,36.97812,1.2326039999999998,-6.029460317460317
128.31,-1.5827333333333333,36.99262,1.2330873333333334,-6.029460317460317
128.36,-1.5827333333333333,37.007086666666666,1.2335695555555555,-6.029460317460317
128.41,-1.5830666666666668,37.02156,1.234052,-6.030730158730159
128.46,-1.5834000000000001,37.036026666666665,1.2345342222222222,-6.032
128.51,-1.5834000000000001,37.05049333333333,1.2350164444444443,-6.032
128.56,-1.5834000000000001,37.064960000000006,1.235498666666667,-6.032
128.61,-1.584,37.079433333333334,1.2359811111111112,-6.034285714285715
128.66,-1.5846000000000002,37.09386666666667,1.2364622222222224,-6.036571428571429
128.71,-1.584,37.108306666666664,1.2369435555555555,-6.034285714285715
128.76,-1.5834000000000001,37.122746666666664,1.2374248888888888,-6.032
128.81,-1.5827333333333333,37.13721333333333,1.2379071111111108,-6.029460317460317
128.86,-1.5820666666666667,37.15168666666667,1.2383895555555557,-6.026920634920635
128.91,-1.5816000000000001,37.166153333333334,1.2388717777777778,-6.025142857142857
128.96,-1.5811333333333333,37.180593333333334,1.2393531111111111,-6.023365079365079
129.01,-1.5806666666666667,37.195033333333335,1.2398344444444445,-6.021587301587301
129.06,-1.5811333333333333,37.20946666666667,1.2403155555555556,-6.023365079365079
129.11,-1.5816000000000001,37.22394,1.240798,-6.025142857142857
129.16,-1.5825333333333333,37.23840666666667,1.2412802222222223,-6.028698412698413
129.211,-1.5834666666666668,37.25287333333333,1.2417624444444444,-6.032253968253968
129.261,-1.5845333333333333,37.26734,1.2422446666666667,-6.03631746031746
129.311,-1.5856,37.28181333333334,1.2427271111111113,-6.040380952380952
129.361,-1.5866666666666667,37.29628,1.2432093333333334,-6.044444444444444
129.411,-1.5877333333333334,37.31078,1.2436926666666668,-6.048507936507937
129.461,-1.5884666666666667,37.32528,1.244176,-6.051301587301587
129.511,-1.5892000000000002,37.33974666666666,1.244658222222222,-6.054095238095239
129.561,-1.5896666666666668,37.354220000000005,1.245140666666667,-6.055873015873016
129.611,-1.5901333333333334,37.36868666666667,1.245622888888889,-6.057650793650794
129.661,-1.5905333333333334,37.38315333333333,1.246105111111111,-6.059174603174603
129.711,-1.5911333333333333,37.39765333333333,1.2465884444444444,-6.061460317460317
129.761,-1.5917333333333334,37.41215333333333,1.2470717777777776,-6.063746031746032
129.811,-1.5923333333333334,37.42662666666667,1.2475542222222225,-6.066031746031746
129.861,-1.5929333333333335,37.441093333333335,1.2480364444444445,-6.068317460317461
129.911,-1.5921999999999998,37.45556,1.2485186666666666,-6.065523809523809
129.961,-1.5914666666666666,37.470033333333326,1.2490011111111108,-6.062730158730158
130.011,-1.5902,37.48450666666667,1.2494835555555557,-6.057904761904762
130.061,-1.5889333333333333,37.49897333333333,1.2499657777777777,-6.053079365079364
130.111,-1.5873333333333333,37.51341333333333,1.250447111111111,-6.0469841269841265
130.161,-1.5857333333333334,37.52785333333333,1.2509284444444444,-6.040888888888889
130.211,-1.585,37.54228666666666,1.2514095555555553,-6.038095238095238
130.261,-1.5842666666666667,37.556760000000004,1.2518920000000002,-6.035301587301587
130.311,-1.5836,37.57122666666667,1.2523742222222223,-6.032761904761904
130.361,-1.5835333333333332,37.58569333333333,1.2528564444444443,-6.032507936507936
130.411,-1.5839333333333334,37.60013333333333,1.2533377777777777,-6.034031746031746
130.461,-1.5842666666666667,37.61456666666666,1.2538188888888888,-6.035301587301587
130.511,-1.5845999999999998,37.62900666666667,1.2543002222222224,-6.036571428571428
130.561,-1.5843333333333334,37.64347333333333,1.2547824444444444,-6.035555555555556
130.611,-1.5840666666666665,37.65794,1.2552646666666667,-6.034539682539681
130.661,-1.5852,37.67238,1.2557459999999998,-6.038857142857142
130.711,-1.5863333333333334,37.68681333333333,1.2562271111111112,-6.043174603174603
130.761,-1.5884,37.70124666666666,1.2567082222222221,-6.051047619047619
130.811,-1.5904666666666667,37.71568666666667,1.2571895555555557,-6.058920634920635
130.861,-1.5924666666666667,37.730153333333334,1.2576717777777777,-6.066539682539682
130.911,-1.5944666666666667,37.744620000000005,1.2581540000000002,-6.07415873015873
130.961,-1.5960666666666665,37.75906,1.2586353333333333,-6.080253968253968
131.011,-1.5976666666666666,37.773493333333334,1.2591164444444445,-6.0863492063492055
131.061,-1.5998666666666668,37.78793333333333,1.2595977777777776,-6.094730158730159
131.111,-1.6014666666666668,37.802373333333335,1.2600791111111111,-6.100825396825397
131.161,-1.6030666666666666,37.81684,1.2605613333333332,-6.106920634920635
131.211,-1.6047333333333333,37.831313333333334,1.2610437777777779,-6.113269841269841
131.261,-1.6064,37.84574666666666,1.2615248888888888,-6.1196190476190475
131.311,-1.6088666666666667,37.86018,1.262006,-6.129015873015873
131.361,-1.6113333333333335,37.87462,1.2624873333333333,-6.138412698412699
131.411,-1.6130666666666669,37.889086666666664,1.2629695555555556,-6.145015873015874
131.461,-1.6148,37.903553333333335,1.2634517777777778,-6.1516190476190475
131.511,-1.6163999999999998,37.91802666666667,1.2639342222222223,-6.157714285714285
131.561,-1.6179999999999999,37.93246,1.2644153333333332,-6.163809523809523
131.611,-1.62,37.9469,1.2648966666666666,-6.171428571428572
131.661,-1.6219999999999999,37.96134,1.265378,-6.179047619047618
131.711,-1.6238,37.97580666666667,1.2658602222222224,-6.185904761904761
131.761,-1.6256,37.99028,1.2663426666666666,-6.1927619047619045
131.811,-1.6268666666666667,38.00474666666666,1.2668248888888887,-6.197587301587301
131.861,-1.628,38.01918666666666,1.267306222222222,-6.201904761904761
131.911,-1.629133333333333,38.03362666666667,1.2677875555555558,-6.206222222222221
131.961,-1.6304666666666667,38.04806,1.2682686666666667,-6.2113015873015875
132.011,-1.6318,38.06252666666667,1.268750888888889,-6.216380952380952
132.061,-1.6319333333333332,38.077,1.2692333333333332,-6.216888888888889
132.112,-1.6320666666666666,38.09146666666666,1.2697155555555555,-6.217396825396825
132.162,-1.6318666666666666,38.10593333333333,1.2701977777777778,-6.21663492063492
132.212,-1.6316666666666666,38.12040666666667,1.2706802222222222,-6.215873015873015
132.262,-1.6315333333333333,38.13487333333333,1.2711624444444445,-6.215365079365079
132.312,-1.6314,38.14937333333333,1.2716457777777777,-6.214857142857142
132.362,-1.6310666666666667,38.16387333333333,1.2721291111111108,-6.213587301587301
132.412,-1.6307333333333331,38.178340000000006,1.2726113333333335,-6.212317460317459
132.462,-1.63,38.19281333333333,1.2730937777777778,-6.209523809523809
132.512,-1.6292666666666666,38.20728,1.2735759999999998,-6.206730158730158
132.562,-1.6290666666666667,38.22174666666667,1.2740582222222223,-6.205968253968254
132.612,-1.629133333333333,38.236246666666666,1.2745415555555555,-6.206222222222221
132.662,-1.6292,38.25074666666667,1.275024888888889,-6.20647619047619
132.712,-1.628,38.265213333333335,1.2755071111111111,-6.201904761904761
132.762,-1.6267999999999998,38.27968666666666,1.2759895555555554,-6.197333333333332
132.812,-1.6251333333333333,38.294153333333334,1.2764717777777779,-6.190984126984127
132.862,-1.6234666666666666,38.30862,1.276954,-6.18463492063492
132.912,-1.6216666666666666,38.32309333333333,1.2774364444444444,-6.177777777777777
132.962,-1.6198666666666666,38.33756,1.2779186666666669,-6.170920634920634
133.012,-1.6179333333333332,38.352,1.2784,-6.163555555555555
133.062,-1.6159999999999999,38.36644,1.2788813333333333,-6.156190476190475
133.112,-1.6134666666666666,38.38087333333333,1.2793624444444442,-6.146539682539682
133.162,-1.6109333333333333,38.39534666666667,1.279844888888889,-6.136888888888889
133.212,-1.6084,38.40981333333333,1.280327111111111,-6.127238095238095
133.262,-1.6062666666666667,38.424279999999996,1.2808093333333332,-6.119111111111111
133.312,-1.6036666666666666,38.438719999999996,1.2812906666666666,-6.109206349206349
133.362,-1.6016000000000001,38.45315333333333,1.2817717777777777,-6.101333333333334
133.412,-1.5995333333333333,38.46758666666666,1.2822528888888887,-6.093460317460317
133.462,-1.5986,38.482060000000004,1.2827353333333336,-6.089904761904762
133.512,-1.5976666666666666,38.49652666666667,1.2832175555555556,-6.0863492063492055
133.563,-1.5976,38.51099333333333,1.2836997777777777,-6.086095238095237
133.613,-1.5975333333333335,38.52546666666667,1.2841822222222221,-6.0858412698412705
133.663,-1.5978666666666668,38.53993333333334,1.2846644444444446,-6.087111111111112
133.713,-1.5981999999999998,38.5544,1.2851466666666667,-6.088380952380952
133.763,-1.5986,38.5689,1.28563,-6.089904761904762
133.813,-1.599,38.5834,1.2861133333333332,-6.091428571428571
133.863,-1.6008,38.59787333333334,1.286595777777778,-6.098285714285714
133.913,-1.6026,38.61234,1.2870780000000002,-6.105142857142857
133.963,-1.605,38.62680666666667,1.2875602222222222,-6.114285714285714
134.013,-1.6066,38.64128,1.2880426666666667,-6.120380952380952
134.063,-1.6082,38.65578,1.288526,-6.126476190476191
134.113,-1.6084666666666665,38.670280000000005,1.2890093333333335,-6.127492063492062
134.163,-1.6087333333333333,38.68475333333333,1.2894917777777777,-6.128507936507936
134.213,-1.6084666666666665,38.69922,1.289974,-6.127492063492062
134.263,-1.6082,38.71368666666667,1.2904562222222222,-6.126476190476191
134.313,-1.6078000000000001,38.72816,1.2909386666666667,-6.124952380952381
134.363,-1.6074,38.742626666666666,1.291420888888889,-6.123428571428571
134.413,-1.6068666666666667,38.75709333333334,1.2919031111111112,-6.121396825396825
134.463,-1.6063333333333332,38.77153333333333,1.2923844444444443,-6.119365079365078
134.513,-1.6056,38.78596666666667,1.2928655555555555,-6.116571428571428
134.563,-1.6048666666666667,38.80040666666667,1.2933468888888888,-6.113777777777777
134.613,-1.6036000000000001,38.81487333333334,1.2938291111111113,-6.108952380952381
134.663,-1.6023333333333334,38.82934,1.2943113333333334,-6.104126984126984
134.713,-1.6014000000000002,38.84381333333333,1.2947937777777776,-6.1005714285714285
134.763,-1.6004666666666667,38.858246666666666,1.295274888888889,-6.097015873015873
134.813,-1.5995333333333335,38.872679999999995,1.295756,-6.093460317460318
134.863,-1.599,38.88712,1.2962373333333335,-6.091428571428571
134.913,-1.5984666666666667,38.90158666666667,1.2967195555555555,-6.089396825396825
134.963,-1.5974666666666666,38.91605333333334,1.297201777777778,-6.085587301587301
135.013,-1.5964666666666667,38.93049333333333,1.2976831111111111,-6.081777777777778
135.063,-1.5956666666666668,38.94492666666667,1.2981642222222223,-6.078730158730159
135.113,-1.5948666666666669,38.95936666666667,1.2986455555555556,-6.07568253968254
135.163,-1.5953333333333333,38.97380666666667,1.299126888888889,-6.077460317460317
135.213,-1.5958,38.98827333333334,1.2996091111111112,-6.079238095238096
135.263,-1.5962666666666665,39.00274666666667,1.3000915555555557,-6.081015873015872
135.313,-1.5967333333333333,39.01718,1.3005726666666668,-6.082793650793651
135.363,-1.5963333333333334,39.03162,1.301054,-6.081269841269841
135.413,-1.5959333333333334,39.046060000000004,1.3015353333333335,-6.079746031746032
135.463,-1.595,39.06049333333333,1.3020164444444444,-6.076190476190476
135.513,-1.5942666666666667,39.07496666666667,1.3024988888888889,-6.073396825396825
135.563,-1.5935333333333335,39.089439999999996,1.302981333333333,-6.070603174603175
135.613,-1.592,39.10387333333333,1.3034624444444445,-6.064761904761905
135.663,-1.5904666666666667,39.11831333333334,1.303943777777778,-6.058920634920635
135.713,-1.5889333333333333,39.13275333333333,1.3044251111111111,-6.053079365079364
135.763,-1.5874,39.14722,1.3049073333333332,-6.047238095238095
135.813,-1.5858666666666668,39.16169333333333,1.3053897777777776,-6.041396825396825
135.863,-1.5843333333333334,39.176159999999996,1.305872,-6.035555555555556
135.913,-1.5824,39.1906,1.3063533333333335,-6.028190476190476
135.963,-1.5804666666666667,39.205040000000004,1.3068346666666668,-6.020825396825397
136.013,-1.5781333333333334,39.21947333333333,1.3073157777777777,-6.0119365079365075
136.063,-1.5758,39.23394666666666,1.307798222222222,-6.003047619047619
136.113,-1.5746,39.24841333333333,1.3082804444444445,-5.9984761904761905
136.163,-1.5731333333333335,39.26288,1.3087626666666667,-5.992888888888889
136.213,-1.5718666666666665,39.27732,1.309244,-5.988063492063492
136.263,-1.5706,39.29175333333333,1.309725111111111,-5.983238095238095
136.313,-1.5693333333333332,39.30618666666667,1.3102062222222224,-5.978412698412698
136.363,-1.569,39.32066,1.3106886666666666,-5.977142857142857
136.413,-1.5686666666666667,39.33512666666666,1.3111708888888887,-5.975873015873016
136.464,-1.5688,39.34959333333333,1.311653111111111,-5.976380952380952
136.514,-1.5689333333333333,39.364066666666666,1.3121355555555556,-5.9768888888888885
136.564,-1.5692,39.37853333333333,1.3126177777777777,-5.977904761904761
136.614,-1.5694666666666668,39.393,1.3131,-5.978920634920635
136.664,-1.5692666666666668,39.4075,1.3135833333333333,-5.9781587301587304
136.714,-1.5690666666666668,39.422000000000004,1.3140666666666667,-5.977396825396826
136.764,-1.5692666666666668,39.43647333333333,1.3145491111111112,-5.9781587301587304
136.814,-1.5694666666666668,39.450939999999996,1.3150313333333332,-5.978920634920635
136.864,-1.5688,39.46540666666667,1.3155135555555555,-5.976380952380952
136.914,-1.568,39.47987333333333,1.3159957777777778,-5.973333333333334
136.964,-1.5672,39.494373333333336,1.3164791111111112,-5.970285714285714
137.014,-1.5666,39.508873333333334,1.3169624444444445,-5.968
137.064,-1.5659999999999998,39.52334666666666,1.3174448888888888,-5.965714285714284
137.114,-1.5653333333333335,39.53781333333333,1.317927111111111,-5.963174603174603
137.164,-1.5646666666666667,39.552279999999996,1.318409333333333,-5.96063492063492
137.214,-1.5642666666666665,39.56675333333333,1.3188917777777778,-5.95911111111111
137.264,-1.5638666666666665,39.58122,1.319374,-5.957587301587301
137.314,-1.5636,39.595686666666666,1.319856222222222,-5.956571428571428
137.364,-1.5633333333333332,39.610126666666666,1.3203375555555554,-5.955555555555555
137.414,-1.5634000000000001,39.624559999999995,1.3208186666666666,-5.955809523809524
137.464,-1.5634666666666666,39.639,1.3213000000000001,-5.956063492063492
137.514,-1.5631333333333333,39.65346666666667,1.3217822222222222,-5.9547936507936505
137.564,-1.5628,39.66793333333333,1.3222644444444442,-5.953523809523809
137.614,-1.5636666666666665,39.6824,1.3227466666666667,-5.956825396825396
137.664,-1.5648666666666666,39.696839999999995,1.3232279999999998,-5.961396825396825
137.714,-1.5660666666666667,39.71127333333333,1.323709111111111,-5.965968253968254
137.764,-1.567,39.72571333333334,1.3241904444444446,-5.9695238095238095
137.814,-1.5679333333333332,39.74018,1.3246726666666668,-5.973079365079364
137.864,-1.5696,39.754646666666666,1.3251548888888889,-5.9794285714285715
137.915,-1.5712666666666666,39.76912,1.3256373333333333,-5.985777777777777
137.965,-1.5723999999999998,39.783586666666665,1.3261195555555554,-5.990095238095237
138.015,-1.5735333333333335,39.798053333333336,1.3266017777777779,-5.994412698412699
138.065,-1.5734666666666668,39.81252666666667,1.3270842222222223,-5.9941587301587305
138.115,-1.5734,39.82702666666667,1.3275675555555557,-5.993904761904761
138.165,-1.5727333333333333,39.84152666666667,1.328050888888889,-5.991365079365079
138.215,-1.5720666666666667,39.85599333333334,1.3285331111111112,-5.988825396825397
138.265,-1.5722666666666667,39.87046,1.3290153333333334,-5.989587301587301
138.315,-1.5724666666666667,39.884926666666665,1.3294975555555555,-5.990349206349206
138.365,-1.5722,39.8994,1.32998,-5.989333333333334
138.415,-1.5716666666666665,39.9139,1.3304633333333333,-5.9873015873015865
138.465,-1.5711333333333333,39.9284,1.3309466666666667,-5.985269841269841
138.515,-1.5700666666666667,39.94286666666667,1.331428888888889,-5.981206349206349
138.565,-1.569,39.95733333333333,1.331911111111111,-5.977142857142857
138.615,-1.5677999999999999,39.971806666666666,1.3323935555555555,-5.9725714285714275
138.665,-1.5666,39.98627333333333,1.3328757777777775,-5.968
138.715,-1.5671333333333335,40.00073999999999,1.3333579999999998,-5.970031746031746
138.765,-1.5676666666666668,40.015213333333335,1.3338404444444445,-5.9720634920634925
138.815,-1.5682666666666667,40.029646666666665,1.3343215555555554,-5.974349206349206
138.865,-1.5688666666666669,40.044086666666665,1.3348028888888888,-5.976634920634921
138.915,-1.5692666666666668,40.058526666666666,1.335284222222222,-5.9781587301587304
138.965,-1.5696666666666668,40.072993333333336,1.3357664444444446,-5.97968253968254
139.015,-1.5699333333333334,40.08746,1.3362486666666666,-5.980698412698413
139.065,-1.5701333333333334,40.101933333333335,1.336731111111111,-5.981460317460318
139.115,-1.5699333333333334,40.116366666666664,1.3372122222222222,-5.980698412698413
139.165,-1.5698,40.130806666666665,1.3376935555555556,-5.980190476190476
139.215,-1.5696666666666668,40.14524666666667,1.3381748888888891,-5.97968253968254
139.265,-1.5704,40.159713333333336,1.3386571111111112,-5.9824761904761905
139.315,-1.5711333333333333,40.174186666666664,1.3391395555555554,-5.985269841269841
139.365,-1.5711333333333333,40.18862,1.3396206666666666,-5.985269841269841
139.415,-1.5711333333333333,40.20306,1.3401020000000001,-5.985269841269841
139.465,-1.5698666666666667,40.2175,1.3405833333333335,-5.980444444444444
139.515,-1.5686,40.23193333333334,1.3410644444444446,-5.975619047619047
139.565,-1.5684,40.246406666666665,1.3415468888888888,-5.974857142857143
139.615,-1.5682,40.26087333333333,1.342029111111111,-5.974095238095238
139.665,-1.5691333333333333,40.275306666666665,1.3425102222222223,-5.977650793650793
139.715,-1.5700666666666667,40.289746666666666,1.3429915555555556,-5.981206349206349
139.765,-1.5706666666666667,40.304186666666666,1.343472888888889,-5.983492063492063
139.815,-1.5712666666666666,40.31862,1.343954,-5.985777777777777
139.865,-1.5718666666666665,40.33309333333333,1.3444364444444443,-5.988063492063492
139.915,-1.5727333333333333,40.34756,1.3449186666666668,-5.991365079365079
139.965,-1.5735999999999999,40.361999999999995,1.3454,-5.994666666666666
140.015,-1.5743333333333331,40.37644,1.3458813333333335,-5.997460317460316
140.065,-1.5750666666666668,40.39087333333334,1.3463624444444446,-6.000253968253968
140.115,-1.5752666666666668,40.40534666666667,1.3468448888888889,-6.001015873015874
140.165,-1.5754666666666668,40.41981333333333,1.347327111111111,-6.001777777777778
140.215,-1.5750666666666668,40.434279999999994,1.3478093333333332,-6.000253968253968
140.265,-1.5746666666666667,40.44872,1.3482906666666667,-5.998730158730158
140.315,-1.5742666666666667,40.46315333333334,1.348771777777778,-5.997206349206349
140.365,-1.5738666666666667,40.47759333333333,1.349253111111111,-5.99568253968254
140.415,-1.5737999999999999,40.492066666666666,1.3497355555555555,-5.995428571428571
140.465,-1.5737333333333334,40.50653333333333,1.3502177777777777,-5.995174603174603
140.515,-1.5739333333333334,40.521,1.3507,-5.995936507936508
140.565,-1.5736666666666668,40.53544,1.3511813333333333,-5.994920634920635
140.615,-1.5734,40.54987333333334,1.3516624444444445,-5.993904761904761
140.665,-1.5723999999999998,40.56431333333333,1.3521437777777776,-5.990095238095237
140.715,-1.5714000000000001,40.57878,1.352626,-5.986285714285715
140.765,-1.5712000000000002,40.593246666666666,1.3531082222222222,-5.9855238095238095
140.816,-1.5710000000000002,40.60772,1.3535906666666666,-5.984761904761905
140.866,-1.5716666666666665,40.62218666666667,1.354072888888889,-5.9873015873015865
140.916,-1.5723333333333334,40.636653333333335,1.3545551111111112,-5.9898412698412695
140.966,-1.5727333333333333,40.65112666666666,1.3550375555555554,-5.991365079365079
141.016,-1.5731333333333335,40.66562666666667,1.355520888888889,-5.992888888888889
141.066,-1.5734666666666668,40.680126666666666,1.3560042222222222,-5.9941587301587305
141.116,-1.5737999999999999,40.69459333333334,1.3564864444444447,-5.995428571428571
141.166,-1.5735999999999999,40.70906,1.3569686666666667,-5.994666666666666
141.216,-1.5734,40.723526666666665,1.3574508888888888,-5.993904761904761
141.266,-1.5726666666666667,40.73800000000001,1.3579333333333337,-5.991111111111111
141.316,-1.5728,40.752500000000005,1.3584166666666668,-5.991619047619047
141.366,-1.5729333333333335,40.767,1.3589,-5.992126984126984
141.416,-1.5738666666666667,40.78146666666667,1.3593822222222223,-5.99568253968254
141.466,-1.5748,40.79593333333333,1.3598644444444443,-5.999238095238095
141.516,-1.5740666666666667,40.81040666666667,1.360346888888889,-5.996444444444444
141.566,-1.5733333333333335,40.824873333333336,1.3608291111111113,-5.993650793650794
141.616,-1.5718666666666665,40.83934,1.3613113333333333,-5.988063492063492
141.666,-1.5704,40.85381333333333,1.3617937777777775,-5.9824761904761905
141.716,-1.5707333333333333,40.868246666666664,1.3622748888888887,-5.983746031746032
141.766,-1.5710666666666666,40.88268,1.362756,-5.985015873015873
141.816,-1.5718666666666665,40.89712,1.3632373333333334,-5.988063492063492
141.866,-1.5726666666666667,40.91158666666667,1.3637195555555557,-5.991111111111111
141.916,-1.5732666666666666,40.926053333333336,1.364201777777778,-5.993396825396825
141.966,-1.5735999999999999,40.94052666666666,1.3646842222222222,-5.994666666666666
142.016,-1.5741333333333334,40.95496,1.3651653333333333,-5.996698412698413
142.066,-1.5746,40.96939999999999,1.3656466666666665,-5.9984761904761905
142.116,-1.5750666666666668,40.98384,1.366128,-6.000253968253968
142.166,-1.5766666666666669,40.998306666666664,1.366610222222222,-6.006349206349207
142.216,-1.5782666666666667,41.01278,1.3670926666666667,-6.012444444444444
142.267,-1.5808666666666666,41.02724666666666,1.3675748888888888,-6.022349206349206
142.317,-1.5834666666666666,41.041713333333334,1.368057111111111,-6.0322539682539675
142.367,-1.5859333333333334,41.05618666666667,1.3685395555555557,-6.041650793650794
142.417,-1.5884,41.07065333333333,1.3690217777777778,-6.051047619047619
142.467,-1.5897333333333334,41.08515333333333,1.369505111111111,-6.056126984126984
142.517,-1.5910666666666666,41.09965333333333,1.3699884444444443,-6.061206349206349
142.567,-1.5911333333333333,41.11412,1.3704706666666666,-6.061460317460317
142.617,-1.5912000000000002,41.12858666666667,1.370952888888889,-6.061714285714286
142.667,-1.5919333333333334,41.14306,1.3714353333333333,-6.064507936507937
142.717,-1.5932666666666668,41.15752666666666,1.3719175555555554,-6.069587301587302
142.767,-1.5946,41.17202666666666,1.3724008888888888,-6.074666666666666
142.817,-1.5959333333333334,41.186526666666666,1.3728842222222222,-6.079746031746032
142.867,-1.5972666666666666,41.20099333333334,1.3733664444444444,-6.084825396825396
142.917,-1.5962,41.215466666666664,1.373848888888889,-6.080761904761904
142.967,-1.5951333333333333,41.22993333333333,1.374331111111111,-6.076698412698413
143.017,-1.5940666666666667,41.2444,1.3748133333333332,-6.072634920634921
143.067,-1.593,41.258873333333334,1.375295777777778,-6.0685714285714285
143.117,-1.5927333333333336,41.27334,1.375778,-6.067555555555556
143.167,-1.5924666666666667,41.287773333333334,1.376259111111111,-6.066539682539682
143.217,-1.5922666666666667,41.302213333333334,1.3767404444444444,-6.065777777777778
143.267,-1.5920666666666667,41.31665333333333,1.3772217777777775,-6.065015873015873
143.317,-1.5921999999999998,41.331120000000006,1.3777040000000003,-6.065523809523809
143.367,-1.5923333333333334,41.34559333333333,1.3781864444444445,-6.066031746031746
143.417,-1.5910666666666666,41.36006,1.3786686666666665,-6.061206349206349
143.467,-1.5904666666666667,41.3745,1.3791499999999999,-6.058920634920635
143.517,-1.5898666666666665,41.388940000000005,1.3796313333333334,-6.05663492063492
143.567,-1.5889333333333333,41.403373333333334,1.3801124444444446,-6.053079365079364
143.617,-1.588,41.41784666666667,1.380594888888889,-6.0495238095238095
143.667,-1.5872,41.43231333333333,1.381077111111111,-6.04647619047619
143.717,-1.5864,41.44675333333333,1.3815584444444442,-6.043428571428572
143.767,-1.5859999999999999,41.461193333333334,1.3820397777777778,-6.041904761904761
143.817,-1.5856,41.47562666666667,1.382520888888889,-6.040380952380952
143.867,-1.5854,41.49006,1.383002,-6.039619047619047
143.917,-1.5852,41.504533333333335,1.3834844444444445,-6.038857142857142
143.967,-1.5846000000000002,41.519,1.3839666666666666,-6.036571428571429
144.017,-1.584,41.533440000000006,1.3844480000000001,-6.034285714285715
144.067,-1.5837333333333334,41.54788,1.3849293333333332,-6.033269841269841
144.117,-1.5834666666666666,41.562313333333336,1.3854104444444446,-6.0322539682539675
144.167,-1.5845333333333333,41.576753333333336,1.385891777777778,-6.03631746031746
144.217,-1.5838,41.59122,1.386374,-6.0335238095238095
144.267,-1.5830666666666668,41.605686666666664,1.386856222222222,-6.030730158730159
144.317,-1.5824,41.62012666666667,1.3873375555555556,-6.028190476190476
144.367,-1.5817333333333332,41.63456,1.3878186666666668,-6.025650793650793
144.417,-1.582,41.649,1.3883,-6.026666666666666
144.467,-1.5822666666666667,41.663466666666665,1.3887822222222221,-6.02768253968254
144.517,-1.5819333333333332,41.677933333333335,1.3892644444444444,-6.026412698412698
144.567,-1.5816000000000001,41.69240666666666,1.3897468888888889,-6.025142857142857
144.617,-1.5809333333333335,41.70684666666667,1.3902282222222224,-6.022603174603175
144.667,-1.5802666666666667,41.72128,1.3907093333333334,-6.020063492063492
144.717,-1.5806666666666667,41.73572,1.3911906666666667,-6.021587301587301
144.767,-1.5810666666666668,41.750186666666664,1.3916728888888887,-6.0231111111111115
144.817,-1.5816000000000001,41.76465333333333,1.392155111111111,-6.025142857142857
144.867,-1.5816666666666668,41.77912666666667,1.3926375555555557,-6.025396825396825
144.917,-1.5808,41.79356,1.3931186666666666,-6.022095238095238
144.967,-1.5804666666666667,41.808,1.3936,-6.020825396825397
145.017,-1.5801333333333334,41.82244,1.3940813333333333,-6.019555555555556
145.067,-1.5801333333333334,41.836906666666664,1.3945635555555556,-6.019555555555556
145.117,-1.5801333333333334,41.85138,1.395046,-6.019555555555556
145.168,-1.5805333333333336,41.86584666666667,1.3955282222222223,-6.021079365079366
145.218,-1.5809333333333333,41.88031333333333,1.3960104444444446,-6.022603174603174
145.268,-1.5818,41.89478,1.3964926666666666,-6.025904761904762
145.318,-1.5826666666666669,41.90924666666667,1.3969748888888889,-6.0292063492063495
145.368,-1.5838,41.923746666666666,1.3974582222222223,-6.0335238095238095
145.418,-1.5849333333333333,41.93824666666667,1.3979415555555557,-6.03784126984127
145.468,-1.5854,41.952713333333335,1.398423777777778,-6.039619047619047
145.518,-1.5858666666666668,41.96718,1.398906,-6.041396825396825
145.568,-1.585,41.981653333333334,1.3993884444444444,-6.038095238095238
145.618,-1.5845999999999998,41.99612,1.3998706666666665,-6.036571428571428
145.668,-1.5842,42.01062,1.400354,-6.035047619047619
145.718,-1.5846666666666667,42.02512,1.4008373333333333,-6.036825396825397
145.768,-1.5851333333333335,42.039586666666665,1.4013195555555555,-6.038603174603175
145.818,-1.5848666666666666,42.05406,1.401802,-6.037587301587301
145.868,-1.5846000000000002,42.06852666666667,1.4022842222222223,-6.036571428571429
145.918,-1.5824,42.082993333333334,1.4027664444444445,-6.028190476190476
145.968,-1.5802,42.09746,1.4032486666666666,-6.019809523809524
146.018,-1.5784,42.11193333333333,1.403731111111111,-6.012952380952381
146.068,-1.5766,42.12636666666666,1.404212222222222,-6.006095238095238
146.118,-1.5752666666666668,42.14080666666666,1.4046935555555555,-6.001015873015874
146.168,-1.5739333333333334,42.15524666666667,1.405174888888889,-5.995936507936508
146.218,-1.5719333333333334,42.169713333333334,1.4056571111111111,-5.98831746031746
146.268,-1.5699333333333334,42.18418666666666,1.4061395555555554,-5.980698412698413
146.318,-1.5687333333333333,42.19865333333333,1.4066217777777779,-5.976126984126984
146.368,-1.5677333333333334,42.21309333333333,1.4071031111111112,-5.97231746031746
146.418,-1.5667333333333333,42.227533333333334,1.4075844444444445,-5.968507936507936
146.468,-1.5662,42.24196666666667,1.4080655555555557,-5.9664761904761905
146.518,-1.5656666666666665,42.25644,1.408548,-5.964444444444443
146.568,-1.5652000000000001,42.27090666666666,1.409030222222222,-5.962666666666667
146.619,-1.5647333333333333,42.28537333333334,1.4095124444444447,-5.9608888888888885
146.669,-1.5654666666666666,42.29984,1.4099946666666667,-5.963682539682539
146.719,-1.5662,42.31431333333333,1.410477111111111,-5.9664761904761905
146.769,-1.5660666666666667,42.32878,1.4109593333333335,-5.965968253968254
146.819,-1.5659333333333334,42.34328,1.4114426666666666,-5.965460317460318
146.869,-1.5652666666666666,42.357780000000005,1.4119260000000002,-5.962920634920635
146.919,-1.5646,42.37224666666667,1.4124082222222223,-5.960380952380952
146.969,-1.5644,42.38672,1.4128906666666665,-5.959619047619047
147.019,-1.5647333333333333,42.40118666666667,1.413372888888889,-5.9608888888888885
147.069,-1.5653333333333335,42.41565333333333,1.413855111111111,-5.963174603174603
147.119,-1.5654666666666666,42.43015333333334,1.4143384444444445,-5.963682539682539
147.169,-1.5656,42.444653333333335,1.4148217777777778,-5.964190476190477
147.219,-1.5648666666666666,42.45912666666666,1.415304222222222,-5.961396825396825
147.269,-1.5641333333333334,42.47359333333333,1.4157864444444443,-5.958603174603175
147.319,-1.564,42.488060000000004,1.4162686666666668,-5.958095238095238
147.369,-1.5638666666666667,42.50252666666667,1.416750888888889,-5.957587301587302
147.419,-1.5644666666666667,42.517,1.4172333333333333,-5.959873015873016
147.469,-1.5650666666666666,42.53146666666667,1.4177155555555556,-5.9621587301587295
147.519,-1.5660666666666667,42.54590666666666,1.4181968888888887,-5.965968253968254
147.569,-1.5670666666666666,42.56034666666667,1.4186782222222223,-5.969777777777777
147.619,-1.5682666666666667,42.574780000000004,1.4191593333333334,-5.974349206349206
147.669,-1.5694666666666668,42.58925333333333,1.4196417777777777,-5.978920634920635
147.719,-1.5709333333333333,42.603719999999996,1.420124,-5.984507936507936
147.769,-1.5714666666666666,42.618186666666666,1.4206062222222222,-5.986539682539682
147.819,-1.5719999999999998,42.63262666666667,1.4210875555555555,-5.9885714285714275
147.869,-1.5728,42.64706,1.4215686666666667,-5.991619047619047
147.919,-1.5735999999999999,42.661500000000004,1.42205,-5.994666666666666
147.969,-1.5741333333333334,42.67596666666667,1.4225322222222223,-5.996698412698413
148.019,-1.5746666666666667,42.69043333333333,1.4230144444444444,-5.998730158730158
148.069,-1.5748666666666666,42.70487333333333,1.4234957777777777,-5.999492063492063
148.119,-1.5750666666666668,42.71931333333334,1.4239771111111112,-6.000253968253968
148.169,-1.5748,42.73374666666667,1.4244582222222222,-5.999238095238095
148.219,-1.5745333333333336,42.74818666666667,1.4249395555555557,-5.998222222222223
148.269,-1.5740666666666667,42.76265333333333,1.4254217777777778,-5.996444444444444
148.319,-1.5735999999999999,42.77712,1.4259039999999998,-5.994666666666666
148.369,-1.5726666666666667,42.79156,1.4263853333333332,-5.991111111111111
148.419,-1.5717333333333334,42.805993333333326,1.426866444444444,-5.987555555555556
148.469,-1.5705333333333333,42.820433333333334,1.4273477777777779,-5.982984126984126
148.519,-1.5691333333333333,42.834873333333334,1.4278291111111112,-5.977650793650793
148.569,-1.5677333333333334,42.84934,1.4283113333333333,-5.97231746031746
148.619,-1.5654666666666666,42.86381333333334,1.428793777777778,-5.963682539682539
148.669,-1.5632,42.87824666666667,1.4292748888888889,-5.955047619047619
148.719,-1.5614666666666668,42.892680000000006,1.4297560000000002,-5.948444444444444
148.769,-1.5597333333333334,42.90712,1.4302373333333334,-5.9418412698412695
148.819,-1.5591333333333333,42.92158666666667,1.4307195555555556,-5.939555555555555
148.869,-1.5585333333333333,42.936053333333334,1.4312017777777777,-5.937269841269841
148.919,-1.5581333333333334,42.95052666666666,1.4316842222222221,-5.9357460317460315
148.969,-1.5577333333333334,42.96496,1.4321653333333333,-5.934222222222222
149.019,-1.5571333333333333,42.979400000000005,1.4326466666666668,-5.931936507936507
149.069,-1.5565333333333333,42.99384,1.433128,-5.929650793650794
149.119,-1.5562666666666667,43.00830666666666,1.433610222222222,-5.92863492063492
149.169,-1.556,43.02278,1.4340926666666667,-5.927619047619047
149.219,-1.5553333333333332,43.03724666666667,1.434574888888889,-5.925079365079364
149.269,-1.555,43.05168666666667,1.4350562222222223,-5.923809523809523
149.319,-1.5546666666666666,43.06612666666667,1.4355375555555556,-5.922539682539682
149.369,-1.5562666666666667,43.08056,1.4360186666666666,-5.92863492063492
149.419,-1.5578666666666665,43.095033333333326,1.4365011111111108,-5.934730158730158
149.469,-1.5590666666666666,43.10950666666667,1.4369835555555557,-5.939301587301586
149.52,-1.5602666666666667,43.12397333333333,1.4374657777777777,-5.943873015873016
149.57,-1.5607333333333335,43.138439999999996,1.4379479999999998,-5.9456507936507945
149.62,-1.5612,43.15291333333333,1.4384304444444445,-5.947428571428571
149.67,-1.5619333333333334,43.16738,1.4389126666666667,-5.950222222222222
149.72,-1.5626666666666666,43.18188,1.439396,-5.953015873015873
149.77,-1.5638666666666667,43.19638,1.4398793333333333,-5.957587301587302
149.82,-1.5650666666666666,43.21084666666666,1.4403615555555553,-5.9621587301587295
149.87,-1.5654666666666666,43.22532,1.440844,-5.963682539682539
149.92,-1.5654000000000001,43.23978666666667,1.4413262222222223,-5.9634285714285715
149.97,-1.566,43.25425333333333,1.4418084444444443,-5.965714285714285
150.02,-1.5674666666666668,43.26875333333333,1.4422917777777777,-5.971301587301587
150.07,-1.5689333333333333,43.28325333333333,1.442775111111111,-5.9768888888888885
150.12,-1.5697333333333332,43.29772,1.4432573333333332,-5.979936507936507
150.17,-1.5705333333333333,43.31218666666667,1.4437395555555557,-5.982984126984126
150.22,-1.5712000000000002,43.32665333333333,1.4442217777777777,-5.9855238095238095
150.27,-1.5718666666666665,43.341120000000004,1.4447040000000002,-5.988063492063492
150.32,-1.5717333333333334,43.35559333333333,1.4451864444444444,-5.987555555555556
150.37,-1.5716,43.370059999999995,1.4456686666666665,-5.987047619047619
150.42,-1.5718,43.3845,1.44615,-5.987809523809524
150.47,-1.5719999999999998,43.39894,1.4466313333333334,-5.9885714285714275
150.52,-1.5718,43.41337333333333,1.4471124444444443,-5.987809523809524
150.57,-1.5716,43.42784666666667,1.447594888888889,-5.987047619047619
150.62,-1.5720666666666667,43.44231333333333,1.448077111111111,-5.988825396825397
150.67,-1.573,43.45678,1.4485593333333333,-5.992380952380952
150.72,-1.5739333333333334,43.47122,1.4490406666666666,-5.995936507936508
150.77,-1.5748666666666666,43.48565333333333,1.4495217777777778,-5.999492063492063
150.82,-1.5758,43.50008666666667,1.450002888888889,-6.003047619047619
150.87,-1.5772666666666666,43.514559999999996,1.4504853333333332,-6.00863492063492
150.92,-1.5787333333333333,43.52902666666667,1.4509675555555555,-6.014222222222222
150.971,-1.5804,43.54349333333333,1.4514497777777777,-6.0205714285714285
151.021,-1.5820666666666667,43.557966666666665,1.4519322222222222,-6.026920634920635
151.071,-1.5832000000000002,43.572433333333336,1.4524144444444445,-6.031238095238096
151.121,-1.5843333333333334,43.5869,1.4528966666666667,-6.035555555555556
151.171,-1.5844,43.6014,1.45338,-6.035809523809523
151.221,-1.5844666666666667,43.6159,1.4538633333333335,-6.036063492063492
151.271,-1.5851333333333335,43.63037333333333,1.4543457777777777,-6.038603174603175
151.321,-1.5857999999999999,43.64484,1.454828,-6.041142857142856
151.371,-1.5852666666666666,43.659306666666666,1.4553102222222223,-6.039111111111111
151.421,-1.5831333333333333,43.67378,1.4557926666666667,-6.0309841269841264
151.471,-1.581,43.68828,1.456276,-6.022857142857142
151.521,-1.5784666666666667,43.70278,1.4567593333333333,-6.013206349206349
151.571,-1.5759333333333332,43.71725333333333,1.4572417777777777,-6.003555555555555
151.621,-1.5730666666666666,43.73172,1.457724,-5.99263492063492
151.671,-1.5702,43.74618666666667,1.4582062222222223,-5.981714285714285
151.721,-1.5666,43.76066,1.4586886666666667,-5.968
151.771,-1.563,43.775126666666665,1.4591708888888888,-5.954285714285714
151.821,-1.5599333333333334,43.78959333333333,1.459653111111111,-5.942603174603175
151.871,-1.5568666666666668,43.80403333333334,1.4601344444444446,-5.930920634920636
151.921,-1.5542666666666667,43.81846666666667,1.4606155555555558,-5.921015873015873
151.971,-1.5516666666666665,43.832906666666666,1.461096888888889,-5.9111111111111105
152.021,-1.5490666666666668,43.84737333333333,1.461579111111111,-5.901206349206349
152.071,-1.5464666666666667,43.86184,1.4620613333333334,-5.891301587301587
152.121,-1.5459333333333334,43.87631333333333,1.4625437777777777,-5.889269841269841
152.171,-1.5463999999999998,43.89074666666667,1.463024888888889,-5.891047619047618
152.221,-1.5468666666666666,43.90518,1.463506,-5.892825396825397
152.271,-1.5466,43.91962,1.4639873333333333,-5.891809523809523
152.321,-1.5463333333333333,43.934086666666666,1.4644695555555556,-5.8907936507936505
152.371,-1.5458666666666665,43.94855333333333,1.4649517777777776,-5.889015873015872
152.421,-1.5454,43.96299333333333,1.465433111111111,-5.887238095238096
152.471,-1.5459333333333334,43.977426666666666,1.4659142222222221,-5.889269841269841
152.521,-1.5464666666666667,43.99186666666667,1.4663955555555555,-5.891301587301587
152.571,-1.5473333333333334,44.00630666666667,1.466876888888889,-5.894603174603175
152.621,-1.5482,44.02077333333333,1.467359111111111,-5.897904761904762
152.671,-1.5490666666666668,44.035246666666666,1.4678415555555555,-5.901206349206349
152.721,-1.5499333333333332,44.049679999999995,1.4683226666666664,-5.904507936507936
152.771,-1.5504666666666667,44.06412,1.468804,-5.906539682539682
152.821,-1.5511333333333333,44.07856,1.4692853333333333,-5.909079365079364
152.871,-1.551,44.09299333333333,1.4697664444444445,-5.908571428571428
152.921,-1.5514000000000001,44.107459999999996,1.4702486666666665,-5.910095238095238
152.971,-1.5518,44.12193333333333,1.470731111111111,-5.911619047619047
153.021,-1.5521333333333334,44.13636666666666,1.471212222222222,-5.912888888888888
153.071,-1.5524666666666667,44.15080666666667,1.4716935555555557,-5.9141587301587295
153.121,-1.552,44.16524666666667,1.472174888888889,-5.9123809523809525
153.171,-1.5515333333333332,44.17971333333333,1.472657111111111,-5.910603174603174
153.221,-1.5511333333333333,44.19418666666666,1.4731395555555553,-5.909079365079364
153.271,-1.5507333333333333,44.20865333333334,1.473621777777778,-5.907555555555555
153.321,-1.5507333333333333,44.22309333333333,1.4741031111111111,-5.907555555555555
153.371,-1.5507333333333333,44.23753333333333,1.4745844444444445,-5.907555555555555
153.421,-1.5511333333333333,44.25196666666667,1.4750655555555556,-5.909079365079364
153.471,-1.5515333333333332,44.266439999999996,1.4755479999999999,-5.910603174603174
153.521,-1.5513333333333332,44.28090666666667,1.4760302222222221,-5.9098412698412695
153.571,-1.5514000000000001,44.29537333333334,1.4765124444444446,-5.910095238095238
153.621,-1.5514666666666665,44.30981333333333,1.4769937777777777,-5.910349206349205
153.671,-1.5516666666666665,44.32425333333333,1.477475111111111,-5.9111111111111105
153.721,-1.5518666666666665,44.33868666666667,1.4779562222222222,-5.911873015873015
153.771,-1.5515333333333332,44.35316,1.4784386666666667,-5.910603174603174
153.821,-1.5512000000000001,44.367626666666666,1.478920888888889,-5.9093333333333335
153.872,-1.5513333333333332,44.38209333333334,1.4794031111111112,-5.9098412698412695
153.922,-1.5514666666666665,44.396566666666665,1.4798855555555555,-5.910349206349205
153.972,-1.5511333333333333,44.41103333333333,1.4803677777777777,-5.909079365079364
154.022,-1.5508,44.42550000000001,1.4808500000000002,-5.907809523809523
154.072,-1.5498666666666667,44.440000000000005,1.4813333333333334,-5.904253968253968
154.122,-1.5489333333333335,44.4545,1.4818166666666668,-5.900698412698413
154.172,-1.5473333333333334,44.46897333333333,1.482299111111111,-5.894603174603175
154.222,-1.5457333333333334,44.48344,1.4827813333333333,-5.888507936507937
154.272,-1.5452000000000001,44.49790666666667,1.4832635555555558,-5.88647619047619
154.322,-1.5452000000000001,44.51238,1.483746,-5.88647619047619
154.372,-1.5452000000000001,44.52688,1.4842293333333332,-5.88647619047619
154.422,-1.5458666666666665,44.541380000000004,1.4847126666666668,-5.889015873015872
154.472,-1.5465333333333333,44.55585333333333,1.485195111111111,-5.891555555555556
154.522,-1.5488,44.57032,1.4856773333333335,-5.900190476190476
154.572,-1.5510666666666666,44.584786666666666,1.4861595555555556,-5.908825396825396
154.622,-1.5533333333333335,44.59926,1.486642,-5.917460317460318
154.672,-1.5555999999999999,44.61372666666667,1.4871242222222223,-5.926095238095237
154.722,-1.5582666666666667,44.628193333333336,1.4876064444444446,-5.936253968253968
154.772,-1.5609333333333335,44.642633333333336,1.488087777777778,-5.946412698412699
154.822,-1.5645333333333333,44.657066666666665,1.4885688888888888,-5.960126984126984
154.872,-1.5681333333333332,44.671506666666666,1.4890502222222222,-5.973841269841269
154.922,-1.5715333333333334,44.68597333333333,1.4895324444444442,-5.986793650793651
154.972,-1.5749333333333333,44.70044,1.4900146666666667,-5.999746031746032
155.022,-1.5774000000000001,44.71490666666667,1.490496888888889,-6.009142857142858
155.072,-1.579,44.72934,1.490978,-6.015238095238095
155.122,-1.5806,44.74377333333334,1.4914591111111113,-6.021333333333333
155.172,-1.5817333333333332,44.75821333333333,1.4919404444444444,-6.025650793650793
155.222,-1.5828666666666669,44.77268,1.4924226666666667,-6.029968253968255
155.272,-1.5833333333333333,44.787146666666665,1.4929048888888887,-6.031746031746032
155.323,-1.5838,44.80162,1.4933873333333334,-6.0335238095238095
155.373,-1.584,44.81608666666667,1.4938695555555557,-6.034285714285715
155.423,-1.5842,44.830553333333334,1.4943517777777777,-6.035047619047619
155.473,-1.5838666666666665,44.84502666666666,1.4948342222222222,-6.033777777777777
155.523,-1.5835333333333332,44.85952666666666,1.4953175555555553,-6.032507936507936
155.573,-1.5833333333333333,44.874026666666666,1.495800888888889,-6.031746031746032
155.623,-1.5831333333333333,44.88849333333334,1.4962831111111112,-6.0309841269841264
155.673,-1.5830666666666668,44.90296,1.4967653333333333,-6.030730158730159
155.723,-1.5824666666666667,44.917426666666664,1.4972475555555556,-6.028444444444444
155.773,-1.5821333333333334,44.9319,1.49773,-6.027174603174603
155.823,-1.5814666666666668,44.946400000000004,1.4982133333333334,-6.024634920634921
155.873,-1.5808,44.9609,1.4986966666666668,-6.022095238095238
155.923,-1.5797999999999999,44.975366666666666,1.4991788888888888,-6.018285714285714
155.973,-1.5788000000000002,44.98983333333333,1.499661111111111,-6.014476190476191
156.023,-1.5782,45.00430666666667,1.5001435555555558,-6.012190476190476
156.073,-1.5776000000000001,45.018773333333336,1.5006257777777778,-6.009904761904762
156.123,-1.5779333333333334,45.03324,1.5011079999999999,-6.011174603174603
156.173,-1.5782666666666667,45.047713333333334,1.5015904444444446,-6.012444444444444
156.223,-1.5787333333333333,45.06214666666666,1.5020715555555555,-6.014222222222222
156.273,-1.5792,45.076586666666664,1.5025528888888888,-6.015999999999999
156.323,-1.5786666666666667,45.09102666666667,1.5030342222222224,-6.013968253968254
156.373,-1.5781333333333334,45.105493333333335,1.5035164444444444,-6.0119365079365075
156.423,-1.5779333333333334,45.11996,1.5039986666666667,-6.011174603174603
156.473,-1.5786,45.13443333333333,1.504481111111111,-6.013714285714285
156.523,-1.5792666666666666,45.14886666666666,1.504962222222222,-6.0162539682539675
156.573,-1.5797999999999999,45.16330666666667,1.5054435555555556,-6.018285714285714
156.623,-1.5803333333333331,45.177746666666664,1.5059248888888888,-6.020317460317459
156.673,-1.5805333333333331,45.192213333333335,1.5064071111111113,-6.021079365079364
156.723,-1.5807333333333333,45.20668666666666,1.5068895555555555,-6.0218412698412696
156.773,-1.5805333333333331,45.221120000000006,1.5073706666666669,-6.021079365079364
156.823,-1.5803333333333331,45.23556,1.507852,-6.020317460317459
156.873,-1.5791333333333335,45.25,1.5083333333333333,-6.0157460317460325
156.923,-1.5779333333333334,45.264433333333336,1.5088144444444445,-6.011174603174603
156.973,-1.5766666666666667,45.278906666666664,1.509296888888889,-6.006349206349206
157.023,-1.5754,45.293373333333335,1.5097791111111112,-6.001523809523809
157.073,-1.5751333333333333,45.30780666666667,1.5102602222222223,-6.000507936507936
157.123,-1.5748666666666666,45.322246666666665,1.5107415555555554,-5.999492063492063
157.173,-1.5750666666666668,45.336686666666665,1.5112228888888888,-6.000253968253968
157.223,-1.5748666666666666,45.35112,1.5117040000000002,-5.999492063492063
157.273,-1.5746666666666667,45.36559333333334,1.5121864444444446,-5.998730158730158
157.323,-1.5746,45.38006,1.5126686666666667,-5.9984761904761905
157.373,-1.5745333333333333,45.3945,1.51315,-5.998222222222222
157.423,-1.5748666666666666,45.40894,1.5136313333333333,-5.999492063492063
157.473,-1.5752,45.42337333333333,1.5141124444444443,-6.000761904761904
157.523,-1.575,45.43784666666667,1.5145948888888892,-6.0
157.573,-1.5748,45.452313333333336,1.5150771111111112,-5.999238095238095
157.623,-1.5744666666666667,45.46678,1.5155593333333333,-5.997968253968254
157.673,-1.5741333333333334,45.48122,1.5160406666666666,-5.996698412698413
157.723,-1.5754666666666668,45.49565333333333,1.5165217777777777,-6.001777777777778
157.773,-1.5768,45.510086666666666,1.517002888888889,-6.006857142857142
157.823,-1.5786666666666667,45.524559999999994,1.5174853333333331,-6.013968253968254
157.873,-1.5805333333333331,45.53902666666667,1.5179675555555556,-6.021079365079364
157.923,-1.5814666666666668,45.553493333333336,1.518449777777778,-6.024634920634921
157.973,-1.5814666666666668,45.567933333333336,1.5189311111111112,-6.024634920634921
158.023,-1.5814666666666668,45.582366666666665,1.5194122222222222,-6.024634920634921
158.073,-1.5806666666666667,45.596806666666666,1.5198935555555555,-6.021587301587301
158.123,-1.5798666666666668,45.61127333333333,1.5203757777777775,-6.018539682539682
158.173,-1.5795333333333335,45.62573999999999,1.5208579999999998,-6.017269841269841
158.224,-1.5792,45.640213333333335,1.5213404444444445,-6.015999999999999
158.274,-1.5802666666666667,45.65468,1.5218226666666665,-6.020063492063492
158.324,-1.5813333333333333,45.66914666666666,1.5223048888888888,-6.024126984126983
158.374,-1.582,45.683620000000005,1.5227873333333335,-6.026666666666666
158.424,-1.5826666666666669,45.69812,1.5232706666666667,-6.0292063492063495
158.474,-1.5820666666666667,45.71262,1.523754,-6.026920634920635
158.524,-1.5814666666666668,45.72709333333333,1.5242364444444443,-6.024634920634921
158.574,-1.5799999999999998,45.74156,1.5247186666666666,-6.019047619047618
158.624,-1.5778,45.75602666666667,1.525200888888889,-6.010666666666666
158.674,-1.5760666666666667,45.7705,1.5256833333333333,-6.004063492063492
158.724,-1.575,45.785,1.5261666666666664,-6.0
158.774,-1.5739333333333334,45.799499999999995,1.5266499999999998,-5.995936507936508
158.824,-1.5740666666666667,45.81396666666667,1.5271322222222223,-5.996444444444444
158.874,-1.5742,45.82843333333334,1.5276144444444446,-5.996952380952381
158.924,-1.5734666666666668,45.842906666666664,1.5280968888888888,-5.9941587301587305
158.974,-1.5727333333333333,45.857373333333335,1.528579111111111,-5.991365079365079
159.024,-1.5706666666666667,45.87184,1.5290613333333334,-5.983492063492063
159.074,-1.5686,45.886313333333334,1.5295437777777778,-5.975619047619047
159.124,-1.568,45.90074666666667,1.530024888888889,-5.973333333333334
159.174,-1.5674,45.91518666666666,1.530506222222222,-5.971047619047618
159.224,-1.5664666666666667,45.929626666666664,1.5309875555555554,-5.967492063492063
159.274,-1.5655333333333334,45.94409333333333,1.5314697777777775,-5.963936507936508
159.324,-1.564,45.95856,1.531952,-5.958095238095238
159.374,-1.5641333333333334,45.97303333333333,1.5324344444444444,-5.958603174603175
159.424,-1.5642666666666665,45.98746666666667,1.5329155555555556,-5.95911111111111
159.474,-1.5655999999999999,46.00190666666666,1.5333968888888887,-5.964190476190476
159.524,-1.5669333333333333,46.016346666666664,1.533878222222222,-5.969269841269841
159.574,-1.5678666666666667,46.03081333333333,1.5343604444444443,-5.972825396825397
159.624,-1.5688,46.04528666666667,1.534842888888889,-5.976380952380952
159.675,-1.5698,46.05975333333333,1.535325111111111,-5.980190476190476
159.725,-1.5708,46.07422,1.5358073333333333,-5.984
159.775,-1.5728,46.08869333333333,1.5362897777777778,-5.991619047619047
159.825,-1.5748,46.10316,1.536772,-5.999238095238095
159.875,-1.5759333333333332,46.11766,1.5372553333333334,-6.003555555555555
159.925,-1.5770666666666666,46.132153333333335,1.5377384444444444,-6.007873015873016
159.975,-1.5783333333333334,46.14662,1.5382206666666667,-6.012698412698413
160.025,-1.5796,46.16108666666666,1.5387028888888887,-6.017523809523809
160.075,-1.5812,46.17556,1.5391853333333332,-6.023619047619047
160.125,-1.5814666666666668,46.19002666666667,1.5396675555555557,-6.024634920634921
160.175,-1.5817333333333332,46.204526666666666,1.5401508888888888,-6.025650793650793
160.225,-1.5818,46.219026666666664,1.5406342222222222,-6.025904761904762
160.275,-1.5818666666666668,46.23349333333333,1.5411164444444443,-6.0261587301587305
160.325,-1.582,46.24796666666667,1.541598888888889,-6.026666666666666
160.375,-1.5821333333333334,46.262433333333334,1.5420811111111112,-6.027174603174603
160.425,-1.581,46.2769,1.5425633333333333,-6.022857142857142
160.475,-1.5798666666666668,46.29137333333333,1.5430457777777777,-6.018539682539682
160.525,-1.5778,46.30584,1.543528,-6.010666666666666
160.575,-1.5757333333333332,46.32027333333334,1.5440091111111114,-6.00279365079365
160.625,-1.5744666666666667,46.33471333333333,1.5444904444444445,-5.997968253968254
160.675,-1.5732,46.349153333333334,1.5449717777777778,-5.993142857142857
160.725,-1.5719333333333334,46.36362,1.5454539999999999,-5.98831746031746
160.775,-1.5713333333333332,46.37809333333333,1.5459364444444443,-5.986031746031745
160.825,-1.5706,46.39256,1.5464186666666668,-5.983238095238095
160.875,-1.5704666666666667,46.407000000000004,1.5469000000000002,-5.982730158730159
160.925,-1.5703333333333334,46.42144,1.5473813333333333,-5.982222222222222
160.975,-1.5692666666666668,46.43587333333333,1.5478624444444444,-5.9781587301587304
161.025,-1.5682,46.45034666666666,1.5483448888888887,-5.974095238095238
161.075,-1.5677333333333332,46.46481333333334,1.5488271111111114,-5.972317460317459
161.125,-1.5672666666666666,46.47925333333333,1.5493084444444445,-5.970539682539682
161.175,-1.5680666666666667,46.49369333333333,1.5497897777777778,-5.973587301587301
161.225,-1.5688666666666669,46.50812666666666,1.5502708888888888,-5.976634920634921
161.275,-1.5704,46.52256,1.550752,-5.9824761904761905
161.325,-1.5719333333333334,46.537033333333326,1.5512344444444441,-5.98831746031746
161.375,-1.5726666666666667,46.551500000000004,1.5517166666666669,-5.991111111111111
161.425,-1.5734,46.56594,1.552198,-5.993904761904761
161.475,-1.5746666666666667,46.58038,1.5526793333333333,-5.998730158730158
161.525,-1.5749333333333333,46.594813333333335,1.5531604444444445,-5.999746031746032
161.575,-1.5752,46.60925333333333,1.5536417777777776,-6.000761904761904
161.625,-1.5745333333333336,46.623720000000006,1.5541240000000003,-5.998222222222223
161.675,-1.5738666666666667,46.63818666666667,1.5546062222222223,-5.99568253968254
161.725,-1.5735999999999999,46.65262666666667,1.5550875555555557,-5.994666666666666
161.775,-1.5733333333333335,46.66706,1.5555686666666666,-5.993650793650794
161.825,-1.5734666666666668,46.6815,1.55605,-5.9941587301587305
161.875,-1.5735999999999999,46.69596666666666,1.5565322222222222,-5.994666666666666
161.925,-1.5739333333333334,46.710433333333334,1.5570144444444445,-5.995936507936508
161.975,-1.5742666666666667,46.724900000000005,1.5574966666666668,-5.997206349206349
162.025,-1.5752,46.73934,1.5579779999999999,-6.000761904761904
162.075,-1.5761333333333334,46.753773333333335,1.5584591111111112,-6.00431746031746
162.125,-1.5768666666666666,46.76821333333333,1.5589404444444444,-6.007111111111111
162.175,-1.5776000000000001,46.78268,1.5594226666666666,-6.009904761904762
162.225,-1.5770000000000002,46.79714666666666,1.5599048888888887,-6.007619047619048
162.275,-1.5764,46.81162,1.5603873333333333,-6.005333333333333
162.325,-1.5758,46.826053333333334,1.5608684444444445,-6.003047619047619
162.375,-1.5761333333333334,46.840493333333335,1.5613497777777778,-6.00431746031746
162.425,-1.5764666666666665,46.85493333333333,1.561831111111111,-6.0055873015873
162.475,-1.5759333333333332,46.8694,1.5623133333333332,-6.003555555555555
162.525,-1.5754,46.883873333333334,1.562795777777778,-6.001523809523809
162.576,-1.5738666666666667,46.89834,1.563278,-5.99568253968254
162.626,-1.5723333333333334,46.91280666666667,1.5637602222222222,-5.9898412698412695
162.676,-1.5710666666666666,46.92727333333333,1.5642424444444445,-5.985015873015873
162.726,-1.5698,46.94174666666667,1.564724888888889,-5.980190476190476
162.776,-1.5675333333333332,46.956246666666665,1.5652082222222221,-5.971555555555555
162.826,-1.5652666666666666,46.97074666666666,1.5656915555555555,-5.962920634920635
162.876,-1.5638,46.985213333333334,1.5661737777777778,-5.957333333333334
162.926,-1.5623333333333334,46.99968,1.5666559999999998,-5.951746031746032
162.976,-1.5613333333333332,47.01415333333333,1.5671384444444445,-5.947936507936507
163.026,-1.5609333333333335,47.028620000000004,1.5676206666666668,-5.946412698412699
163.076,-1.5605333333333333,47.04312,1.5681040000000002,-5.9448888888888884
163.126,-1.5603333333333333,47.05762,1.5685873333333333,-5.944126984126984
163.176,-1.5601333333333334,47.07208666666667,1.5690695555555556,-5.943365079365079
163.226,-1.5599333333333334,47.08656,1.569552,-5.942603174603175
163.276,-1.5597333333333334,47.10102666666667,1.5700342222222223,-5.9418412698412695
163.326,-1.5595999999999999,47.11549333333333,1.5705164444444444,-5.941333333333333
163.376,-1.5594666666666666,47.12996666666666,1.5709988888888886,-5.940825396825396
163.426,-1.5602666666666667,47.14444,1.5714813333333335,-5.943873015873016
163.476,-1.5610666666666666,47.15887333333333,1.5719624444444444,-5.946920634920635
163.526,-1.5618666666666667,47.17331333333333,1.5724437777777778,-5.949968253968254
163.576,-1.5626666666666666,47.18775333333333,1.572925111111111,-5.953015873015873
163.626,-1.5624666666666667,47.202220000000004,1.5734073333333334,-5.952253968253968
163.676,-1.5624666666666667,47.21669333333333,1.5738897777777778,-5.952253968253968
163.726,-1.5626666666666666,47.23116,1.574372,-5.953015873015873
163.776,-1.5622666666666667,47.245599999999996,1.5748533333333332,-5.951492063492063
163.826,-1.5618666666666667,47.260040000000004,1.5753346666666668,-5.949968253968254
163.876,-1.5613333333333332,47.27447333333334,1.575815777777778,-5.947936507936507
163.926,-1.5608,47.28894666666667,1.5762982222222222,-5.945904761904761
163.976,-1.561,47.30341333333333,1.5767804444444444,-5.946666666666666
164.027,-1.5612,47.317879999999995,1.5772626666666665,-5.947428571428571
164.077,-1.5612666666666668,47.332346666666666,1.577744888888889,-5.94768253968254
164.127,-1.5613333333333335,47.34681333333333,1.578227111111111,-5.947936507936508
164.177,-1.561,47.36128,1.5787093333333333,-5.946666666666666
164.227,-1.5606666666666666,47.37578,1.5791926666666667,-5.945396825396825
164.277,-1.5608666666666666,47.39028,1.5796759999999999,-5.9461587301587295
164.327,-1.5610666666666666,47.40474666666667,1.5801582222222224,-5.946920634920635
164.377,-1.562,47.41922,1.5806406666666668,-5.9504761904761905
164.427,-1.5626,47.43368666666667,1.5811228888888889,-5.952761904761904
164.477,-1.5632,47.44815333333334,1.5816051111111114,-5.955047619047619
164.527,-1.5638666666666667,47.462653333333336,1.5820884444444445,-5.957587301587302
164.577,-1.5645333333333333,47.477153333333334,1.5825717777777777,-5.960126984126984
164.627,-1.5647333333333333,47.49162666666667,1.5830542222222224,-5.9608888888888885
164.677,-1.5649333333333333,47.50609333333333,1.5835364444444444,-5.961650793650794
164.727,-1.5649333333333333,47.52056,1.5840186666666667,-5.961650793650794
164.777,-1.5649333333333333,47.53502666666667,1.584500888888889,-5.961650793650794
164.827,-1.5654000000000001,47.549499999999995,1.5849833333333332,-5.9634285714285715
164.877,-1.5658666666666667,47.56396666666667,1.5854655555555557,-5.965206349206349
164.927,-1.5654666666666666,47.578406666666666,1.5859468888888888,-5.963682539682539
164.977,-1.5650666666666666,47.59284666666667,1.5864282222222221,-5.9621587301587295
165.027,-1.5641333333333334,47.607279999999996,1.5869093333333333,-5.958603174603175
165.077,-1.5632,47.62175333333333,1.5873917777777777,-5.955047619047619
165.127,-1.5625333333333333,47.63622,1.587874,-5.952507936507936
165.177,-1.5618,47.650686666666665,1.5883562222222223,-5.949714285714286
165.227,-1.5610666666666666,47.665126666666666,1.5888375555555556,-5.946920634920635
165.277,-1.5608,47.67956,1.5893186666666668,-5.945904761904761
165.327,-1.5605333333333333,47.693999999999996,1.5897999999999999,-5.9448888888888884
165.377,-1.5603333333333333,47.708466666666666,1.5902822222222222,-5.944126984126984
165.427,-1.5601333333333334,47.72293333333334,1.5907644444444446,-5.943365079365079
165.477,-1.5599999999999998,47.73737333333334,1.591245777777778,-5.942857142857142
165.527,-1.5598666666666667,47.75181333333333,1.591727111111111,-5.942349206349206
165.577,-1.5596666666666665,47.76624666666667,1.5922082222222222,-5.941587301587301
165.627,-1.5594666666666666,47.78068666666666,1.5926895555555554,-5.940825396825396
165.677,-1.5588000000000002,47.79515333333333,1.5931717777777776,-5.938285714285715
165.727,-1.5581333333333334,47.80962,1.5936540000000001,-5.9357460317460315
165.777,-1.557,47.82406,1.5941353333333335,-5.931428571428571
165.827,-1.5558666666666667,47.83849333333333,1.5946164444444444,-5.927111111111111
165.877,-1.5543333333333333,47.85293333333333,1.5950977777777777,-5.921269841269841
165.927,-1.5529333333333333,47.86737333333333,1.595579111111111,-5.915936507936507
165.977,-1.5515333333333332,47.88184,1.5960613333333333,-5.910603174603174
166.027,-1.5502666666666667,47.89631333333333,1.5965437777777778,-5.905777777777778
166.077,-1.549,47.91074666666667,1.597024888888889,-5.90095238095238
166.127,-1.5477999999999998,47.92518,1.5975059999999999,-5.896380952380952
166.177,-1.5466000000000002,47.93962,1.5979873333333332,-5.891809523809524
166.227,-1.5454,47.95408666666666,1.5984695555555555,-5.887238095238096
166.277,-1.5442,47.96855333333333,1.5989517777777777,-5.882666666666666
166.327,-1.5426,47.98302666666667,1.5994342222222222,-5.876571428571428
166.377,-1.541,47.997460000000004,1.5999153333333334,-5.8704761904761895
166.427,-1.5396666666666665,48.0119,1.6003966666666665,-5.865396825396824
166.477,-1.5383333333333333,48.02634,1.600878,-5.86031746031746
166.527,-1.5380666666666667,48.04080666666667,1.6013602222222223,-5.859301587301587
166.577,-1.5367333333333333,48.05528,1.6018426666666667,-5.854222222222222
166.627,-1.5353999999999999,48.06974666666667,1.6023248888888888,-5.849142857142857
166.677,-1.5326666666666666,48.08418666666667,1.6028062222222224,-5.838730158730158
166.727,-1.5299333333333334,48.09862666666667,1.6032875555555557,-5.82831746031746
166.777,-1.5262,48.113060000000004,1.6037686666666668,-5.814095238095238
166.827,-1.5224666666666666,48.12752666666667,1.604250888888889,-5.799873015873016
166.877,-1.5190666666666668,48.142,1.6047333333333333,-5.7869206349206355
166.928,-1.5156666666666667,48.15646666666667,1.6052155555555556,-5.7739682539682535
166.978,-1.5130000000000001,48.17093333333333,1.6056977777777777,-5.763809523809524
167.028,-1.5103333333333333,48.18540666666667,1.6061802222222223,-5.7536507936507935
167.078,-1.5076666666666667,48.199873333333336,1.6066624444444446,-5.743492063492063
167.128,-1.505,48.214373333333334,1.6071457777777778,-5.7333333333333325
167.178,-1.5035333333333334,48.22887333333333,1.6076291111111112,-5.727746031746031
167.228,-1.5020666666666667,48.24334,1.6081113333333334,-5.72215873015873
167.278,-1.5005333333333333,48.25781333333334,1.608593777777778,-5.71631746031746
167.328,-1.4994,48.27228,1.6090760000000002,-5.712
167.378,-1.4982666666666666,48.286746666666666,1.6095582222222222,-5.70768253968254
167.428,-1.4982666666666666,48.301246666666664,1.6100415555555554,-5.70768253968254
167.478,-1.4982666666666666,48.31574666666667,1.610524888888889,-5.70768253968254
167.528,-1.4989333333333335,48.33021333333333,1.611007111111111,-5.710222222222223
167.578,-1.4996,48.34468666666667,1.6114895555555555,-5.712761904761905
167.628,-1.5006666666666668,48.35915333333333,1.6119717777777778,-5.7168253968253975
167.678,-1.5017333333333334,48.373619999999995,1.6124539999999998,-5.720888888888889
167.728,-1.5024000000000002,48.38809333333334,1.6129364444444445,-5.723428571428572
167.778,-1.5030666666666666,48.40256,1.6134186666666668,-5.7259682539682535
167.828,-1.5032666666666665,48.417,1.6139000000000001,-5.726730158730158
167.878,-1.5034666666666667,48.431439999999995,1.6143813333333332,-5.727492063492064
167.928,-1.5022,48.44587333333333,1.6148624444444444,-5.722666666666666
167.978,-1.5009333333333332,48.460346666666666,1.6153448888888888,-5.717841269841269
168.028,-1.4988666666666668,48.47481333333334,1.6158271111111113,-5.709968253968254
168.078,-1.4981333333333333,48.48928,1.6163093333333334,-5.707174603174603
168.128,-1.4974,48.50372,1.6167906666666667,-5.704380952380952
168.178,-1.4979333333333333,48.51815333333333,1.6172717777777776,-5.706412698412699
168.228,-1.4984666666666666,48.53258666666667,1.6177528888888888,-5.708444444444444
168.278,-1.5002,48.54706,1.6182353333333335,-5.715047619047619
168.328,-1.5019333333333333,48.561526666666666,1.6187175555555555,-5.721650793650793
168.379,-1.5033333333333334,48.57599333333334,1.6191997777777778,-5.726984126984127
168.429,-1.5047333333333335,48.590466666666664,1.6196822222222222,-5.732317460317461
168.479,-1.5061333333333333,48.60493333333333,1.6201644444444443,-5.7376507936507934
168.529,-1.5075333333333334,48.6194,1.6206466666666666,-5.742984126984127
168.579,-1.5091333333333334,48.633900000000004,1.6211300000000002,-5.749079365079365
168.629,-1.5107333333333335,48.6484,1.6216133333333334,-5.755174603174604
168.679,-1.5124,48.66287333333333,1.6220957777777776,-5.761523809523809
168.729,-1.5140666666666667,48.677339999999994,1.6225779999999999,-5.767873015873016
168.779,-1.5170666666666668,48.69180666666667,1.6230602222222223,-5.779301587301587
168.829,-1.5198,48.70628,1.6235426666666666,-5.789714285714286
168.879,-1.5225333333333333,48.72078,1.624026,-5.800126984126984
168.929,-1.5241333333333331,48.735279999999996,1.6245093333333331,-5.806222222222221
168.979,-1.5257333333333334,48.74975333333334,1.624991777777778,-5.81231746031746
169.029,-1.5249333333333333,48.76422,1.625474,-5.809269841269841
169.079,-1.5241333333333331,48.778686666666665,1.6259562222222221,-5.806222222222221
169.129,-1.5222,48.79315999999999,1.6264386666666664,-5.798857142857143
169.179,-1.5202666666666667,48.80762666666667,1.626920888888889,-5.791492063492063
169.229,-1.5172666666666668,48.822093333333335,1.6274031111111111,-5.780063492063492
169.279,-1.5142666666666666,48.836533333333335,1.6278844444444445,-5.76863492063492
169.329,-1.5115333333333332,48.850966666666665,1.6283655555555554,-5.758222222222221
169.379,-1.5088000000000001,48.865406666666665,1.6288468888888887,-5.747809523809524
169.429,-1.5073333333333332,48.87987333333333,1.629329111111111,-5.742222222222221
169.479,-1.5058,48.89434000000001,1.6298113333333335,-5.736380952380952
169.529,-1.5034666666666667,48.908813333333335,1.6302937777777777,-5.727492063492064
169.579,-1.5008000000000001,48.923246666666664,1.6307748888888889,-5.717333333333333
169.629,-1.4981333333333333,48.93768,1.631256,-5.707174603174603
169.679,-1.4949333333333332,48.95212,1.6317373333333334,-5.694984126984126
169.729,-1.4917333333333334,48.966586666666664,1.6322195555555554,-5.68279365079365
169.779,-1.4898,48.98105333333333,1.6327017777777777,-5.675428571428571
169.829,-1.4878666666666667,48.995493333333336,1.6331831111111113,-5.668063492063492
169.879,-1.4865333333333335,49.009926666666665,1.6336642222222222,-5.662984126984127
169.929,-1.4851999999999999,49.024366666666666,1.6341455555555555,-5.657904761904761
169.979,-1.4848000000000001,49.038806666666666,1.6346268888888889,-5.656380952380952
170.029,-1.4844000000000002,49.05327333333333,1.635109111111111,-5.654857142857143
170.079,-1.4848666666666666,49.06774666666667,1.6355915555555558,-5.65663492063492
170.129,-1.4853333333333334,49.08218,1.6360726666666667,-5.658412698412699
170.179,-1.4853333333333334,49.09662,1.636554,-5.658412698412699
170.229,-1.4846000000000001,49.111059999999995,1.6370353333333332,-5.655619047619048
170.279,-1.4838666666666667,49.12549333333333,1.6375164444444443,-5.6528253968253965
170.329,-1.4838,49.13996,1.6379986666666668,-5.652571428571428
170.379,-1.4837333333333333,49.15443333333334,1.6384811111111113,-5.65231746031746
170.429,-1.4846000000000001,49.168866666666666,1.6389622222222222,-5.655619047619048
170.479,-1.4854666666666667,49.18330666666667,1.6394435555555555,-5.6589206349206345
170.529,-1.4860666666666666,49.19774666666667,1.6399248888888889,-5.661206349206349
170.579,-1.4866666666666668,49.21221333333334,1.6404071111111114,-5.663492063492064
170.629,-1.4876666666666667,49.226686666666666,1.6408895555555556,-5.667301587301587
170.679,-1.4886666666666668,49.24115333333334,1.6413717777777779,-5.671111111111111
170.729,-1.4893333333333334,49.25559333333333,1.641853111111111,-5.673650793650793
170.779,-1.49,49.27003333333334,1.6423344444444445,-5.676190476190476
170.829,-1.4901333333333333,49.28446666666667,1.6428155555555555,-5.676698412698412
170.879,-1.4902666666666666,49.29894,1.6432980000000001,-5.677206349206349
170.929,-1.4918,49.313406666666666,1.6437802222222222,-5.683047619047619
170.979,-1.4938666666666667,49.32787333333333,1.6442624444444442,-5.6909206349206345
171.029,-1.4959333333333333,49.34231333333333,1.6447437777777776,-5.69879365079365
171.079,-1.4961333333333333,49.35675333333334,1.6452251111111111,-5.6995555555555555
171.129,-1.4963333333333333,49.37118666666667,1.6457062222222223,-5.70031746031746
171.179,-1.4954666666666665,49.38566,1.6461886666666667,-5.697015873015872
171.229,-1.4946,49.400126666666665,1.6466708888888888,-5.693714285714285
171.28,-1.4954,49.41459333333333,1.647153111111111,-5.696761904761905
171.33,-1.4962000000000002,49.42906666666667,1.6476355555555557,-5.699809523809524
171.38,-1.4966666666666666,49.443533333333335,1.6481177777777778,-5.701587301587301
171.43,-1.4971333333333334,49.458,1.6485999999999998,-5.70336507936508
171.48,-1.4971999999999999,49.4725,1.6490833333333332,-5.703619047619047
171.53,-1.4972666666666667,49.486999999999995,1.6495666666666664,-5.7038730158730155
171.58,-1.4977333333333334,49.50147333333334,1.6500491111111113,-5.705650793650793
171.63,-1.4982,49.51594,1.6505313333333334,-5.707428571428571
171.68,-1.4971333333333334,49.530406666666664,1.6510135555555554,-5.70336507936508
171.73,-1.4968,49.544873333333335,1.651495777777778,-5.702095238095238
171.78,-1.4964666666666666,49.55937333333333,1.651979111111111,-5.700825396825397
171.83,-1.4984666666666666,49.57387333333334,1.6524624444444447,-5.708444444444444
171.88,-1.5004666666666668,49.588346666666666,1.652944888888889,-5.716063492063492
171.93,-1.5036666666666667,49.60281333333333,1.653427111111111,-5.728253968253968
171.98,-1.5068666666666668,49.61728,1.6539093333333335,-5.740444444444445
172.03,-1.5086000000000002,49.631753333333336,1.654391777777778,-5.74704761904762
172.08,-1.5103333333333333,49.64622,1.654874,-5.7536507936507935
172.13,-1.5112666666666668,49.66068666666667,1.6553562222222225,-5.757206349206349
172.18,-1.5122,49.675126666666664,1.6558375555555556,-5.760761904761904
172.23,-1.5142666666666666,49.68956,1.6563186666666667,-5.76863492063492
172.28,-1.5163333333333333,49.70399999999999,1.6567999999999998,-5.776507936507937
172.33,-1.5204666666666666,49.71846666666667,1.6572822222222223,-5.792253968253968
172.38,-1.5251333333333332,49.732933333333335,1.6577644444444446,-5.810031746031745
172.43,-1.5297333333333332,49.7474,1.6582466666666666,-5.827555555555555
172.48,-1.5326,49.76184,1.658728,-5.83847619047619
172.53,-1.5354666666666668,49.77627333333333,1.659209111111111,-5.849396825396825
172.58,-1.537,49.79071333333333,1.6596904444444442,-5.855238095238095
172.63,-1.5385333333333333,49.80518,1.6601726666666667,-5.861079365079365
172.68,-1.5403999999999998,49.81964666666667,1.660654888888889,-5.868190476190475
172.731,-1.5422666666666667,49.83412,1.6611373333333332,-5.875301587301587
172.781,-1.5440666666666667,49.84858666666666,1.6616195555555555,-5.88215873015873
172.831,-1.5458666666666665,49.86305333333333,1.6621017777777778,-5.889015873015872
172.881,-1.5475333333333334,49.87752666666667,1.6625842222222222,-5.89536507936508
172.931,-1.5492,49.892026666666666,1.6630675555555556,-5.901714285714285
172.981,-1.5506666666666669,49.906526666666664,1.6635508888888888,-5.907301587301588
173.031,-1.5521333333333334,49.92099333333333,1.6640331111111109,-5.912888888888888
173.081,-1.5517333333333334,49.93546,1.6645153333333333,-5.91136507936508
173.131,-1.5496,49.949933333333334,1.6649977777777778,-5.903238095238096
173.181,-1.5474666666666665,49.96440666666667,1.6654802222222223,-5.8951111111111105
173.231,-1.5452000000000001,49.97890666666667,1.6659635555555556,-5.88647619047619
173.281,-1.5429333333333333,49.99340666666667,1.666446888888889,-5.877841269841269
173.331,-1.5417333333333334,50.007873333333336,1.6669291111111113,-5.873269841269841
173.381,-1.5405333333333333,50.02234,1.6674113333333334,-5.8686984126984125
173.431,-1.5396666666666665,50.036813333333335,1.6678937777777778,-5.865396825396824
173.481,-1.5388,50.05128,1.6683759999999999,-5.862095238095238
173.531,-1.5368,50.06574666666667,1.6688582222222224,-5.85447619047619
173.581,-1.5348,50.080220000000004,1.6693406666666668,-5.846857142857142
173.631,-1.5335333333333334,50.09465333333333,1.6698217777777777,-5.842031746031746
173.681,-1.5322666666666664,50.109093333333334,1.670303111111111,-5.837206349206348
173.731,-1.5303333333333333,50.12353333333333,1.6707844444444442,-5.829841269841269
173.781,-1.5284,50.138000000000005,1.671266666666667,-5.82247619047619
173.831,-1.5258,50.15246666666667,1.671748888888889,-5.812571428571428
173.881,-1.5243333333333333,50.16693333333333,1.672231111111111,-5.806984126984126
173.931,-1.5228666666666666,50.18136666666667,1.6727122222222224,-5.801396825396825
173.981,-1.5226,50.19580666666666,1.6731935555555555,-5.8003809523809515
174.031,-1.5223333333333333,50.21024666666666,1.6736748888888888,-5.799365079365079
174.081,-1.5203333333333333,50.22471333333333,1.6741571111111109,-5.791746031746031
174.131,-1.5183333333333333,50.23918666666667,1.6746395555555555,-5.784126984126984
174.181,-1.5149333333333332,50.25362,1.6751206666666667,-5.771174603174603
174.231,-1.5115333333333332,50.26806,1.675602,-5.758222222222221
174.281,-1.5093999999999999,50.2825,1.6760833333333334,-5.750095238095238
174.331,-1.5072666666666665,50.29693333333333,1.6765644444444443,-5.7419682539682535
174.381,-1.5066666666666668,50.31140666666667,1.677046888888889,-5.73968253968254
174.431,-1.5060666666666667,50.325873333333334,1.677529111111111,-5.737396825396825
174.481,-1.5062666666666666,50.34030666666667,1.6780102222222224,-5.73815873015873
174.531,-1.5054,50.354746666666664,1.6784915555555555,-5.734857142857143
174.581,-1.5045333333333335,50.36918666666667,1.678972888888889,-5.7315555555555555
174.631,-1.5034666666666667,50.38362,1.679454,-5.727492063492064
174.681,-1.5024000000000002,50.398093333333335,1.6799364444444445,-5.723428571428572
174.731,-1.5012666666666667,50.41256,1.6804186666666667,-5.719111111111111
174.781,-1.5001333333333333,50.427,1.6809,-5.71479365079365
174.831,-1.4996666666666667,50.44144000000001,1.6813813333333336,-5.713015873015873
174.881,-1.4991999999999999,50.45587333333334,1.6818624444444445,-5.711238095238095
174.931,-1.4994666666666667,50.470346666666664,1.6823448888888888,-5.712253968253968
174.981,-1.4997333333333331,50.484813333333335,1.6828271111111113,-5.71326984126984
175.031,-1.5007333333333333,50.49928,1.6833093333333333,-5.717079365079364
175.081,-1.5017333333333334,50.51372,1.6837906666666667,-5.720888888888889
175.131,-1.5020666666666667,50.52815333333333,1.6842717777777776,-5.72215873015873
175.181,-1.5024000000000002,50.542586666666665,1.6847528888888887,-5.723428571428572
175.231,-1.5016,50.55706,1.6852353333333334,-5.720380952380952
175.281,-1.5014666666666665,50.571526666666664,1.6857175555555555,-5.719873015873015
175.331,-1.5013333333333334,50.585993333333334,1.6861997777777777,-5.71936507936508
175.381,-1.5014666666666665,50.60043333333333,1.6866811111111109,-5.719873015873015
175.431,-1.5016,50.614866666666664,1.6871622222222222,-5.720380952380952
175.481,-1.5016,50.62930666666667,1.6876435555555558,-5.720380952380952
175.531,-1.5016,50.643773333333336,1.6881257777777778,-5.720380952380952
175.581,-1.5016,50.65824,1.6886079999999999,-5.720380952380952
175.632,-1.5016,50.672713333333334,1.6890904444444446,-5.720380952380952
175.682,-1.5016666666666665,50.68718,1.6895726666666666,-5.72063492063492
175.732,-1.5017333333333334,50.70164666666666,1.6900548888888887,-5.720888888888889
175.782,-1.5013333333333334,50.716120000000004,1.6905373333333336,-5.71936507936508
175.832,-1.5009333333333332,50.73062,1.6910206666666667,-5.717841269841269
175.882,-1.5001333333333333,50.74512,1.691504,-5.71479365079365
175.932,-1.4993333333333332,50.759593333333335,1.6919864444444446,-5.711746031746031
175.982,-1.4989333333333332,50.77406,1.6924686666666666,-5.710222222222222
176.032,-1.4986,50.78852666666667,1.692950888888889,-5.708952380952381
176.082,-1.4982666666666666,50.803,1.6934333333333333,-5.70768253968254
176.132,-1.4984,50.8175,1.6939166666666667,-5.708190476190476
176.182,-1.4985333333333335,50.832,1.6944000000000001,-5.708698412698413
176.232,-1.4994,50.846466666666664,1.6948822222222222,-5.712
176.282,-1.5002666666666664,50.860933333333335,1.6953644444444445,-5.715301587301586
176.332,-1.5010666666666665,50.87540666666667,1.695846888888889,-5.718349206349206
176.382,-1.5018666666666667,50.889873333333334,1.6963291111111112,-5.721396825396825
176.432,-1.5018,50.904340000000005,1.6968113333333334,-5.721142857142857
176.482,-1.5017333333333334,50.91881333333333,1.6972937777777777,-5.720888888888889
176.532,-1.5014,50.93324666666667,1.697774888888889,-5.719619047619048
176.582,-1.5010666666666665,50.94768,1.698256,-5.718349206349206
176.632,-1.5003333333333333,50.96212,1.6987373333333333,-5.7155555555555555
176.682,-1.4996,50.97658666666667,1.6992195555555556,-5.712761904761905
176.732,-1.4988666666666668,50.99105333333333,1.6997017777777779,-5.709968253968254
176.782,-1.4990666666666668,51.00552666666667,1.7001842222222223,-5.710730158730159
176.832,-1.4992666666666667,51.01996,1.7006653333333333,-5.711492063492064
176.882,-1.4982666666666666,51.0344,1.7011466666666666,-5.70768253968254
176.932,-1.4972666666666667,51.048840000000006,1.7016280000000001,-5.7038730158730155
176.982,-1.4955333333333334,51.06330666666667,1.7021102222222224,-5.697269841269841
177.032,-1.4938,51.07778,1.7025926666666666,-5.690666666666666
177.083,-1.4927333333333335,51.09224666666667,1.703074888888889,-5.686603174603174
177.133,-1.4916666666666667,51.10671333333333,1.703557111111111,-5.682539682539683
177.183,-1.4910666666666665,51.12118666666667,1.7040395555555556,-5.680253968253967
177.233,-1.4904666666666666,51.13565333333334,1.704521777777778,-5.677968253968253
177.283,-1.4898666666666667,51.150153333333336,1.705005111111111,-5.67568253968254
177.333,-1.4892666666666667,51.164660000000005,1.7054886666666669,-5.673396825396825
177.383,-1.4898,51.17912666666667,1.705970888888889,-5.675428571428571
177.433,-1.4906666666666666,51.19359333333333,1.706453111111111,-5.678730158730158
177.483,-1.4918666666666667,51.20806666666667,1.7069355555555557,-5.683301587301587
177.533,-1.4925333333333335,51.22253333333333,1.7074177777777777,-5.68584126984127
177.583,-1.4932,51.237033333333336,1.7079011111111113,-5.688380952380952
177.633,-1.4950666666666668,51.251533333333334,1.7083844444444445,-5.695492063492064
177.683,-1.4969333333333334,51.266,1.7088666666666665,-5.7026031746031745
177.733,-1.4998666666666667,51.28047333333333,1.7093491111111112,-5.713777777777778
177.783,-1.5028,51.29494,1.7098313333333333,-5.724952380952381
177.833,-1.5050666666666668,51.30940666666667,1.7103135555555555,-5.733587301587302
177.883,-1.5073333333333332,51.32388,1.710796,-5.742222222222221
177.933,-1.5091999999999999,51.338346666666666,1.7112782222222223,-5.7493333333333325
177.983,-1.5110666666666668,51.35278666666667,1.7117595555555556,-5.756444444444445
178.033,-1.5136,51.36722666666666,1.7122408888888887,-5.766095238095238
178.083,-1.5161333333333333,51.38166,1.7127219999999999,-5.775746031746031
178.133,-1.5183333333333333,51.39612666666667,1.7132042222222224,-5.784126984126984
178.183,-1.5194,51.4106,1.7136866666666668,-5.7881904761904766
178.233,-1.5204666666666666,51.425066666666666,1.7141688888888889,-5.792253968253968
178.283,-1.5214666666666665,51.43950666666667,1.7146502222222222,-5.7960634920634915
178.333,-1.5224666666666666,51.45394666666667,1.7151315555555555,-5.799873015873016
178.383,-1.524,51.46838,1.7156126666666667,-5.805714285714285
178.433,-1.5255333333333332,51.48285333333333,1.7160951111111111,-5.811555555555555
178.483,-1.5266,51.497319999999995,1.7165773333333332,-5.815619047619047
178.533,-1.5276666666666665,51.511759999999995,1.7170586666666665,-5.819682539682539
178.583,-1.5288,51.5262,1.71754,-5.824
178.633,-1.5299333333333331,51.54063333333333,1.718021111111111,-5.828317460317459
178.683,-1.5322666666666664,51.55506666666667,1.7185022222222224,-5.837206349206348
178.733,-1.5346,51.56953333333333,1.7189844444444444,-5.846095238095238
178.783,-1.5360666666666667,51.583999999999996,1.7194666666666665,-5.85168253968254
178.833,-1.5375333333333332,51.59844,1.7199479999999998,-5.85726984126984
178.883,-1.5379333333333334,51.61288,1.7204293333333331,-5.85879365079365
178.933,-1.5388666666666666,51.62731333333333,1.7209104444444445,-5.862349206349206
178.983,-1.5397999999999998,51.641753333333334,1.7213917777777779,-5.865904761904761
179.033,-1.5404666666666667,51.65622,1.721874,-5.868444444444444
179.083,-1.5411333333333332,51.67068666666667,1.7223562222222222,-5.870984126984126
179.133,-1.5406666666666666,51.68512666666666,1.7228375555555553,-5.869206349206348
179.183,-1.5401999999999998,51.69956,1.7233186666666667,-5.8674285714285705
179.233,-1.5393999999999999,51.714000000000006,1.7238000000000002,-5.864380952380952
179.283,-1.5386,51.72846666666667,1.7242822222222223,-5.861333333333333
179.333,-1.5379333333333334,51.74293333333333,1.7247644444444445,-5.85879365079365
179.383,-1.5372666666666666,51.7574,1.7252466666666666,-5.856253968253967
179.433,-1.5362,51.77184,1.725728,-5.852190476190476
179.483,-1.5351333333333332,51.786273333333334,1.726209111111111,-5.848126984126983
179.533,-1.5335333333333334,51.800713333333334,1.7266904444444444,-5.842031746031746
179.583,-1.5319333333333334,51.815180000000005,1.727172666666667,-5.835936507936508
179.633,-1.5295999999999998,51.82964666666667,1.727654888888889,-5.827047619047618
179.683,-1.5279999999999998,51.84412,1.7281373333333332,-5.82095238095238
179.733,-1.5263999999999998,51.85855333333333,1.7286184444444443,-5.814857142857142
179.783,-1.5251333333333332,51.87299333333333,1.7290997777777777,-5.810031746031745
179.833,-1.5238666666666667,51.887433333333334,1.7295811111111112,-5.805206349206349
179.883,-1.5222,51.9019,1.7300633333333333,-5.798857142857143
179.933,-1.5205333333333333,51.91637333333333,1.7305457777777777,-5.792507936507936
179.984,-1.5190666666666666,51.93084,1.731028,-5.786920634920635
180.034,-1.5176,51.94530666666667,1.7315102222222223,-5.781333333333333
180.084,-1.5178666666666667,51.95977333333334,1.7319924444444446,-5.782349206349206
180.134,-1.5181333333333333,51.974246666666666,1.7324748888888888,-5.783365079365079
180.184,-1.5182666666666667,51.988746666666664,1.7329582222222222,-5.783873015873016
180.234,-1.5184,52.00324666666667,1.7334415555555556,-5.784380952380952
180.284,-1.5189333333333332,52.01771333333333,1.7339237777777778,-5.786412698412698
180.334,-1.5192666666666665,52.032180000000004,1.7344060000000001,-5.787682539682539
180.384,-1.5208666666666666,52.04665333333333,1.7348884444444443,-5.793777777777777
180.434,-1.5214666666666665,52.061119999999995,1.7353706666666666,-5.7960634920634915
180.484,-1.5220666666666667,52.07562,1.735854,-5.798349206349206
180.534,-1.5233333333333332,52.09012,1.7363373333333334,-5.803174603174602
180.584,-1.5246,52.10458666666667,1.7368195555555557,-5.808
180.634,-1.5270666666666666,52.11906,1.737302,-5.817396825396825
180.684,-1.5295333333333332,52.13352666666666,1.737784222222222,-5.82679365079365
180.734,-1.5323333333333333,52.14799333333334,1.7382664444444447,-5.837460317460317
180.784,-1.5351333333333335,52.16246,1.7387486666666667,-5.848126984126984
180.834,-1.5368666666666668,52.17693333333333,1.739231111111111,-5.854730158730159
180.884,-1.5386,52.19136666666667,1.7397122222222223,-5.861333333333333
180.934,-1.5401999999999998,52.20580666666667,1.7401935555555557,-5.8674285714285705
180.984,-1.5417999999999998,52.22024666666666,1.7406748888888888,-5.8735238095238085
181.034,-1.5432,52.23471333333334,1.7411571111111113,-5.878857142857142
181.084,-1.5434666666666668,52.24918666666667,1.7416395555555555,-5.879873015873016
181.134,-1.5437333333333332,52.26365333333333,1.7421217777777778,-5.880888888888888
181.184,-1.5440666666666665,52.27809333333333,1.742603111111111,-5.8821587301587295
181.234,-1.5444,52.29253333333334,1.7430844444444447,-5.8834285714285715
181.284,-1.5446,52.30696666666667,1.7435655555555556,-5.884190476190476
181.334,-1.5448,52.32144,1.744048,-5.884952380952381
181.384,-1.5442666666666665,52.335906666666666,1.7445302222222223,-5.882920634920634
181.435,-1.5437333333333332,52.35037333333333,1.7450124444444444,-5.880888888888888
181.485,-1.5428,52.364839999999994,1.7454946666666664,-5.877333333333333
181.535,-1.5418666666666667,52.379313333333336,1.745977111111111,-5.873777777777778
181.585,-1.5413999999999999,52.39378,1.7464593333333334,-5.871999999999999
181.635,-1.5409333333333335,52.40828,1.7469426666666665,-5.870222222222223
181.685,-1.5394,52.422779999999996,1.747426,-5.8643809523809525
181.735,-1.5378666666666667,52.43724666666667,1.7479082222222222,-5.858539682539682
181.785,-1.5366666666666666,52.45172,1.7483906666666666,-5.853968253968254
181.835,-1.5375333333333332,52.466186666666665,1.748872888888889,-5.85726984126984
181.885,-1.5384,52.48065333333333,1.749355111111111,-5.860571428571428
181.935,-1.5386666666666666,52.495153333333334,1.7498384444444446,-5.861587301587301
181.985,-1.5389333333333333,52.50965333333333,1.7503217777777778,-5.862603174603174
182.035,-1.5381333333333334,52.52412666666667,1.7508042222222222,-5.859555555555556
182.085,-1.5373333333333332,52.53859333333333,1.7512864444444445,-5.856507936507936
182.135,-1.5368,52.553059999999995,1.7517686666666665,-5.85447619047619
182.185,-1.5362666666666667,52.56752666666667,1.752250888888889,-5.852444444444444
182.235,-1.5356666666666667,52.582,1.7527333333333333,-5.85015873015873
182.285,-1.5350666666666666,52.596466666666664,1.7532155555555555,-5.847873015873016
182.335,-1.5336,52.610906666666665,1.7536968888888889,-5.8422857142857145
182.385,-1.5321333333333333,52.62534666666667,1.7541782222222224,-5.8366984126984125
182.435,-1.5318666666666667,52.63978,1.7546593333333333,-5.83568253968254
182.485,-1.5318,52.65425333333334,1.7551417777777778,-5.835428571428571
182.535,-1.5318666666666665,52.66872,1.755624,-5.835682539682539
182.585,-1.5316666666666667,52.683186666666664,1.7561062222222221,-5.834920634920635
182.635,-1.5314666666666668,52.69762666666667,1.7565875555555557,-5.83415873015873
182.685,-1.5318666666666667,52.71206,1.7570686666666666,-5.83568253968254
182.735,-1.5322666666666664,52.7265,1.75755,-5.837206349206348
182.785,-1.5326666666666666,52.740966666666665,1.7580322222222222,-5.838730158730158
182.835,-1.5330666666666666,52.755433333333336,1.7585144444444445,-5.840253968253967
182.885,-1.5332666666666666,52.76987333333333,1.7589957777777776,-5.8410158730158726
182.935,-1.5334666666666665,52.78431333333333,1.759477111111111,-5.841777777777777
182.985,-1.5341333333333333,52.798746666666666,1.7599582222222223,-5.84431746031746
183.035,-1.5348,52.81318666666667,1.7604395555555556,-5.846857142857142
183.085,-1.5353333333333334,52.82765333333334,1.760921777777778,-5.848888888888889
183.135,-1.5358666666666667,52.84212,1.761404,-5.850920634920635
183.185,-1.5357999999999998,52.856559999999995,1.761885333333333,-5.850666666666665
183.235,-1.5355999999999999,52.87099333333333,1.7623664444444445,-5.849904761904761
183.285,-1.5353999999999999,52.88543333333334,1.762847777777778,-5.849142857142857
183.335,-1.5347333333333333,52.89987333333333,1.7633291111111111,-5.846603174603175
183.385,-1.5340666666666667,52.91434,1.7638113333333334,-5.8440634920634915
183.435,-1.5338,52.92881333333333,1.7642937777777776,-5.843047619047619
183.485,-1.5335333333333334,52.94324666666667,1.764774888888889,-5.842031746031746
183.535,-1.5328666666666666,52.957679999999996,1.765256,-5.839492063492063
183.585,-1.5322,52.972120000000004,1.7657373333333335,-5.836952380952381
183.635,-1.5306666666666666,52.98658666666667,1.7662195555555555,-5.8311111111111105
183.685,-1.5291333333333335,53.00105333333333,1.7667017777777778,-5.825269841269842
183.735,-1.5270666666666666,53.015526666666666,1.7671842222222223,-5.817396825396825
183.785,-1.525,53.029959999999996,1.7676653333333332,-5.809523809523809
183.835,-1.5234666666666667,53.0444,1.7681466666666668,-5.80368253968254
183.885,-1.5219333333333334,53.058840000000004,1.768628,-5.797841269841269
183.935,-1.521,53.07330666666667,1.7691102222222221,-5.794285714285714
183.985,-1.5193333333333332,53.087779999999995,1.7695926666666666,-5.787936507936507
184.035,-1.5176666666666667,53.102246666666666,1.7700748888888889,-5.781587301587302
184.085,-1.5150666666666666,53.116686666666666,1.7705562222222222,-5.771682539682539
184.135,-1.5124666666666664,53.13112666666667,1.7710375555555555,-5.761777777777777
184.185,-1.5101333333333333,53.14556,1.7715186666666667,-5.752888888888888
184.235,-1.5078,53.16002666666667,1.772000888888889,-5.744
184.285,-1.5075333333333334,53.174499999999995,1.7724833333333332,-5.742984126984127
184.336,-1.5072666666666665,53.18896666666667,1.7729655555555557,-5.7419682539682535
184.386,-1.5078,53.20343333333334,1.773447777777778,-5.744
184.436,-1.5083333333333333,53.217906666666664,1.7739302222222222,-5.746031746031746
184.486,-1.5091999999999999,53.232373333333335,1.7744124444444445,-5.7493333333333325
184.536,-1.5100666666666667,53.24687333333333,1.7748957777777778,-5.752634920634921
184.586,-1.511,53.26137333333334,1.7753791111111112,-5.756190476190476
184.636,-1.5119333333333331,53.27584,1.7758613333333335,-5.7597460317460305
184.686,-1.512,53.29031333333333,1.7763437777777777,-5.76
184.736,-1.5119333333333331,53.30478,1.776826,-5.7597460317460305
184.786,-1.5118666666666667,53.319246666666665,1.777308222222222,-5.759492063492063
184.836,-1.5122,53.33374666666667,1.7777915555555557,-5.760761904761904
184.886,-1.5125333333333333,53.34824666666667,1.7782748888888888,-5.762031746031745
184.936,-1.5132,53.36271333333333,1.7787571111111111,-5.764571428571429
184.986,-1.5138666666666665,53.37718666666667,1.7792395555555556,-5.76711111111111
185.036,-1.5136666666666665,53.39165333333334,1.7797217777777778,-5.766349206349205
185.086,-1.5134666666666665,53.40612,1.7802040000000001,-5.765587301587301
185.136,-1.5132,53.420593333333336,1.7806864444444446,-5.764571428571429
185.186,-1.5129333333333332,53.43506,1.7811686666666666,-5.763555555555555
185.236,-1.5124666666666664,53.44950000000001,1.7816500000000002,-5.761777777777777
185.286,-1.512,53.46394,1.7821313333333333,-5.76
185.336,-1.5104666666666666,53.47837333333334,1.7826124444444447,-5.754158730158729
185.386,-1.5084666666666666,53.492846666666665,1.783094888888889,-5.746539682539682
185.436,-1.5070666666666666,53.50731333333333,1.783577111111111,-5.741206349206348
185.486,-1.5065333333333333,53.52178,1.7840593333333332,-5.739174603174603
185.536,-1.506,53.53622,1.7845406666666668,-5.737142857142857
185.586,-1.5069333333333332,53.55065333333334,1.785021777777778,-5.740698412698412
185.636,-1.5078666666666665,53.565086666666666,1.7855028888888889,-5.744253968253967
185.686,-1.509,53.57956,1.7859853333333333,-5.748571428571428
185.736,-1.5101333333333333,53.594026666666664,1.7864675555555556,-5.752888888888888
185.787,-1.5115333333333332,53.60849333333333,1.7869497777777776,-5.758222222222221
185.837,-1.5129333333333332,53.62296666666667,1.7874322222222223,-5.763555555555555
185.887,-1.5136,53.637433333333334,1.7879144444444444,-5.766095238095238
185.937,-1.5142666666666666,53.6519,1.7883966666666666,-5.76863492063492
185.987,-1.5148000000000001,53.666399999999996,1.7888799999999998,-5.770666666666667
186.037,-1.5153333333333334,53.6809,1.7893633333333334,-5.772698412698412
186.087,-1.5166666666666666,53.695373333333336,1.7898457777777779,-5.777777777777778
186.137,-1.5185333333333333,53.70984,1.790328,-5.784888888888888
186.187,-1.5204,53.72430666666666,1.7908102222222222,-5.792
186.237,-1.5213333333333334,53.73878,1.7912926666666666,-5.795555555555556
186.287,-1.5222666666666667,53.753280000000004,1.791776,-5.79911111111111
186.337,-1.523,53.76778,1.7922593333333334,-5.801904761904761
186.387,-1.5237333333333332,53.78225333333333,1.7927417777777777,-5.804698412698412
186.437,-1.5240666666666667,53.79672,1.793224,-5.805968253968254
186.487,-1.5244,53.81118666666667,1.7937062222222224,-5.807238095238095
186.537,-1.5244666666666666,53.82566,1.7941886666666667,-5.807492063492063
186.587,-1.5245333333333333,53.84012666666667,1.794670888888889,-5.807746031746031
186.637,-1.5262,53.854593333333334,1.7951531111111112,-5.814095238095238
186.687,-1.5278666666666667,53.86903333333333,1.7956344444444443,-5.820444444444444
186.737,-1.5298666666666667,53.88346666666666,1.7961155555555555,-5.828063492063492
186.787,-1.5318666666666665,53.89790666666667,1.796596888888889,-5.835682539682539
186.837,-1.5332000000000001,53.912373333333335,1.797079111111111,-5.840761904761905
186.887,-1.5340666666666667,53.92684,1.7975613333333333,-5.8440634920634915
186.937,-1.5349333333333335,53.94131333333333,1.7980437777777778,-5.84736507936508
186.987,-1.536,53.95574666666666,1.7985248888888887,-5.851428571428571
187.037,-1.5370666666666668,53.97018,1.7990059999999999,-5.855492063492064
187.087,-1.5374,53.98462,1.7994873333333332,-5.856761904761905
187.137,-1.5377333333333332,53.99908666666667,1.7999695555555557,-5.858031746031745
187.187,-1.5374,54.013553333333334,1.8004517777777778,-5.856761904761905
187.237,-1.5370666666666668,54.027993333333335,1.800933111111111,-5.855492063492064
187.287,-1.5360666666666667,54.042426666666664,1.801414222222222,-5.85168253968254
187.337,-1.5350666666666666,54.056866666666664,1.8018955555555556,-5.847873015873016
187.387,-1.5334,54.07130666666667,1.8023768888888891,-5.841523809523809
187.437,-1.5317333333333332,54.085773333333336,1.8028591111111112,-5.835174603174602
187.487,-1.5298666666666667,54.10024666666666,1.8033415555555554,-5.828063492063492
187.537,-1.5279999999999998,54.11468,1.8038226666666666,-5.82095238095238
187.587,-1.5264,54.12911999999999,1.8043039999999997,-5.814857142857143
187.637,-1.5255333333333332,54.14356,1.8047853333333335,-5.811555555555555
187.687,-1.5246666666666668,54.15799333333334,1.8052664444444446,-5.808253968253968
187.737,-1.5247333333333333,54.17246,1.8057486666666667,-5.808507936507936
187.787,-1.5248,54.18693333333333,1.806231111111111,-5.808761904761904
187.837,-1.5248666666666666,54.201366666666665,1.8067122222222223,-5.8090158730158725
187.887,-1.5249333333333333,54.21580666666667,1.8071935555555558,-5.809269841269841
187.937,-1.5244666666666664,54.230246666666666,1.807674888888889,-5.807492063492062
187.987,-1.524,54.24471333333334,1.8081571111111112,-5.805714285714285
188.037,-1.5235333333333332,54.259186666666665,1.8086395555555554,-5.803936507936507
188.087,-1.5230666666666666,54.27365333333333,1.8091217777777777,-5.802158730158729
188.137,-1.5233999999999999,54.288093333333336,1.8096031111111113,-5.8034285714285705
188.187,-1.5237333333333332,54.302533333333336,1.8100844444444446,-5.804698412698412
188.237,-1.5241333333333331,54.316966666666666,1.8105655555555555,-5.806222222222221
188.287,-1.5248,54.33144,1.811048,-5.808761904761904
188.337,-1.5254,54.345906666666664,1.811530222222222,-5.811047619047619
188.387,-1.5247333333333333,54.360373333333335,1.8120124444444445,-5.808507936507936
188.437,-1.5240666666666667,54.374813333333336,1.8124937777777779,-5.805968253968254
188.487,-1.5224,54.389253333333336,1.8129751111111112,-5.799619047619047
188.537,-1.5207333333333333,54.403686666666665,1.8134562222222221,-5.793269841269841
188.587,-1.5198,54.41815999999999,1.8139386666666664,-5.789714285714286
188.637,-1.5188666666666666,54.43262666666667,1.814420888888889,-5.786158730158729
188.688,-1.5196666666666665,54.447093333333335,1.8149031111111111,-5.789206349206348
188.738,-1.5204666666666666,54.46156666666666,1.8153855555555554,-5.792253968253968
188.788,-1.5219999999999998,54.47603333333333,1.8158677777777779,-5.798095238095237
188.838,-1.5235333333333332,54.4905,1.81635,-5.803936507936507
188.888,-1.525,54.505,1.8168333333333335,-5.809523809523809
188.938,-1.5264666666666666,54.5195,1.8173166666666667,-5.8151111111111105
188.988,-1.5280666666666667,54.53397333333333,1.817799111111111,-5.821206349206349
189.038,-1.5289333333333335,54.54844,1.8182813333333334,-5.824507936507937
189.088,-1.5298,54.56290666666667,1.8187635555555557,-5.827809523809524
189.138,-1.5305333333333333,54.577373333333334,1.8192457777777777,-5.830603174603175
189.188,-1.5312666666666668,54.59187333333333,1.8197291111111111,-5.833396825396825
189.238,-1.5328666666666666,54.60637333333333,1.8202124444444443,-5.839492063492063
189.288,-1.5344666666666666,54.620846666666665,1.8206948888888888,-5.845587301587301
189.338,-1.5357333333333334,54.635313333333336,1.8211771111111112,-5.850412698412699
189.388,-1.537,54.64978,1.8216593333333333,-5.855238095238095
189.438,-1.5375333333333332,54.664253333333335,1.8221417777777777,-5.85726984126984
189.488,-1.5380666666666667,54.67872,1.822624,-5.859301587301587
189.538,-1.5382666666666667,54.69318666666666,1.823106222222222,-5.8600634920634915
189.588,-1.5384666666666669,54.70762666666667,1.8235875555555556,-5.860825396825398
189.638,-1.5378666666666667,54.722060000000006,1.8240686666666668,-5.858539682539682
189.688,-1.5372666666666668,54.7365,1.82455,-5.856253968253968
189.738,-1.5366,54.75096666666666,1.8250322222222222,-5.853714285714285
189.788,-1.5364666666666666,54.765433333333334,1.8255144444444444,-5.853206349206349
189.838,-1.5363333333333336,54.7799,1.8259966666666665,-5.852698412698413
189.888,-1.5368666666666668,54.794340000000005,1.8264780000000003,-5.854730158730159
189.938,-1.5374,54.808773333333335,1.8269591111111112,-5.856761904761905
189.988,-1.5373333333333332,54.823213333333335,1.8274404444444445,-5.856507936507936
190.038,-1.5372666666666668,54.83768,1.8279226666666666,-5.856253968253968
190.088,-1.5366,54.85214666666666,1.8284048888888889,-5.853714285714285
190.139,-1.5359333333333334,54.86662,1.8288873333333333,-5.851174603174603
190.189,-1.5353999999999999,54.88108666666667,1.8293695555555556,-5.849142857142857
190.239,-1.5348666666666666,54.89555333333333,1.8298517777777776,-5.8471111111111105
190.289,-1.5341999999999998,54.91002666666667,1.8303342222222223,-5.844571428571427
190.339,-1.5335333333333334,54.924526666666665,1.8308175555555555,-5.842031746031746
190.389,-1.5317333333333332,54.93902666666667,1.831300888888889,-5.835174603174602
190.439,-1.5299333333333331,54.953493333333334,1.8317831111111111,-5.828317460317459
190.489,-1.5274666666666665,54.96796,1.8322653333333332,-5.818920634920634
190.539,-1.5255333333333332,54.98242666666667,1.8327475555555557,-5.811555555555555
190.589,-1.5235999999999998,54.9969,1.83323,-5.804190476190476
190.639,-1.5219999999999998,55.0114,1.8337133333333333,-5.798095238095237
190.689,-1.5204,55.0259,1.8341966666666667,-5.792
190.739,-1.5190666666666668,55.040366666666664,1.8346788888888887,-5.7869206349206355
190.789,-1.5177333333333332,55.054833333333335,1.8351611111111112,-5.781841269841269
190.839,-1.5166,55.06930666666666,1.8356435555555555,-5.777523809523809
190.889,-1.5154666666666665,55.08377333333333,1.8361257777777777,-5.773206349206348
190.939,-1.5142,55.098240000000004,1.8366080000000002,-5.768380952380952
190.989,-1.5129333333333332,55.11271333333333,1.8370904444444445,-5.763555555555555
191.039,-1.5125333333333333,55.12714666666667,1.8375715555555556,-5.762031746031745
191.089,-1.5121333333333333,55.14158666666666,1.8380528888888887,-5.760507936507937
191.139,-1.5126666666666666,55.15602666666667,1.8385342222222223,-5.762539682539682
191.189,-1.5141333333333333,55.17049333333333,1.8390164444444443,-5.768126984126984
191.239,-1.516133333333333,55.184960000000004,1.8394986666666668,-5.7757460317460305
191.289,-1.5170666666666668,55.19943333333333,1.839981111111111,-5.779301587301587
191.339,-1.518,55.21386666666667,1.8404622222222222,-5.782857142857143
191.389,-1.5193333333333332,55.22830666666667,1.8409435555555556,-5.787936507936507
191.439,-1.5206666666666666,55.24274666666667,1.8414248888888889,-5.7930158730158725
191.489,-1.5230666666666666,55.25721333333333,1.8419071111111112,-5.802158730158729
191.539,-1.5254666666666665,55.27168666666667,1.8423895555555556,-5.811301587301586
191.589,-1.5276666666666665,55.28612,1.8428706666666665,-5.819682539682539
191.639,-1.5298666666666667,55.300560000000004,1.843352,-5.828063492063492
191.689,-1.5318666666666665,55.315000000000005,1.8438333333333334,-5.835682539682539
191.739,-1.5338666666666667,55.329433333333334,1.8443144444444444,-5.843301587301587
191.789,-1.5356666666666667,55.34390666666666,1.8447968888888888,-5.85015873015873
191.839,-1.5374666666666668,55.35837333333333,1.845279111111111,-5.8570158730158735
191.889,-1.5400666666666667,55.37280666666666,1.845760222222222,-5.866920634920635
191.939,-1.5407333333333333,55.38724666666667,1.8462415555555556,-5.869460317460317
191.989,-1.5413999999999999,55.40168666666667,1.846722888888889,-5.871999999999999
192.039,-1.5415333333333334,55.41612,1.847204,-5.872507936507937
192.089,-1.5416666666666667,55.430593333333334,1.8476864444444445,-5.8730158730158735
192.139,-1.5410666666666666,55.44506,1.8481686666666666,-5.870730158730158
192.189,-1.5404666666666667,55.459500000000006,1.8486500000000001,-5.868444444444444
192.239,-1.5391333333333332,55.47394,1.8491313333333332,-5.863365079365079
192.289,-1.5378,55.488373333333335,1.8496124444444446,-5.8582857142857145
192.339,-1.5372,55.50284666666666,1.8500948888888888,-5.855999999999999
192.389,-1.5366,55.51731333333333,1.850577111111111,-5.853714285714285
192.439,-1.5356666666666667,55.531780000000005,1.8510593333333334,-5.85015873015873
192.489,-1.5347333333333333,55.54622,1.8515406666666665,-5.846603174603175
192.539,-1.5326666666666666,55.560653333333335,1.8520217777777779,-5.838730158730158
192.589,-1.5306,55.575093333333335,1.8525031111111112,-5.830857142857142
192.639,-1.5268666666666666,55.58956666666666,1.8529855555555554,-5.81663492063492
192.689,-1.5233999999999999,55.604033333333334,1.8534677777777777,-5.8034285714285705
192.739,-1.5199333333333334,55.618500000000004,1.8539500000000002,-5.790222222222222
192.789,-1.5172666666666668,55.63294,1.8544313333333333,-5.780063492063492
192.839,-1.5146,55.647373333333334,1.8549124444444445,-5.769904761904762
192.889,-1.5122666666666664,55.661813333333335,1.8553937777777778,-5.761015873015872
192.939,-1.5099333333333333,55.67628,1.8558759999999999,-5.752126984126984
192.989,-1.5079333333333333,55.69074666666667,1.8563582222222224,-5.744507936507937
193.04,-1.5059333333333333,55.705220000000004,1.8568406666666668,-5.736888888888888
193.09,-1.5028000000000001,55.71968666666667,1.8573228888888889,-5.724952380952381
193.14,-1.4996666666666667,55.73415333333333,1.8578051111111111,-5.713015873015873
193.19,-1.4972666666666667,55.748626666666674,1.8582875555555558,-5.7038730158730155
193.24,-1.4948666666666668,55.76312666666667,1.858770888888889,-5.694730158730159
193.29,-1.4933333333333332,55.77762666666667,1.8592542222222224,-5.688888888888888
193.34,-1.4918,55.792093333333334,1.8597364444444444,-5.683047619047619
193.39,-1.4909333333333334,55.80656,1.8602186666666667,-5.679746031746032
193.44,-1.4904666666666666,55.82102666666666,1.8607008888888887,-5.677968253968253
193.49,-1.49,55.8355,1.8611833333333334,-5.676190476190476
193.54,-1.4898666666666667,55.85,1.8616666666666668,-5.67568253968254
193.59,-1.4897333333333334,55.8645,1.86215,-5.675174603174603
193.64,-1.4905333333333333,55.87896666666666,1.862632222222222,-5.678222222222222
193.69,-1.4913333333333334,55.893433333333334,1.8631144444444445,-5.681269841269842
193.74,-1.4918000000000002,55.90790666666667,1.863596888888889,-5.68304761904762
193.79,-1.4922666666666666,55.92237333333333,1.864079111111111,-5.684825396825397
193.84,-1.4934,55.93684,1.8645613333333333,-5.6891428571428575
193.89,-1.4945333333333333,55.95131333333334,1.865043777777778,-5.693460317460317
193.94,-1.4954666666666665,55.96574666666667,1.865524888888889,-5.697015873015872
193.99,-1.4964000000000002,55.980180000000004,1.866006,-5.700571428571429
194.04,-1.4978,55.994620000000005,1.8664873333333334,-5.705904761904762
194.09,-1.4989999999999999,56.00908666666667,1.8669695555555557,-5.710476190476189
194.14,-1.5006,56.02355333333333,1.8674517777777777,-5.716571428571428
194.19,-1.5028666666666666,56.03802666666666,1.867934222222222,-5.725206349206348
194.24,-1.5051333333333332,56.052459999999996,1.8684153333333333,-5.733841269841269
194.29,-1.5073333333333332,56.066900000000004,1.8688966666666669,-5.742222222222221
194.34,-1.5095333333333334,56.08134,1.869378,-5.7506031746031745
194.39,-1.5104666666666666,56.09580666666667,1.8698602222222223,-5.754158730158729
194.44,-1.5113999999999999,56.110279999999996,1.8703426666666665,-5.757714285714285
194.491,-1.5128,56.12474666666667,1.870824888888889,-5.763047619047619
194.541,-1.5142,56.13921333333334,1.8713071111111113,-5.768380952380952
194.591,-1.5148666666666666,56.153686666666665,1.8717895555555555,-5.770920634920635
194.641,-1.5155333333333334,56.16815333333333,1.8722717777777775,-5.773460317460318
194.691,-1.5157333333333334,56.182653333333334,1.8727551111111111,-5.774222222222222
194.741,-1.5159333333333334,56.19715333333333,1.8732384444444443,-5.774984126984127
194.791,-1.5162666666666667,56.21162,1.8737206666666668,-5.776253968253968
194.841,-1.5182666666666667,56.22608666666667,1.8742028888888889,-5.783873015873016
194.891,-1.5202666666666667,56.240559999999995,1.874685333333333,-5.791492063492063
194.941,-1.523,56.255026666666666,1.8751675555555556,-5.801904761904761
194.991,-1.5257333333333334,56.26952666666667,1.875650888888889,-5.81231746031746
195.041,-1.5279333333333334,56.28402666666667,1.8761342222222224,-5.8206984126984125
195.091,-1.5301333333333331,56.29849333333333,1.8766164444444444,-5.829079365079364
195.141,-1.5324,56.31296666666667,1.8770988888888889,-5.837714285714285
195.191,-1.5346666666666666,56.32743333333334,1.8775811111111114,-5.846349206349206
195.241,-1.5346666666666666,56.3419,1.8780633333333334,-5.846349206349206
195.291,-1.5346666666666666,56.35637333333333,1.8785457777777776,-5.846349206349206
195.341,-1.5338,56.37084,1.8790280000000001,-5.843047619047619
195.391,-1.5329333333333333,56.38527333333333,1.879509111111111,-5.8397460317460315
195.441,-1.5320666666666667,56.39971333333334,1.8799904444444446,-5.836444444444444
195.491,-1.5312,56.41415333333334,1.880471777777778,-5.833142857142857
195.541,-1.5295999999999998,56.42862,1.880954,-5.827047619047618
195.591,-1.5255333333333332,56.44309333333333,1.8814364444444442,-5.811555555555555
195.641,-1.5214666666666665,56.457559999999994,1.8819186666666665,-5.7960634920634915
195.691,-1.5130000000000001,56.472,1.8824,-5.763809523809524
195.741,-1.5045333333333335,56.48644,1.8828813333333334,-5.7315555555555555
195.791,-1.4944666666666668,56.50087333333333,1.8833624444444443,-5.693206349206349
195.841,-1.4844000000000002,56.515346666666666,1.8838448888888888,-5.654857142857143
195.891,-1.4747999999999999,56.52981333333334,1.8843271111111113,-5.618285714285713
195.941,-1.4652,56.54425333333334,1.8848084444444446,-5.581714285714286
195.991,-1.4582000000000002,56.55869333333333,1.8852897777777777,-5.5550476190476195
196.041,-1.4512,56.57312666666667,1.8857708888888889,-5.528380952380952
196.091,-1.4485333333333335,56.58756,1.886252,-5.518222222222223
196.141,-1.4458666666666666,56.60203333333333,1.8867344444444443,-5.508063492063492
196.191,-1.4464,56.616499999999995,1.8872166666666665,-5.5100952380952375
196.241,-1.4469333333333334,56.63094,1.887698,-5.512126984126984
196.291,-1.4473999999999998,56.64538,1.8881793333333334,-5.513904761904761
196.341,-1.4482,56.65981333333333,1.8886604444444444,-5.516952380952381
196.391,-1.449,56.67425333333333,1.8891417777777777,-5.52
196.441,-1.4527333333333334,56.688719999999996,1.889624,-5.534222222222223
196.491,-1.4564666666666668,56.70318666666667,1.8901062222222222,-5.548444444444445
196.541,-1.4614666666666667,56.71762666666667,1.8905875555555556,-5.567492063492064
196.591,-1.4664666666666666,56.732060000000004,1.8910686666666667,-5.586539682539682
196.641,-1.4711333333333334,56.7465,1.8915499999999998,-5.604317460317461
196.691,-1.4758,56.76096666666667,1.8920322222222223,-5.622095238095238
196.741,-1.4804666666666668,56.77543333333333,1.8925144444444444,-5.639873015873016
196.791,-1.4851333333333334,56.78990666666667,1.8929968888888888,-5.657650793650793
196.841,-1.4875333333333332,56.80434666666667,1.8934782222222222,-5.66679365079365
196.891,-1.4899333333333333,56.81878,1.8939593333333333,-5.675936507936508
196.941,-1.49,56.83322,1.8944406666666667,-5.676190476190476
196.991,-1.4902666666666666,56.84768666666666,1.8949228888888887,-5.677206349206349
197.041,-1.4904000000000002,56.86215333333334,1.8954051111111112,-5.677714285714286
197.091,-1.4917333333333334,56.87662666666667,1.8958875555555557,-5.68279365079365
197.141,-1.4930666666666668,56.89106,1.8963686666666668,-5.687873015873016
197.191,-1.4954666666666665,56.905499999999996,1.89685,-5.697015873015872
197.241,-1.4978666666666667,56.91994,1.8973313333333333,-5.70615873015873
197.291,-1.502,56.93440666666667,1.8978135555555555,-5.721904761904762
197.341,-1.5061333333333333,56.94888,1.898296,-5.7376507936507934
197.392,-1.5098666666666667,56.963346666666666,1.8987782222222223,-5.751873015873016
197.442,-1.5136,56.97781333333333,1.8992604444444443,-5.766095238095238
197.492,-1.5146,56.99228,1.8997426666666668,-5.769904761904762
197.542,-1.5155999999999998,57.006746666666665,1.9002248888888889,-5.773714285714285
197.592,-1.5158666666666667,57.02124666666667,1.9007082222222222,-5.774730158730159
197.642,-1.516133333333333,57.03574666666667,1.9011915555555556,-5.7757460317460305
197.692,-1.516133333333333,57.05021333333333,1.9016737777777777,-5.7757460317460305
197.742,-1.5157999999999998,57.064679999999996,1.902156,-5.774476190476189
197.792,-1.5154666666666665,57.07915333333334,1.9026384444444446,-5.773206349206348
197.842,-1.5148666666666666,57.09362,1.9031206666666667,-5.770920634920635
197.892,-1.5142666666666666,57.10812,1.903604,-5.76863492063492
197.942,-1.5132,57.12262,1.9040873333333332,-5.764571428571429
197.992,-1.5121333333333333,57.13708666666666,1.9045695555555553,-5.760507936507937
198.042,-1.5102,57.15156,1.9050520000000002,-5.753142857142857
198.092,-1.5082666666666666,57.16602666666667,1.9055342222222222,-5.745777777777778
198.142,-1.5066,57.18049333333333,1.9060164444444443,-5.739428571428571
198.192,-1.5049333333333332,57.19496,1.9064986666666668,-5.733079365079364
198.242,-1.5053333333333332,57.20943333333333,1.906981111111111,-5.734603174603174
198.292,-1.5057333333333331,57.22386666666667,1.9074622222222224,-5.736126984126983
198.342,-1.5069333333333332,57.238306666666666,1.9079435555555555,-5.740698412698412
198.392,-1.5081333333333333,57.25274666666667,1.9084248888888888,-5.745269841269841
198.442,-1.5093333333333334,57.26721333333333,1.908907111111111,-5.74984126984127
198.492,-1.5105333333333335,57.28168666666667,1.9093895555555558,-5.754412698412699
198.542,-1.5117333333333332,57.296153333333336,1.9098717777777778,-5.758984126984126
198.592,-1.5128666666666666,57.31059333333334,1.9103531111111112,-5.763301587301587
198.642,-1.514,57.32503333333333,1.9108344444444443,-5.767619047619047
198.692,-1.5144,57.33946666666667,1.9113155555555557,-5.769142857142857
198.742,-1.5148,57.35394,1.911798,-5.770666666666666
198.792,-1.5146666666666666,57.36840666666667,1.9122802222222224,-5.770158730158729
198.843,-1.5145333333333333,57.382873333333336,1.9127624444444444,-5.7696507936507935
198.893,-1.5146666666666666,57.39734,1.9132446666666667,-5.770158730158729
198.943,-1.5148,57.411813333333335,1.9137271111111112,-5.770666666666666
198.993,-1.5149333333333332,57.42628,1.9142093333333332,-5.771174603174603
199.043,-1.5150666666666666,57.440780000000004,1.9146926666666668,-5.771682539682539
199.093,-1.5144,57.45528,1.915176,-5.769142857142857
199.143,-1.5140666666666667,57.469746666666666,1.9156582222222223,-5.767873015873016
199.193,-1.5134666666666665,57.48422,1.9161406666666667,-5.765587301587301
199.243,-1.5130666666666666,57.49868666666667,1.916622888888889,-5.7640634920634914
199.293,-1.5126666666666666,57.513153333333335,1.9171051111111113,-5.762539682539682
199.343,-1.5127333333333333,57.52765333333333,1.9175884444444444,-5.76279365079365
199.393,-1.5128,57.54215333333333,1.9180717777777778,-5.763047619047619
199.443,-1.5139333333333334,57.55662666666667,1.9185542222222225,-5.767365079365079
199.493,-1.5150666666666666,57.57109333333334,1.9190364444444445,-5.771682539682539
199.543,-1.5164,57.58556,1.9195186666666666,-5.776761904761904
199.593,-1.5177333333333332,57.600026666666665,1.9200008888888889,-5.781841269841269
199.643,-1.5177333333333332,57.6145,1.9204833333333333,-5.781841269841269
199.693,-1.5177333333333332,57.62896666666666,1.9209655555555554,-5.781841269841269
199.743,-1.5179333333333331,57.64340666666667,1.921446888888889,-5.782603174603174
199.793,-1.5181333333333333,57.657846666666664,1.921928222222222,-5.783365079365079
199.843,-1.5191333333333332,57.67228,1.9224093333333334,-5.787174603174602
199.893,-1.5194666666666667,57.68675333333333,1.9228917777777776,-5.788444444444444
199.943,-1.5198,57.70122,1.923374,-5.789714285714286
199.993,-1.5196666666666667,57.71568666666667,1.9238562222222224,-5.789206349206349
200.043,-1.5195333333333332,57.73012666666667,1.9243375555555557,-5.788698412698412
200.093,-1.5188666666666668,57.74456,1.9248186666666667,-5.78615873015873
200.143,-1.5182,57.759,1.9253,-5.783619047619047
200.193,-1.5168,57.773466666666664,1.925782222222222,-5.778285714285714
200.243,-1.5153999999999999,57.78793333333333,1.9262644444444443,-5.77295238095238
200.293,-1.5146000000000002,57.802373333333335,1.926745777777778,-5.769904761904762
200.343,-1.5138,57.816813333333336,1.9272271111111112,-5.766857142857143
200.393,-1.5148666666666666,57.831246666666665,1.9277082222222222,-5.770920634920635
200.443,-1.5159333333333334,57.845686666666666,1.9281895555555555,-5.774984126984127
200.493,-1.5164,57.86015333333333,1.9286717777777775,-5.776761904761904
200.543,-1.5168666666666666,57.87462,1.929154,-5.778539682539682
200.593,-1.5166666666666666,57.88906,1.9296353333333334,-5.777777777777778
200.643,-1.5168,57.90349333333334,1.9301164444444445,-5.778285714285714
200.693,-1.5169333333333332,57.91793333333333,1.9305977777777776,-5.77879365079365
200.743,-1.5175333333333332,57.93237333333333,1.931079111111111,-5.781079365079364
200.793,-1.5181333333333333,57.946839999999995,1.9315613333333332,-5.783365079365079
200.843,-1.5183333333333333,57.96131333333334,1.932043777777778,-5.784126984126984
200.893,-1.5185333333333333,57.975746666666666,1.9325248888888888,-5.784888888888888
200.943,-1.5186,57.99018,1.933006,-5.785142857142857
200.993,-1.5186666666666668,58.00462,1.9334873333333333,-5.785396825396826
201.043,-1.5185333333333333,58.01908666666667,1.9339695555555556,-5.784888888888888
201.093,-1.5184,58.03355333333333,1.9344517777777777,-5.784380952380952
201.143,-1.5178666666666667,58.04802666666667,1.9349342222222223,-5.782349206349206
201.193,-1.5173333333333332,58.06246,1.9354153333333335,-5.78031746031746
201.243,-1.5163333333333333,58.0769,1.9358966666666668,-5.776507936507937
201.293,-1.5153333333333334,58.091339999999995,1.936378,-5.772698412698412
201.343,-1.5144,58.105806666666666,1.9368602222222222,-5.769142857142857
201.393,-1.5138666666666665,58.12028,1.9373426666666667,-5.76711111111111
201.443,-1.5133333333333332,58.134746666666665,1.937824888888889,-5.765079365079364
201.493,-1.5125333333333333,58.149186666666665,1.9383062222222223,-5.762031746031745
201.543,-1.5117333333333332,58.163626666666666,1.9387875555555556,-5.758984126984126
201.593,-1.5108,58.178059999999995,1.9392686666666665,-5.7554285714285705
201.643,-1.5098666666666667,58.19252666666667,1.939750888888889,-5.751873015873016
201.693,-1.5090666666666666,58.207,1.9402333333333333,-5.748825396825396
201.744,-1.5082666666666666,58.221466666666664,1.9407155555555555,-5.745777777777778
201.794,-1.5074666666666665,58.235933333333335,1.9411977777777778,-5.742730158730158
201.844,-1.5066666666666666,58.25040666666667,1.9416802222222223,-5.739682539682539
201.894,-1.5048666666666668,58.264873333333334,1.9421624444444445,-5.7328253968253975
201.944,-1.5030666666666666,58.27937333333333,1.9426457777777777,-5.7259682539682535
201.994,-1.5016666666666665,58.29387333333333,1.943129111111111,-5.72063492063492
202.044,-1.5009333333333332,58.30834,1.9436113333333334,-5.717841269841269
202.094,-1.5002,58.322813333333336,1.9440937777777778,-5.715047619047619
202.144,-1.4984,58.33728,1.944576,-5.708190476190476
202.194,-1.4966000000000002,58.35174666666667,1.9450582222222224,-5.701333333333333
202.244,-1.4949333333333332,58.36624666666667,1.9455415555555555,-5.694984126984126
202.294,-1.4932666666666667,58.38074666666667,1.946024888888889,-5.688634920634921
202.344,-1.4928,58.39521333333334,1.9465071111111112,-5.686857142857142
202.394,-1.4923333333333335,58.409686666666666,1.9469895555555554,-5.685079365079366
202.444,-1.4921333333333335,58.42415333333334,1.947471777777778,-5.684317460317461
202.494,-1.4919333333333333,58.43862,1.947954,-5.6835555555555555
202.544,-1.4906666666666666,58.45309333333333,1.9484364444444442,-5.678730158730158
202.594,-1.4894,58.467560000000006,1.948918666666667,-5.673904761904762
202.644,-1.4885333333333333,58.482,1.9494,-5.670603174603174
202.694,-1.4876666666666667,58.49644,1.9498813333333334,-5.667301587301587
202.744,-1.4876666666666667,58.51087333333333,1.9503624444444443,-5.667301587301587
202.794,-1.4877333333333336,58.52534666666667,1.950844888888889,-5.667555555555556
202.844,-1.4878,58.539813333333335,1.9513271111111112,-5.667809523809524
202.894,-1.488,58.55428,1.9518093333333333,-5.668571428571428
202.944,-1.4882,58.56872,1.9522906666666666,-5.669333333333333
202.994,-1.4880666666666669,58.583153333333335,1.9527717777777778,-5.668825396825397
203.044,-1.4879333333333333,58.597586666666665,1.953252888888889,-5.66831746031746
203.094,-1.4869999999999999,58.61206,1.9537353333333334,-5.664761904761904
203.144,-1.4860666666666666,58.62652666666667,1.9542175555555557,-5.661206349206349
203.195,-1.4846666666666666,58.640993333333334,1.9546997777777777,-5.6558730158730155
203.245,-1.4832666666666665,58.65546666666667,1.9551822222222224,-5.650539682539682
203.295,-1.4836666666666667,58.66993333333333,1.9556644444444444,-5.652063492063492
203.345,-1.4840666666666666,58.6844,1.9561466666666665,-5.653587301587301
203.395,-1.4848,58.6989,1.95663,-5.656380952380951
203.445,-1.4855333333333334,58.7134,1.9571133333333333,-5.659174603174603
203.495,-1.4851333333333334,58.727873333333335,1.957595777777778,-5.657650793650793
203.545,-1.4839333333333333,58.74234,1.958078,-5.653079365079365
203.595,-1.4827333333333332,58.75680666666666,1.958560222222222,-5.648507936507936
203.645,-1.4816666666666667,58.771280000000004,1.9590426666666667,-5.644444444444444
203.695,-1.4806,58.78578,1.959526,-5.640380952380951
203.745,-1.4788,58.80028,1.9600093333333333,-5.633523809523809
203.795,-1.477,58.814753333333336,1.960491777777778,-5.626666666666667
203.845,-1.4754,58.82922,1.960974,-5.620571428571428
203.895,-1.4738,58.84368666666667,1.9614562222222223,-5.61447619047619
203.945,-1.4727999999999999,58.85816,1.9619386666666665,-5.610666666666666
203.995,-1.4718000000000002,58.87262666666666,1.9624208888888888,-5.606857142857144
204.045,-1.4701333333333333,58.88709333333333,1.962903111111111,-5.600507936507936
204.095,-1.4684666666666668,58.90153333333333,1.9633844444444444,-5.59415873015873
204.145,-1.4674666666666667,58.91596666666667,1.9638655555555558,-5.590349206349206
204.195,-1.4664666666666666,58.93040666666666,1.9643468888888889,-5.586539682539682
204.245,-1.4662000000000002,58.944873333333334,1.9648291111111111,-5.58552380952381
204.295,-1.4663333333333335,58.95934,1.9653113333333332,-5.586031746031747
204.345,-1.4664666666666666,58.97381333333333,1.9657937777777776,-5.586539682539682
204.395,-1.4668666666666668,58.98824666666667,1.966274888888889,-5.588063492063492
204.445,-1.4672666666666667,59.002680000000005,1.9667560000000002,-5.589587301587302
204.495,-1.4686,59.01712,1.9672373333333333,-5.594666666666666
204.545,-1.4699333333333333,59.03158666666666,1.9677195555555553,-5.599746031746031
204.595,-1.4710666666666665,59.04605333333333,1.9682017777777778,-5.604063492063491
204.645,-1.4722000000000002,59.06049333333333,1.9686831111111112,-5.608380952380953
204.695,-1.4731333333333334,59.07492666666667,1.9691642222222223,-5.611936507936508
204.745,-1.4740666666666666,59.08936666666667,1.9696455555555556,-5.615492063492063
204.795,-1.4753333333333336,59.103806666666664,1.9701268888888888,-5.6203174603174615
204.845,-1.4766000000000001,59.118273333333335,1.9706091111111113,-5.6251428571428574
204.895,-1.4775333333333334,59.13274666666667,1.9710915555555557,-5.628698412698412
204.945,-1.4779333333333333,59.147180000000006,1.9715726666666669,-5.630222222222222
204.995,-1.4780666666666666,59.16162,1.972054,-5.630730158730159
205.045,-1.4771333333333334,59.17606,1.9725353333333333,-5.627174603174603
205.095,-1.4762,59.19049333333333,1.9730164444444442,-5.623619047619047
205.145,-1.4752666666666667,59.20496,1.9734986666666667,-5.620063492063492
205.195,-1.4743333333333335,59.219433333333335,1.9739811111111112,-5.6165079365079364
205.245,-1.4741333333333335,59.23386666666667,1.9744622222222223,-5.615746031746032
205.295,-1.4739333333333335,59.248306666666664,1.9749435555555555,-5.614984126984128
205.345,-1.4751333333333334,59.262746666666665,1.9754248888888888,-5.619555555555555
205.395,-1.4763333333333333,59.27721333333333,1.975907111111111,-5.624126984126984
205.445,-1.4779333333333333,59.29168666666667,1.9763895555555557,-5.630222222222222
205.495,-1.4795333333333334,59.306153333333334,1.9768717777777778,-5.636317460317461
205.545,-1.4810666666666668,59.320593333333335,1.9773531111111111,-5.64215873015873
205.595,-1.4826000000000001,59.33503333333333,1.9778344444444442,-5.648000000000001
205.645,-1.4835333333333334,59.349466666666665,1.9783155555555554,-5.651555555555555
205.695,-1.4845333333333335,59.36394,1.978798,-5.65536507936508
205.745,-1.4855333333333334,59.37840666666667,1.9792802222222223,-5.659174603174603
205.795,-1.4881333333333333,59.392873333333334,1.9797624444444444,-5.669079365079365
205.845,-1.4907333333333335,59.407313333333335,1.9802437777777777,-5.678984126984127
205.895,-1.494,59.42175333333333,1.9807251111111108,-5.691428571428571
205.945,-1.4972666666666667,59.43618666666667,1.9812062222222224,-5.7038730158730155
205.995,-1.4995333333333332,59.45066,1.9816886666666667,-5.712507936507936
206.045,-1.5018,59.46512666666667,1.982170888888889,-5.721142857142857
206.096,-1.5031333333333334,59.479593333333334,1.9826531111111112,-5.726222222222223
206.146,-1.5044666666666666,59.49406666666667,1.9831355555555557,-5.731301587301587
206.196,-1.5056,59.50853333333334,1.983617777777778,-5.735619047619047
206.246,-1.5067333333333333,59.523,1.9841000000000002,-5.739936507936507
206.296,-1.5072,59.5375,1.9845833333333334,-5.741714285714286
206.346,-1.5076666666666665,59.552,1.9850666666666668,-5.743492063492063
206.396,-1.5091333333333334,59.566473333333334,1.9855491111111112,-5.749079365079365
206.446,-1.5112666666666668,59.580940000000005,1.9860313333333335,-5.757206349206349
206.496,-1.5134,59.59540666666667,1.9865135555555555,-5.765333333333333
206.546,-1.5147333333333333,59.60987333333333,1.9869957777777778,-5.770412698412698
206.596,-1.5160666666666667,59.62437333333333,1.987479111111111,-5.775492063492063
206.646,-1.5171999999999999,59.638873333333336,1.9879624444444446,-5.779809523809523
206.696,-1.5183333333333333,59.65334666666667,1.988444888888889,-5.784126984126984
206.746,-1.5194666666666665,59.667813333333335,1.988927111111111,-5.788444444444444
206.796,-1.5205999999999997,59.68228,1.9894093333333334,-5.792761904761903
206.846,-1.5213333333333334,59.69675333333333,1.9898917777777776,-5.795555555555556
206.896,-1.5220666666666667,59.711220000000004,1.990374,-5.798349206349206
206.946,-1.5232666666666668,59.72568666666667,1.9908562222222224,-5.8029206349206355
206.996,-1.5244666666666666,59.74012666666667,1.9913375555555557,-5.807492063492063
207.046,-1.5257333333333334,59.75456,1.9918186666666666,-5.81231746031746
207.096,-1.5267333333333333,59.769,1.9923,-5.816126984126984
207.146,-1.5272000000000001,59.78346666666666,1.992782222222222,-5.817904761904762
207.196,-1.5268666666666666,59.79793333333334,1.9932644444444447,-5.81663492063492
207.246,-1.5265333333333333,59.812400000000004,1.9937466666666668,-5.815365079365079
207.296,-1.5262,59.82684,1.994228,-5.814095238095238
207.346,-1.5258666666666665,59.84127333333333,1.994709111111111,-5.812825396825396
207.396,-1.5255333333333332,59.855713333333334,1.9951904444444444,-5.811555555555555
207.446,-1.5252000000000001,59.87018,1.9956726666666667,-5.8102857142857145
207.496,-1.5244,59.88464666666667,1.996154888888889,-5.807238095238095
207.547,-1.5235999999999998,59.89912,1.9966373333333334,-5.804190476190476
207.597,-1.5220666666666667,59.91358666666667,1.9971195555555556,-5.798349206349206
207.647,-1.5205333333333333,59.92805333333333,1.9976017777777777,-5.792507936507936
207.697,-1.5189333333333332,59.942526666666666,1.9980842222222222,-5.786412698412698
207.747,-1.5173333333333332,59.95702666666667,1.9985675555555558,-5.78031746031746
207.797,-1.5158666666666667,59.97152666666667,1.999050888888889,-5.774730158730159
207.847,-1.5151999999999999,59.98599333333333,1.9995331111111112,-5.772190476190476
207.897,-1.5145333333333333,60.00046,2.0000153333333333,-5.7696507936507935
207.947,-1.5148666666666666,60.01492666666666,2.0004975555555555,-5.770920634920635
207.997,-1.5151999999999999,60.0294,2.00098,-5.772190476190476
208.047,-1.5153333333333334,60.0439,2.001463333333333,-5.772698412698412
208.097,-1.5154666666666665,60.0584,2.0019466666666665,-5.773206349206348
208.147,-1.5148000000000001,60.07286666666666,2.002428888888889,-5.770666666666667
208.197,-1.5141333333333333,60.087333333333326,2.002911111111111,-5.768126984126984
208.247,-1.5146000000000002,60.10180666666667,2.0033935555555558,-5.769904761904762
208.297,-1.5150666666666666,60.11627333333333,2.0038757777777776,-5.771682539682539
208.347,-1.5163333333333333,60.130739999999996,2.004358,-5.776507936507937
208.397,-1.5176,60.14521333333334,2.0048404444444445,-5.781333333333333
208.447,-1.518,60.15964666666667,2.0053215555555557,-5.782857142857143
208.497,-1.5184,60.17408666666667,2.005802888888889,-5.784380952380952
208.547,-1.5179333333333331,60.18852666666667,2.0062842222222224,-5.782603174603174
208.597,-1.5173333333333332,60.20299333333333,2.006766444444444,-5.78031746031746
208.647,-1.5167333333333335,60.217459999999996,2.0072486666666665,-5.778031746031746
208.697,-1.5160666666666667,60.23193333333334,2.007731111111111,-5.775492063492063
208.747,-1.5153999999999999,60.24636666666667,2.0082122222222223,-5.77295238095238
208.797,-1.5146000000000002,60.26080666666667,2.0086935555555554,-5.769904761904762
208.847,-1.5138,60.27524666666667,2.009174888888889,-5.766857142857143
208.897,-1.5126666666666668,60.28971333333333,2.0096571111111112,-5.762539682539683
208.947,-1.5115333333333332,60.304186666666666,2.0101395555555555,-5.758222222222221
208.997,-1.5091333333333334,60.31862,2.0106206666666666,-5.749079365079365
209.047,-1.5067333333333333,60.33306,2.011102,-5.739936507936507
209.097,-1.5047333333333333,60.3475,2.0115833333333333,-5.73231746031746
209.147,-1.5027333333333333,60.36193333333333,2.0120644444444444,-5.724698412698412
209.197,-1.5012,60.37640666666667,2.012546888888889,-5.718857142857143
209.247,-1.4996666666666667,60.39087333333334,2.0130291111111114,-5.713015873015873
209.297,-1.4988666666666668,60.40530666666667,2.013510222222222,-5.709968253968254
209.347,-1.4977333333333334,60.41974666666667,2.0139915555555556,-5.705650793650793
209.397,-1.4966000000000002,60.43418666666666,2.0144728888888888,-5.701333333333333
209.447,-1.4948666666666668,60.44862,2.014954,-5.694730158730159
209.497,-1.4931333333333332,60.46309333333333,2.0154364444444446,-5.688126984126983
209.547,-1.4920666666666667,60.477560000000004,2.015918666666667,-5.684063492063491
209.597,-1.491,60.492,2.0164,-5.68
209.647,-1.4906000000000001,60.50644,2.016881333333333,-5.678476190476191
209.697,-1.4902000000000002,60.520873333333334,2.0173624444444447,-5.676952380952382
209.747,-1.492,60.53534666666667,2.017844888888889,-5.683809523809524
209.797,-1.4938,60.54981333333333,2.018327111111111,-5.690666666666666
209.847,-1.4954,60.564280000000004,2.0188093333333335,-5.696761904761905
209.897,-1.4969999999999999,60.57872,2.0192906666666666,-5.702857142857142
209.947,-1.4984666666666666,60.59315333333333,2.0197717777777777,-5.708444444444444
209.997,-1.5,60.60758666666666,2.020252888888889,-5.714285714285714
210.047,-1.5016666666666665,60.622060000000005,2.0207353333333335,-5.72063492063492
210.097,-1.5032666666666665,60.63652666666667,2.021217555555556,-5.726730158730158
210.147,-1.5048666666666668,60.65099333333333,2.0216997777777777,-5.7328253968253975
210.197,-1.5070000000000001,60.66543333333333,2.022181111111111,-5.740952380952381
210.247,-1.5091333333333334,60.67986666666666,2.022662222222222,-5.749079365079365
210.297,-1.5102,60.69430666666666,2.0231435555555555,-5.753142857142857
210.347,-1.5112666666666668,60.70877333333333,2.0236257777777777,-5.757206349206349
210.397,-1.5115333333333332,60.723240000000004,2.024108,-5.758222222222221
210.448,-1.5118,60.73771333333333,2.0245904444444442,-5.7592380952380955
210.498,-1.5108,60.752179999999996,2.0250726666666665,-5.7554285714285705
210.548,-1.5097999999999998,60.76664666666667,2.025554888888889,-5.751619047619046
210.598,-1.5086000000000002,60.78112,2.0260373333333335,-5.74704761904762
210.648,-1.5074,60.79562,2.026520666666667,-5.74247619047619
210.698,-1.5064666666666668,60.81012,2.027004,-5.738920634920635
210.748,-1.5056,60.82459333333334,2.0274864444444445,-5.735619047619047
210.798,-1.5047333333333333,60.83906,2.0279686666666668,-5.73231746031746
210.848,-1.5039333333333333,60.85352666666667,2.028450888888889,-5.729269841269841
210.898,-1.5031333333333334,60.868,2.0289333333333333,-5.726222222222223
210.948,-1.5022,60.8825,2.0294166666666666,-5.722666666666666
210.998,-1.5012666666666665,60.897000000000006,2.0299,-5.71911111111111
211.048,-1.5003333333333333,60.91146666666667,2.0303822222222223,-5.7155555555555555
211.098,-1.4994,60.92593333333333,2.0308644444444446,-5.712
211.148,-1.4990666666666668,60.94040666666667,2.031346888888889,-5.710730158730159
211.198,-1.4987333333333335,60.95487333333333,2.031829111111111,-5.709460317460318
211.248,-1.4988666666666668,60.96934,2.0323113333333334,-5.709968253968254
211.298,-1.4989999999999999,60.98381333333334,2.032793777777778,-5.710476190476189
211.348,-1.4991999999999999,60.99824666666667,2.0332748888888887,-5.711238095238095
211.398,-1.4994,61.01268666666667,2.0337562222222223,-5.712
211.448,-1.4996666666666667,61.02712666666666,2.0342375555555554,-5.713015873015873
211.498,-1.4998,61.04159333333334,2.034719777777778,-5.713523809523809
211.548,-1.4999333333333333,61.05606,2.035202,-5.714031746031746
211.598,-1.5000666666666667,61.07053333333333,2.035684444444444,-5.714539682539682
211.648,-1.5002,61.084966666666666,2.0361655555555553,-5.715047619047619
211.698,-1.5002666666666669,61.09940666666667,2.036646888888889,-5.715301587301588
211.748,-1.5003333333333333,61.11384666666667,2.0371282222222225,-5.7155555555555555
211.798,-1.5012666666666665,61.12831333333334,2.0376104444444447,-5.71911111111111
211.848,-1.5022,61.142786666666666,2.038092888888889,-5.722666666666666
211.899,-1.5032666666666665,61.15725333333333,2.038575111111111,-5.726730158730158
211.949,-1.504333333333333,61.17172,2.0390573333333335,-5.730793650793649
211.999,-1.505,61.186193333333335,2.0395397777777777,-5.7333333333333325
212.049,-1.5056666666666667,61.20066,2.040022,-5.735873015873016
212.099,-1.5058,61.21516,2.0405053333333334,-5.736380952380952
212.149,-1.5056,61.22965333333333,2.0409884444444444,-5.735619047619047
212.199,-1.505,61.244119999999995,2.0414706666666667,-5.7333333333333325
212.249,-1.505,61.258586666666666,2.041952888888889,-5.7333333333333325
212.299,-1.505,61.27306,2.042435333333333,-5.7333333333333325
212.349,-1.5060666666666667,61.287526666666665,2.0429175555555554,-5.737396825396825
212.399,-1.5071333333333332,61.30202666666666,2.043400888888889,-5.741460317460317
212.449,-1.5091999999999999,61.31652666666666,2.043884222222222,-5.7493333333333325
212.499,-1.5112666666666668,61.33099333333334,2.0443664444444445,-5.757206349206349
212.549,-1.5126,61.34546666666667,2.0448488888888887,-5.762285714285714
212.599,-1.5139333333333334,61.35993333333333,2.045331111111111,-5.767365079365079
212.649,-1.5150000000000001,61.3744,2.0458133333333333,-5.771428571428571
212.699,-1.5160666666666667,61.388873333333336,2.046295777777778,-5.775492063492063
212.749,-1.5173333333333332,61.40334,2.046778,-5.78031746031746
212.799,-1.5186,61.417773333333336,2.0472591111111114,-5.785142857142857
212.849,-1.5201333333333333,61.43221333333334,2.0477404444444445,-5.790984126984127
212.899,-1.5223333333333333,61.44665333333333,2.0482217777777776,-5.799365079365079
212.949,-1.5245333333333333,61.46112,2.048704,-5.807746031746031
212.999,-1.5270666666666666,61.475593333333336,2.0491864444444445,-5.817396825396825
213.049,-1.5295999999999998,61.49006,2.049668666666667,-5.827047619047618
213.099,-1.5306666666666666,61.5045,2.05015,-5.8311111111111105
213.149,-1.5317333333333332,61.51894,2.0506313333333335,-5.835174603174602
213.199,-1.5318,61.53337333333333,2.051112444444444,-5.835428571428571
213.249,-1.5318666666666665,61.54784666666667,2.051594888888889,-5.835682539682539
213.299,-1.5333999999999999,61.562313333333336,2.052077111111111,-5.8415238095238085
213.349,-1.5349333333333335,61.576753333333336,2.0525584444444447,-5.84736507936508
213.399,-1.5374,61.59119333333333,2.053039777777778,-5.856761904761905
213.449,-1.5398666666666665,61.605626666666666,2.053520888888889,-5.8661587301587295
213.499,-1.5422666666666667,61.620059999999995,2.0540019999999997,-5.875301587301587
213.549,-1.5446666666666666,61.63453333333334,2.054484444444445,-5.884444444444444
213.599,-1.5466,61.649,2.0549666666666666,-5.891809523809523
213.649,-1.5482,61.66344,2.055448,-5.897904761904762
213.699,-1.5498,61.677879999999995,2.0559293333333333,-5.904
213.749,-1.5512000000000001,61.69231333333333,2.0564104444444444,-5.9093333333333335
213.799,-1.5526000000000002,61.70675333333334,2.056891777777778,-5.914666666666667
213.849,-1.5543333333333333,61.72122,2.0573740000000003,-5.921269841269841
213.899,-1.5560666666666667,61.735686666666666,2.057856222222222,-5.927873015873016
213.949,-1.5582,61.75012666666667,2.0583375555555556,-5.936
213.999,-1.5603333333333333,61.764559999999996,2.0588186666666664,-5.944126984126984
214.049,-1.561,61.779,2.0593,-5.946666666666666
214.099,-1.5616666666666668,61.79346666666667,2.059782222222222,-5.949206349206349
214.149,-1.5604,61.80793333333334,2.0602644444444445,-5.9443809523809525
214.199,-1.5591333333333333,61.8224,2.0607466666666667,-5.939555555555555
214.249,-1.5572000000000001,61.83684,2.0612280000000003,-5.932190476190477
214.299,-1.5552666666666668,61.85127333333333,2.061709111111111,-5.924825396825397
214.349,-1.5535333333333334,61.86571333333333,2.0621904444444445,-5.918222222222222
214.399,-1.5523333333333333,61.88018,2.062672666666667,-5.913650793650794
214.449,-1.5511333333333333,61.89464666666667,2.063154888888889,-5.909079365079364
214.499,-1.5495333333333332,61.90912,2.0636373333333333,-5.902984126984126
214.549,-1.5479333333333334,61.92355333333333,2.0641184444444445,-5.896888888888888
214.599,-1.5461333333333334,61.93799333333333,2.0645997777777776,-5.890031746031746
214.649,-1.5443333333333333,61.95243333333334,2.065081111111111,-5.883174603174603
214.699,-1.5418666666666667,61.9669,2.0655633333333334,-5.873777777777778
214.749,-1.5394,61.98137333333333,2.0660457777777776,-5.8643809523809525
214.8,-1.5377333333333332,61.99584,2.066528,-5.858031746031745
214.85,-1.5360666666666667,62.010306666666665,2.067010222222222,-5.85168253968254
214.9,-1.5361333333333334,62.024773333333336,2.0674924444444445,-5.851936507936507
214.95,-1.5362,62.03924666666667,2.067974888888889,-5.852190476190476
215.0,-1.5375333333333332,62.05374666666667,2.068458222222222,-5.85726984126984
215.05,-1.5392000000000001,62.06824666666667,2.0689415555555555,-5.863619047619048
215.1,-1.5412,62.08271333333334,2.0694237777777778,-5.871238095238095
215.15,-1.542,62.09718,2.069906,-5.8742857142857146
215.2,-1.5428,62.11165333333334,2.0703884444444447,-5.877333333333333
215.25,-1.5425333333333333,62.12612,2.0708706666666665,-5.87631746031746
215.3,-1.5422666666666667,62.14062,2.071354,-5.875301587301587
215.35,-1.5413999999999999,62.155120000000004,2.0718373333333333,-5.871999999999999
215.4,-1.5405333333333333,62.16958666666667,2.0723195555555556,-5.8686984126984125
215.45,-1.5404000000000002,62.18406,2.0728020000000003,-5.868190476190477
215.5,-1.5402666666666667,62.198526666666666,2.073284222222222,-5.86768253968254
215.55,-1.5403333333333333,62.21299333333333,2.0737664444444444,-5.867936507936507
215.6,-1.5404000000000002,62.227459999999994,2.0742486666666666,-5.868190476190477
215.65,-1.5403333333333333,62.241933333333336,2.0747311111111113,-5.867936507936507
215.7,-1.5402666666666667,62.256366666666665,2.075212222222222,-5.86768253968254
215.75,-1.5401999999999998,62.270806666666665,2.0756935555555556,-5.8674285714285705
215.8,-1.5396666666666665,62.285246666666666,2.0761748888888887,-5.865396825396824
215.85,-1.5391333333333332,62.29971333333333,2.076657111111111,-5.863365079365079
215.9,-1.5388,62.314186666666664,2.0771395555555556,-5.862095238095238
215.95,-1.5384666666666666,62.328653333333335,2.077621777777778,-5.860825396825397
216.0,-1.5389333333333333,62.34309333333333,2.078103111111111,-5.862603174603174
216.05,-1.5394,62.357533333333336,2.0785844444444446,-5.8643809523809525
216.1,-1.5405333333333333,62.37196666666667,2.0790655555555557,-5.8686984126984125
216.15,-1.5416666666666667,62.38644,2.079548,-5.8730158730158735
216.2,-1.5416666666666667,62.400906666666664,2.0800302222222222,-5.8730158730158735
216.251,-1.5416666666666667,62.415373333333335,2.0805124444444445,-5.8730158730158735
216.301,-1.5413333333333334,62.42984,2.0809946666666668,-5.8717460317460315
216.351,-1.541,62.444313333333334,2.081477111111111,-5.8704761904761895
216.401,-1.5391333333333332,62.458780000000004,2.0819593333333333,-5.863365079365079
216.451,-1.5372666666666668,62.47328,2.0824426666666667,-5.856253968253968
216.501,-1.5311333333333332,62.48778,2.082926,-5.832888888888888
216.551,-1.5220666666666667,62.502246666666665,2.0834082222222223,-5.798349206349206
216.601,-1.5130000000000001,62.51672,2.0838906666666666,-5.763809523809524
216.651,-1.5037999999999998,62.53118666666667,2.084372888888889,-5.728761904761904
216.701,-1.4946,62.545653333333334,2.084855111111111,-5.693714285714285
216.751,-1.486,62.56015333333333,2.0853384444444445,-5.660952380952381
216.801,-1.4774,62.57465333333333,2.085821777777778,-5.628190476190476
216.851,-1.4703333333333333,62.589126666666665,2.086304222222222,-5.601269841269841
216.901,-1.4632666666666665,62.603593333333336,2.0867864444444444,-5.574349206349205
216.951,-1.4571333333333334,62.61806,2.0872686666666667,-5.550984126984127
217.001,-1.451,62.632526666666664,2.087750888888889,-5.527619047619048
217.051,-1.4436,62.647000000000006,2.0882333333333336,-5.499428571428571
217.101,-1.4362,62.66146666666667,2.0887155555555554,-5.471238095238094
217.151,-1.4303333333333332,62.67590666666667,2.089196888888889,-5.448888888888888
217.201,-1.4244666666666668,62.69034666666666,2.089678222222222,-5.4265396825396826
217.251,-1.4214666666666667,62.70478,2.0901593333333333,-5.415111111111111
217.301,-1.4192666666666667,62.719253333333334,2.090641777777778,-5.406730158730158
217.351,-1.4170666666666667,62.73372,2.0911239999999998,-5.398349206349207
217.401,-1.4156666666666666,62.74818666666667,2.0916062222222225,-5.393015873015873
217.451,-1.4142666666666666,62.76262666666666,2.0920875555555556,-5.387682539682539
217.501,-1.4122,62.77706,2.0925686666666667,-5.379809523809524
217.551,-1.4101333333333335,62.7915,2.09305,-5.371936507936508
217.601,-1.4067333333333332,62.80596666666667,2.093532222222222,-5.358984126984126
217.651,-1.4033333333333333,62.820433333333334,2.0940144444444444,-5.346031746031746
217.701,-1.3998666666666668,62.834873333333334,2.094495777777778,-5.332825396825397
217.751,-1.3963999999999999,62.849313333333335,2.094977111111111,-5.319619047619047
217.801,-1.3950666666666665,62.863746666666664,2.0954582222222222,-5.314539682539682
217.851,-1.3937333333333333,62.87818666666667,2.0959395555555558,-5.309460317460317
217.901,-1.3921333333333332,62.892653333333335,2.096421777777778,-5.303365079365078
217.951,-1.3917333333333333,62.90712,2.096904,-5.30184126984127
218.001,-1.3920666666666668,62.92156,2.0973853333333334,-5.303111111111112
218.051,-1.3952666666666667,62.935993333333336,2.0978664444444446,-5.315301587301587
218.101,-1.3984666666666667,62.95043333333333,2.0983477777777777,-5.3274920634920635
218.151,-1.4014,62.96487333333334,2.0988291111111113,-5.338666666666667
218.201,-1.4043333333333334,62.97934,2.0993113333333335,-5.34984126984127
218.251,-1.4068,62.993813333333335,2.0997937777777778,-5.359238095238095
218.301,-1.4092666666666667,63.008246666666665,2.100274888888889,-5.36863492063492
218.351,-1.4108666666666667,63.02268,2.100756,-5.374730158730158
218.401,-1.4124666666666668,63.037119999999994,2.101237333333333,-5.380825396825397
218.451,-1.4133333333333333,63.051586666666665,2.1017195555555555,-5.384126984126984
218.501,-1.4142000000000001,63.066053333333336,2.1022017777777777,-5.387428571428572
218.551,-1.4145333333333334,63.080526666666664,2.102684222222222,-5.388698412698413
218.601,-1.4148666666666665,63.09496,2.1031653333333336,-5.389968253968253
218.651,-1.4156,63.1094,2.1036466666666667,-5.392761904761905
218.701,-1.4157333333333333,63.12384,2.104128,-5.3932698412698405
218.751,-1.4158666666666666,63.13830666666667,2.1046102222222225,-5.393777777777777
218.801,-1.4148,63.15278,2.1050926666666667,-5.389714285714286
218.851,-1.4137333333333333,63.167246666666664,2.105574888888889,-5.385650793650793
218.901,-1.4117333333333333,63.181686666666664,2.106056222222222,-5.378031746031746
218.951,-1.4097333333333333,63.19612666666667,2.1065375555555557,-5.370412698412698
219.001,-1.4065333333333332,63.21056,2.107018666666667,-5.3582222222222216
219.051,-1.4033333333333333,63.225026666666665,2.1075008888888886,-5.346031746031746
219.101,-1.4006666666666667,63.2395,2.1079833333333333,-5.335873015873016
219.152,-1.398,63.25396666666666,2.1084655555555556,-5.325714285714285
219.202,-1.3952666666666669,63.26843333333333,2.1089477777777774,-5.315301587301588
219.252,-1.3925333333333334,63.28290666666667,2.109430222222222,-5.304888888888889
219.302,-1.3885333333333334,63.29737333333333,2.1099124444444444,-5.289650793650794
219.352,-1.3845333333333334,63.31187333333333,2.1103957777777778,-5.274412698412698
219.402,-1.3814,63.32637333333333,2.110879111111111,-5.26247619047619
219.452,-1.3764666666666667,63.34084,2.1113613333333334,-5.243682539682539
219.502,-1.3715333333333333,63.355313333333335,2.1118437777777777,-5.224888888888889
219.552,-1.3670666666666667,63.36978,2.112326,-5.207873015873016
219.602,-1.3626,63.38424666666666,2.112808222222222,-5.190857142857142
219.652,-1.3596666666666666,63.39874666666666,2.113291555555555,-5.179682539682539
219.702,-1.3567333333333333,63.413246666666666,2.113774888888889,-5.168507936507936
219.752,-1.355,63.42771333333334,2.1142571111111113,-5.161904761904761
219.802,-1.3532666666666666,63.442186666666665,2.1147395555555555,-5.155301587301587
219.852,-1.3510666666666669,63.45665333333333,2.1152217777777778,-5.146920634920636
219.902,-1.3488666666666667,63.47112,2.115704,-5.138539682539682
219.952,-1.3470000000000002,63.485593333333334,2.1161864444444443,-5.131428571428572
220.002,-1.3451333333333333,63.50006,2.1166686666666665,-5.12431746031746
220.052,-1.3453333333333333,63.5145,2.11715,-5.1250793650793645
220.102,-1.3455333333333332,63.52894,2.117631333333333,-5.12584126984127
220.152,-1.3445333333333334,63.54337333333333,2.1181124444444444,-5.1220317460317455
220.202,-1.3442,63.55784666666667,2.118594888888889,-5.120761904761904
220.252,-1.3438666666666668,63.572313333333334,2.1190771111111113,-5.119492063492063
220.302,-1.3434666666666668,63.58678,2.119559333333333,-5.117968253968255
220.352,-1.3430666666666666,63.60122,2.1200406666666667,-5.116444444444444
220.402,-1.3419999999999999,63.61565333333333,2.1205217777777774,-5.112380952380952
220.452,-1.3409333333333333,63.630086666666664,2.121002888888889,-5.10831746031746
220.502,-1.3404,63.64456,2.1214853333333332,-5.106285714285714
220.552,-1.3398666666666665,63.65902666666667,2.1219675555555555,-5.104253968253968
220.603,-1.3390666666666666,63.67349333333333,2.1224497777777778,-5.101206349206349
220.653,-1.3382666666666667,63.68796666666667,2.1229322222222224,-5.098158730158731
220.703,-1.3367333333333336,63.70243333333334,2.1234144444444447,-5.092317460317461
220.753,-1.3352,63.7169,2.1238966666666665,-5.08647619047619
220.803,-1.3324,63.7314,2.12438,-5.075809523809523
220.853,-1.3287333333333333,63.7459,2.1248633333333333,-5.06184126984127
220.903,-1.3251333333333333,63.760373333333334,2.125345777777778,-5.048126984126983
220.953,-1.3224666666666667,63.774840000000005,2.1258280000000003,-5.037968253968254
221.003,-1.3198,63.78930666666667,2.126310222222222,-5.027809523809524
221.053,-1.3172,63.803779999999996,2.1267926666666663,-5.017904761904761
221.103,-1.3146,63.818279999999994,2.1272759999999997,-5.008
221.153,-1.3109333333333335,63.83278,2.127759333333333,-4.994031746031746
221.203,-1.3072666666666668,63.847253333333335,2.128241777777778,-4.9800634920634925
221.253,-1.3040666666666667,63.86172,2.128724,-4.967873015873016
221.303,-1.3008666666666668,63.87618666666666,2.129206222222222,-4.95568253968254
221.353,-1.299,63.890660000000004,2.129688666666667,-4.948571428571428
221.403,-1.2971333333333335,63.90512666666667,2.130170888888889,-4.941460317460318
221.453,-1.2950666666666668,63.91959333333333,2.130653111111111,-4.933587301587302
221.503,-1.293,63.93403333333333,2.131134444444444,-4.925714285714285
221.553,-1.2904000000000002,63.94846666666667,2.131615555555556,-4.915809523809524
221.603,-1.2886,63.96290666666666,2.132096888888889,-4.908952380952381
221.653,-1.2868,63.977373333333325,2.1325791111111108,-4.902095238095238
221.703,-1.2839333333333334,63.99184,2.1330613333333335,-4.891174603174603
221.753,-1.2810666666666668,64.00631333333334,2.133543777777778,-4.880253968253968
221.803,-1.2776,64.02074666666667,2.134024888888889,-4.867047619047619
221.853,-1.2741333333333331,64.03518,2.134506,-4.8538412698412685
221.903,-1.2720666666666667,64.04961999999999,2.134987333333333,-4.845968253968254
221.953,-1.27,64.06408666666667,2.1354695555555554,-4.838095238095238
222.003,-1.2692,64.07855333333333,2.1359517777777777,-4.835047619047619
222.053,-1.2684,64.09299333333334,2.1364331111111112,-4.832
222.103,-1.2696,64.10742666666667,2.1369142222222224,-4.836571428571428
222.153,-1.2708,64.12186666666666,2.1373955555555555,-4.841142857142857
222.203,-1.2761333333333333,64.13630666666667,2.137876888888889,-4.861460317460318
222.253,-1.2814666666666668,64.15077333333333,2.1383591111111113,-4.881777777777778
222.303,-1.2874,64.16524666666666,2.1388415555555556,-4.9043809523809525
222.353,-1.2918666666666667,64.17968,2.1393226666666667,-4.921396825396825
222.403,-1.2963333333333333,64.19412,2.139804,-4.938412698412698
222.453,-1.3007333333333333,64.20856,2.1402853333333334,-4.955174603174603
222.503,-1.3051333333333333,64.22299333333333,2.1407664444444445,-4.971936507936507
222.553,-1.311,64.23746,2.141248666666667,-4.994285714285714
222.603,-1.3168666666666666,64.25193333333333,2.141731111111111,-5.01663492063492
222.653,-1.3233333333333335,64.26636666666667,2.142212222222222,-5.041269841269842
222.703,-1.3297999999999999,64.28080666666666,2.1426935555555553,-5.065904761904761
222.753,-1.3338666666666665,64.29524666666667,2.143174888888889,-5.0813968253968245
222.803,-1.3379333333333332,64.30971333333333,2.143657111111111,-5.096888888888889
222.853,-1.3396666666666666,64.32418666666666,2.1441395555555554,-5.103492063492063
222.903,-1.3414000000000001,64.33865333333333,2.1446217777777776,-5.110095238095238
222.953,-1.3406,64.35309333333333,2.145103111111111,-5.107047619047619
223.003,-1.3398,64.36753333333334,2.1455844444444447,-5.104
223.053,-1.3390666666666668,64.38196666666667,2.146065555555556,-5.1012063492063495
223.103,-1.3388,64.39644,2.146548,-5.100190476190476
223.153,-1.3385333333333334,64.41090666666666,2.147030222222222,-5.099174603174603
223.203,-1.3374666666666668,64.42537333333333,2.1475124444444442,-5.095111111111112
223.253,-1.3364,64.43981333333333,2.147993777777778,-5.091047619047619
223.303,-1.3372,64.45425333333334,2.1484751111111113,-5.094095238095238
223.353,-1.338,64.46868666666667,2.1489562222222225,-5.097142857142857
223.403,-1.3364666666666667,64.48316,2.1494386666666667,-5.091301587301587
223.453,-1.3349333333333333,64.49762666666666,2.1499208888888885,-5.085460317460317
223.504,-1.3293333333333335,64.51209333333333,2.150403111111111,-5.064126984126984
223.554,-1.3237333333333334,64.52656666666667,2.1508855555555555,-5.042793650793651
223.604,-1.3176666666666668,64.54103333333333,2.1513677777777778,-5.01968253968254
223.654,-1.3115999999999999,64.5555,2.15185,-4.9965714285714276
223.704,-1.3048666666666666,64.57,2.152333333333333,-4.970920634920635
223.754,-1.3003333333333333,64.5845,2.152816666666667,-4.953650793650794
223.804,-1.2956666666666665,64.59897333333333,2.153299111111111,-4.935873015873015
223.854,-1.3020666666666665,64.61344,2.1537813333333333,-4.9602539682539675
223.904,-1.3084666666666667,64.62790666666666,2.154263555555555,-4.98463492063492
223.954,-1.3204666666666667,64.64238,2.1547460000000003,-5.030349206349206
224.004,-1.3324666666666667,64.65688,2.155229333333333,-5.076063492063492
224.054,-1.3419999999999999,64.67138,2.1557126666666666,-5.112380952380952
224.104,-1.3515333333333333,64.68585333333333,2.156195111111111,-5.148698412698412
224.154,-1.3627333333333334,64.70031999999999,2.156677333333333,-5.191365079365079
224.204,-1.3739333333333335,64.71478666666667,2.157159555555556,-5.2340317460317465
224.254,-1.3900000000000001,64.72926,2.157642,-5.295238095238095
224.304,-1.4060666666666668,64.74372666666666,2.158124222222222,-5.356444444444445
224.354,-1.4221333333333335,64.75819333333332,2.158606444444444,-5.417650793650794
224.404,-1.4382,64.77263333333333,2.1590877777777777,-5.478857142857143
224.454,-1.4544666666666666,64.78706666666668,2.1595688888888893,-5.540825396825396
224.504,-1.4674666666666667,64.80150666666667,2.1600502222222224,-5.590349206349206
224.554,-1.4804666666666668,64.81597333333333,2.1605324444444443,-5.639873015873016
224.604,-1.483,64.83044,2.1610146666666665,-5.64952380952381
224.654,-1.4855333333333334,64.84491333333332,2.1614971111111108,-5.659174603174603
224.704,-1.4857333333333334,64.85934666666667,2.1619782222222224,-5.659936507936508
224.754,-1.4859333333333333,64.87378,2.162459333333333,-5.660698412698412
224.804,-1.4869999999999999,64.88822,2.1629406666666666,-5.664761904761904
224.854,-1.4880666666666669,64.90268666666667,2.163422888888889,-5.668825396825397
224.904,-1.4894,64.91715333333333,2.163905111111111,-5.673904761904762
224.955,-1.4907333333333335,64.93162666666666,2.1643875555555554,-5.678984126984127
225.005,-1.4919333333333333,64.94609333333332,2.1648697777777772,-5.6835555555555555
225.055,-1.4931333333333332,64.96056,2.165352,-5.688126984126983
225.105,-1.4942666666666669,64.97503333333333,2.165834444444444,-5.692444444444445
225.155,-1.4954,64.98953333333333,2.1663177777777776,-5.696761904761905
225.205,-1.4956,65.00403333333334,2.1668011111111114,-5.697523809523809
225.255,-1.4959333333333333,65.0185,2.1672833333333332,-5.69879365079365
225.305,-1.4962666666666666,65.03296666666667,2.1677655555555555,-5.700063492063491
225.355,-1.4981333333333333,65.04744,2.1682479999999997,-5.707174603174603
225.405,-1.5,65.06190666666666,2.168730222222222,-5.714285714285714
225.455,-1.5008666666666666,65.07640666666667,2.169213555555556,-5.717587301587301
225.505,-1.5017333333333334,65.09090666666667,2.169696888888889,-5.720888888888889
225.555,-1.5017333333333334,65.10537333333333,2.170179111111111,-5.720888888888889
225.605,-1.5017333333333334,65.11984,2.1706613333333333,-5.720888888888889
225.655,-1.5008666666666666,65.13431333333332,2.1711437777777776,-5.717587301587301
225.705,-1.5,65.14878,2.1716260000000003,-5.714285714285714
225.755,-1.4994666666666667,65.16324666666667,2.172108222222222,-5.712253968253968
225.805,-1.4989333333333332,65.17772,2.1725906666666663,-5.710222222222222
225.855,-1.4999333333333333,65.19215333333334,2.173071777777778,-5.714031746031746
225.905,-1.5019333333333333,65.20659333333333,2.173553111111111,-5.721650793650793
225.955,-1.5048666666666668,65.22103333333334,2.1740344444444446,-5.7328253968253975
226.005,-1.5087333333333333,65.2355,2.174516666666667,-5.747555555555555
226.055,-1.5126,65.24997333333333,2.174999111111111,-5.762285714285714
226.105,-1.5150666666666666,65.26444,2.175481333333333,-5.771682539682539
226.155,-1.5175333333333332,65.27887333333334,2.1759624444444445,-5.781079365079364
226.205,-1.5186,65.29331333333333,2.1764437777777776,-5.785142857142857
226.255,-1.5196666666666665,65.30775333333334,2.176925111111111,-5.789206349206348
226.305,-1.5203333333333333,65.32222,2.1774073333333335,-5.791746031746031
226.355,-1.521,65.33669333333333,2.1778897777777777,-5.794285714285714
226.405,-1.5217333333333334,65.35112666666666,2.1783708888888884,-5.797079365079365
226.455,-1.5224666666666666,65.36556666666667,2.1788522222222224,-5.799873015873016
226.505,-1.5223333333333333,65.38000666666667,2.179333555555556,-5.799365079365079
226.555,-1.5222,65.39444,2.1798146666666667,-5.798857142857143
226.605,-1.5210666666666666,65.40891333333333,2.180297111111111,-5.794539682539682
226.655,-1.5192,65.42338,2.180779333333333,-5.787428571428571
226.705,-1.5173333333333332,65.43782,2.1812606666666667,-5.78031746031746
226.755,-1.5155999999999998,65.45226,2.181742,-5.773714285714285
226.805,-1.5138666666666665,65.46669333333334,2.1822231111111114,-5.76711111111111
226.855,-1.5120666666666667,65.48112666666667,2.182704222222222,-5.760253968253968
226.905,-1.5102666666666666,65.4956,2.1831866666666664,-5.753396825396825
226.955,-1.5084666666666666,65.51006666666666,2.1836688888888887,-5.746539682539682
227.005,-1.5066666666666668,65.52450666666667,2.184150222222222,-5.73968253968254
227.055,-1.5049333333333332,65.53894666666666,2.1846315555555553,-5.733079365079364
227.105,-1.5032,65.55338,2.185112666666667,-5.72647619047619
227.155,-1.5021333333333333,65.56785333333333,2.185595111111111,-5.722412698412698
227.205,-1.5010666666666668,65.58232,2.186077333333333,-5.718349206349206
227.255,-1.5001333333333333,65.59678666666667,2.1865595555555557,-5.71479365079365
227.305,-1.4991999999999999,65.61122666666667,2.187040888888889,-5.711238095238095
227.355,-1.4986,65.62566,2.187522,-5.708952380952381
227.405,-1.4977333333333334,65.6401,2.1880033333333335,-5.705650793650793
227.455,-1.4968666666666666,65.65456666666667,2.188485555555556,-5.702349206349206
227.505,-1.4956,65.66903333333333,2.1889677777777776,-5.697523809523809
227.555,-1.4943333333333333,65.68350000000001,2.1894500000000003,-5.692698412698412
227.605,-1.4937333333333336,65.69794,2.1899313333333335,-5.6904126984126995
227.655,-1.4931333333333334,65.71237333333333,2.1904124444444446,-5.688126984126984
227.705,-1.4929333333333334,65.72681333333334,2.190893777777778,-5.68736507936508
227.755,-1.4927333333333335,65.74128,2.191376,-5.686603174603174
227.805,-1.4925333333333335,65.75574666666667,2.1918582222222223,-5.68584126984127
227.856,-1.4923333333333335,65.77022000000001,2.192340666666667,-5.685079365079366
227.906,-1.4920000000000002,65.78468666666667,2.192822888888889,-5.683809523809525
227.956,-1.4916666666666667,65.79915333333334,2.193305111111111,-5.682539682539683
228.006,-1.4917333333333334,65.81362666666666,2.1937875555555553,-5.68279365079365
228.056,-1.4918000000000002,65.82812666666668,2.194270888888889,-5.68304761904762
228.106,-1.4918666666666667,65.84262666666667,2.1947542222222225,-5.683301587301587
228.156,-1.4922666666666666,65.85709333333334,2.1952364444444448,-5.684825396825397
228.206,-1.4926666666666668,65.87156,2.1957186666666666,-5.686349206349207
228.256,-1.4941333333333333,65.88602666666667,2.196200888888889,-5.691936507936507
228.306,-1.4956,65.90050000000001,2.1966833333333335,-5.697523809523809
228.356,-1.4959333333333333,65.915,2.197166666666667,-5.69879365079365
228.406,-1.4962666666666666,65.9295,2.1976500000000003,-5.700063492063491
228.456,-1.4956666666666665,65.94396666666667,2.198132222222222,-5.697777777777777
228.506,-1.4950666666666665,65.95843333333333,2.1986144444444444,-5.695492063492063
228.556,-1.4938,65.97290666666667,2.199096888888889,-5.690666666666666
228.606,-1.4925333333333333,65.98737333333334,2.1995791111111114,-5.685841269841269
228.656,-1.4909999999999999,66.00184,2.200061333333333,-5.68
228.706,-1.4894666666666665,66.01631333333333,2.2005437777777774,-5.674158730158729
228.756,-1.4882,66.03074666666666,2.2010248888888886,-5.669333333333333
228.806,-1.4868666666666668,66.04518666666667,2.201506222222222,-5.664253968253968
228.856,-1.4851999999999999,66.05962666666667,2.2019875555555557,-5.657904761904761
228.906,-1.483,66.07409333333334,2.202469777777778,-5.64952380952381
228.956,-1.4808,66.08856,2.2029520000000002,-5.641142857142857
229.006,-1.4778,66.10303333333333,2.2034344444444445,-5.629714285714286
229.056,-1.4747999999999999,66.11746666666666,2.203915555555555,-5.618285714285713
229.106,-1.4728666666666668,66.13190666666667,2.2043968888888887,-5.610920634920635
229.156,-1.4709333333333334,66.14634666666667,2.2048782222222223,-5.603555555555555
229.206,-1.4703333333333333,66.16081333333334,2.2053604444444446,-5.601269841269841
229.256,-1.4697333333333333,66.17528666666666,2.205842888888889,-5.598984126984127
229.307,-1.47,66.18975333333334,2.2063251111111115,-5.6
229.357,-1.4702666666666668,66.20422,2.2068073333333333,-5.601015873015873
229.407,-1.4704666666666668,66.21869333333333,2.207289777777778,-5.601777777777778
229.457,-1.4706666666666668,66.23316,2.207772,-5.602539682539683
229.507,-1.4701333333333333,66.24766,2.2082553333333332,-5.600507936507936
229.557,-1.4691333333333332,66.26216000000001,2.208738666666667,-5.596698412698412
229.607,-1.4681333333333333,66.27662666666667,2.209220888888889,-5.592888888888888
229.657,-1.4678,66.29109333333334,2.209703111111111,-5.591619047619047
229.707,-1.4674666666666667,66.30556666666666,2.2101855555555554,-5.590349206349206
229.757,-1.4678,66.32003333333334,2.210667777777778,-5.591619047619047
229.807,-1.4681333333333335,66.33453333333334,2.2111511111111115,-5.592888888888889
229.857,-1.4678,66.34903333333334,2.2116344444444445,-5.591619047619047
229.907,-1.4674666666666667,66.3635,2.2121166666666667,-5.590349206349206
229.957,-1.4666,66.37797333333333,2.212599111111111,-5.587047619047619
230.007,-1.4657333333333333,66.39244000000001,2.2130813333333337,-5.583746031746031
230.057,-1.4644000000000001,66.40690666666667,2.2135635555555555,-5.578666666666667
230.107,-1.4630666666666667,66.42138,2.214046,-5.573587301587302
230.157,-1.4618666666666666,66.43584666666666,2.214528222222222,-5.569015873015872
230.207,-1.4606666666666668,66.45028666666667,2.2150095555555556,-5.564444444444445
230.257,-1.4602,66.46472666666666,2.2154908888888887,-5.562666666666666
230.307,-1.4601333333333335,66.47916000000001,2.2159720000000003,-5.5624126984126985
230.357,-1.4600666666666666,66.49362666666667,2.2164542222222225,-5.56215873015873
230.407,-1.4586000000000001,66.5081,2.2169366666666668,-5.556571428571429
230.457,-1.4571333333333334,66.52256666666668,2.217418888888889,-5.550984126984127
230.507,-1.4552,66.53700666666667,2.217900222222222,-5.543619047619048
230.557,-1.4532666666666667,66.55144666666666,2.2183815555555553,-5.536253968253968
230.607,-1.4514666666666665,66.56588,2.218862666666667,-5.529396825396824
230.657,-1.4496666666666667,66.58035333333333,2.219345111111111,-5.522539682539683
230.707,-1.4474666666666667,66.59482,2.2198273333333334,-5.51415873015873
230.757,-1.4452666666666667,66.60926,2.220308666666667,-5.505777777777777
230.807,-1.4436,66.6237,2.22079,-5.499428571428571
230.857,-1.4419333333333335,66.63813333333333,2.2212711111111108,-5.493079365079366
230.907,-1.441,66.65256666666667,2.2217522222222224,-5.48952380952381
230.957,-1.4400666666666666,66.66703333333334,2.2222344444444446,-5.485968253968253
231.007,-1.4388666666666665,66.6815,2.2227166666666665,-5.481396825396825
231.057,-1.4376666666666666,66.69594000000001,2.2231980000000005,-5.476825396825396
231.107,-1.4364666666666668,66.71038,2.2236793333333336,-5.472253968253969
231.157,-1.4367333333333334,66.72481333333333,2.2241604444444443,-5.4732698412698415
231.207,-1.437,66.73925333333334,2.224641777777778,-5.474285714285714
231.257,-1.4378666666666668,66.75372,2.225124,-5.4775873015873024
231.307,-1.4387333333333332,66.76818666666667,2.2256062222222224,-5.480888888888888
231.357,-1.4404000000000001,66.78262666666667,2.226087555555556,-5.487238095238095
231.407,-1.4420666666666666,66.79706,2.2265686666666666,-5.493587301587302
231.457,-1.4442,66.8115,2.2270499999999998,-5.501714285714285
231.507,-1.4463333333333332,66.82596666666667,2.2275322222222225,-5.509841269841269
231.557,-1.4485333333333335,66.84043333333334,2.2280144444444447,-5.518222222222223
231.607,-1.4507333333333332,66.8549,2.2284966666666666,-5.526603174603174
231.657,-1.4519333333333333,66.86934,2.2289779999999997,-5.531174603174603
231.707,-1.4529333333333334,66.88377333333334,2.2294591111111113,-5.534984126984127
231.757,-1.4538666666666666,66.89821333333333,2.2299404444444444,-5.538539682539682
231.807,-1.4548666666666668,66.91268,2.2304226666666667,-5.542349206349207
231.857,-1.4558666666666666,66.92714666666667,2.230904888888889,-5.54615873015873
231.907,-1.457,66.94162,2.231387333333333,-5.55047619047619
231.957,-1.4581333333333333,66.95605333333334,2.2318684444444448,-5.55479365079365
232.007,-1.4589333333333334,66.97049333333334,2.232349777777778,-5.55784126984127
232.057,-1.4597333333333333,66.98493333333333,2.232831111111111,-5.560888888888889
232.107,-1.4604666666666666,66.9994,2.2333133333333333,-5.563682539682539
232.157,-1.4612,67.01387333333334,2.233795777777778,-5.56647619047619
232.208,-1.4622666666666668,67.02834,2.234278,-5.570539682539683
232.258,-1.4633333333333334,67.04280666666666,2.234760222222222,-5.574603174603174
232.308,-1.4646000000000001,67.05727333333333,2.2352424444444443,-5.579428571428572
232.358,-1.4658666666666667,67.07174666666667,2.235724888888889,-5.584253968253968
232.408,-1.468,67.08624666666667,2.2362082222222224,-5.592380952380952
232.458,-1.4702,67.10074666666667,2.2366915555555553,-5.600761904761904
232.508,-1.4724,67.11521333333333,2.2371737777777776,-5.6091428571428565
232.558,-1.4747333333333335,67.12968,2.237656,-5.618031746031746
232.608,-1.4770666666666665,67.14415333333334,2.2381384444444445,-5.626920634920634
232.658,-1.4788000000000001,67.15862,2.238620666666667,-5.63352380952381
232.708,-1.4805333333333335,67.17312,2.2391039999999998,-5.640126984126985
232.758,-1.4809333333333334,67.18762,2.239587333333333,-5.641650793650793
232.808,-1.4813333333333332,67.20208666666666,2.2400695555555554,-5.643174603174602
232.858,-1.4804666666666668,67.21656,2.240552,-5.639873015873016
232.908,-1.4796,67.23102666666666,2.2410342222222224,-5.636571428571428
232.958,-1.4791333333333334,67.24549333333333,2.241516444444444,-5.634793650793651
233.008,-1.4786666666666666,67.25996666666667,2.241998888888889,-5.633015873015872
233.058,-1.4778666666666667,67.27444,2.242481333333333,-5.629968253968253
233.108,-1.4770666666666665,67.28887333333334,2.2429624444444447,-5.626920634920634
233.158,-1.4758666666666669,67.30331333333334,2.243443777777778,-5.622349206349207
233.208,-1.4739333333333335,67.31775333333333,2.243925111111111,-5.614984126984128
233.258,-1.4720000000000002,67.33221999999999,2.244407333333333,-5.607619047619048
233.308,-1.4693333333333334,67.34669333333333,2.244889777777778,-5.5974603174603175
233.358,-1.4666666666666666,67.36116,2.245372,-5.587301587301587
233.408,-1.4638,67.3756,2.2458533333333337,-5.576380952380952
233.458,-1.4609333333333334,67.39004,2.246334666666667,-5.565460317460317
233.508,-1.4596000000000002,67.40447333333333,2.2468157777777775,-5.560380952380953
233.558,-1.4582666666666666,67.41894666666667,2.247298222222222,-5.555301587301587
233.608,-1.4584666666666666,67.43341333333333,2.2477804444444445,-5.556063492063491
233.659,-1.4586666666666666,67.44788,2.2482626666666667,-5.5568253968253964
233.709,-1.4584666666666668,67.46235333333333,2.248745111111111,-5.556063492063492
233.759,-1.4582666666666668,67.47682,2.2492273333333332,-5.555301587301588
233.809,-1.4585333333333332,67.49128666666667,2.2497095555555555,-5.55631746031746
233.859,-1.4594,67.50578666666667,2.250192888888889,-5.559619047619048
233.909,-1.4601333333333335,67.52028666666666,2.2506762222222223,-5.5624126984126985
233.959,-1.4620666666666666,67.53475333333333,2.251158444444444,-5.5697777777777775
234.009,-1.464,67.54922666666667,2.251640888888889,-5.5771428571428565
234.059,-1.4670666666666667,67.56369333333333,2.252123111111111,-5.5888253968253965
234.109,-1.4701333333333333,67.57816,2.2526053333333333,-5.600507936507936
234.159,-1.4722000000000002,67.59266,2.2530886666666663,-5.608380952380953
234.209,-1.4742666666666666,67.60716,2.2535719999999997,-5.616253968253968
234.259,-1.4745333333333335,67.62163333333334,2.2540544444444444,-5.617269841269842
234.309,-1.4747999999999999,67.6361,2.2545366666666666,-5.618285714285713
234.359,-1.4737333333333333,67.65056666666666,2.255018888888889,-5.614222222222222
234.409,-1.4726666666666666,67.66504,2.2555013333333336,-5.610158730158729
234.459,-1.4722666666666666,67.67950666666667,2.2559835555555554,-5.60863492063492
234.509,-1.4718666666666667,67.69397333333333,2.2564657777777777,-5.607111111111111
234.559,-1.4702,67.70841333333334,2.2569471111111112,-5.600761904761904
234.609,-1.4675333333333334,67.72285333333333,2.2574284444444443,-5.590603174603174
234.659,-1.4648666666666665,67.73728666666666,2.2579095555555555,-5.580444444444444
234.709,-1.4625333333333335,67.75176,2.258392,-5.571555555555555
234.759,-1.4602000000000002,67.76622666666667,2.2588742222222224,-5.562666666666667
234.809,-1.4577333333333333,67.78069333333333,2.2593564444444443,-5.553269841269841
234.859,-1.4552666666666667,67.79513333333334,2.259837777777778,-5.543873015873015
234.909,-1.4534,67.80956666666667,2.260318888888889,-5.536761904761905
234.959,-1.4515333333333333,67.82400666666666,2.260800222222222,-5.529650793650793
235.009,-1.4510666666666667,67.83847333333333,2.2612824444444444,-5.527873015873016
235.059,-1.4506000000000001,67.85294,2.2617646666666666,-5.526095238095238
235.109,-1.4506666666666668,67.86738,2.2622459999999998,-5.526349206349207
235.159,-1.4507333333333332,67.88181333333334,2.2627271111111114,-5.526603174603174
235.209,-1.4497333333333333,67.89624666666667,2.2632082222222225,-5.52279365079365
235.259,-1.4487333333333334,67.91068666666666,2.2636895555555556,-5.518984126984127
235.309,-1.4485999999999999,67.92515333333333,2.2641717777777775,-5.51847619047619
235.359,-1.4492666666666667,67.93962,2.264654,-5.521015873015873
235.409,-1.4499333333333333,67.95406,2.2651353333333333,-5.523555555555555
235.459,-1.4500666666666668,67.96849333333334,2.265616444444445,-5.524063492063492
235.509,-1.4502,67.98293333333334,2.266097777777778,-5.524571428571428
235.559,-1.4499333333333333,67.99737333333333,2.266579111111111,-5.523555555555555
235.609,-1.4496666666666667,68.01183999999999,2.267061333333333,-5.522539682539683
235.659,-1.4498666666666666,68.02631333333333,2.2675437777777776,-5.523301587301587
235.709,-1.4500666666666668,68.04074666666666,2.2680248888888888,-5.524063492063492
235.759,-1.4497333333333333,68.05518666666667,2.2685062222222223,-5.52279365079365
235.809,-1.4494,68.06962666666666,2.2689875555555554,-5.521523809523809
235.859,-1.4492666666666667,68.08409333333333,2.2694697777777777,-5.521015873015873
235.909,-1.4491333333333334,68.09855999999999,2.2699519999999995,-5.520507936507936
235.959,-1.4491333333333334,68.11303333333333,2.2704344444444446,-5.520507936507936
236.009,-1.4491333333333334,68.12746666666666,2.2709155555555554,-5.520507936507936
236.059,-1.4494,68.14190666666667,2.271396888888889,-5.521523809523809
236.109,-1.4493333333333334,68.15634666666666,2.271878222222222,-5.5212698412698415
236.159,-1.4492666666666667,68.17081333333333,2.2723604444444443,-5.521015873015873
236.209,-1.4493333333333331,68.18528666666667,2.272842888888889,-5.521269841269841
236.259,-1.4494,68.19975333333333,2.2733251111111112,-5.521523809523809
236.309,-1.4495333333333333,68.21419333333333,2.2738064444444444,-5.522031746031746
236.359,-1.4496666666666667,68.22863333333333,2.274287777777778,-5.522539682539683
236.409,-1.4501333333333333,68.24306666666666,2.2747688888888886,-5.52431746031746
236.459,-1.4506000000000001,68.25754,2.2752513333333337,-5.526095238095238
236.509,-1.4506666666666665,68.27200666666666,2.275733555555555,-5.526349206349206
236.56,-1.4507333333333332,68.28647333333333,2.276215777777778,-5.526603174603174
236.61,-1.4504666666666666,68.30094000000001,2.2766980000000006,-5.525587301587301
236.66,-1.4502,68.31541333333332,2.2771804444444443,-5.524571428571428
236.71,-1.4504666666666666,68.32988,2.2776626666666666,-5.525587301587301
236.76,-1.4513333333333334,68.34438,2.278146,-5.528888888888889
236.81,-1.4518666666666666,68.35888,2.2786293333333334,-5.530920634920634
236.86,-1.4523333333333333,68.37334666666668,2.279111555555556,-5.532698412698412
236.91,-1.4528,68.38781999999999,2.279594,-5.534476190476191
236.96,-1.4522666666666666,68.40228666666667,2.280076222222222,-5.532444444444444
237.01,-1.4517333333333333,68.41675333333333,2.2805584444444444,-5.5304126984126984
237.06,-1.4506666666666665,68.43125333333334,2.2810417777777783,-5.526349206349206
237.11,-1.4496,68.44575333333334,2.2815251111111112,-5.522285714285714
237.16,-1.4488666666666667,68.46022666666666,2.282007555555555,-5.519492063492064
237.21,-1.4481333333333335,68.47469333333333,2.2824897777777777,-5.516698412698413
237.26,-1.4481333333333335,68.48916,2.282972,-5.516698412698413
237.31,-1.4481333333333335,68.50362666666666,2.2834542222222223,-5.516698412698413
237.36,-1.4472666666666667,68.5181,2.283936666666667,-5.513396825396825
237.41,-1.4464000000000001,68.53256666666667,2.2844188888888888,-5.510095238095238
237.46,-1.4456666666666667,68.54700666666666,2.284900222222222,-5.507301587301587
237.51,-1.4448666666666667,68.56144666666667,2.2853815555555554,-5.504253968253968
237.56,-1.4440666666666668,68.57588000000001,2.285862666666667,-5.50120634920635
237.61,-1.4434,68.59035333333333,2.286345111111111,-5.498666666666667
237.66,-1.4427333333333334,68.60482,2.2868273333333335,-5.496126984126985
237.71,-1.4429333333333334,68.61928666666667,2.2873095555555554,-5.496888888888889
237.76,-1.4431333333333334,68.63372666666667,2.2877908888888894,-5.497650793650793
237.81,-1.4435333333333333,68.64816,2.288272,-5.499174603174603
237.86,-1.4439333333333333,68.66260000000001,2.2887533333333336,-5.500698412698412
237.91,-1.4436,68.67706666666666,2.2892355555555555,-5.499428571428571
237.96,-1.4432666666666667,68.69153333333334,2.289717777777778,-5.49815873015873
238.011,-1.4426666666666668,68.70599999999999,2.2901999999999996,-5.495873015873016
238.061,-1.4420666666666666,68.72047333333333,2.2906824444444442,-5.493587301587302
238.111,-1.4432666666666667,68.73494000000001,2.291164666666667,-5.49815873015873
238.161,-1.4444666666666668,68.74940666666666,2.291646888888889,-5.502730158730159
238.211,-1.4458,68.76390666666666,2.2921302222222217,-5.507809523809524
238.261,-1.4463333333333332,68.77840666666665,2.292613555555555,-5.509841269841269
238.311,-1.4468666666666665,68.79288,2.293096,-5.511873015873015
238.361,-1.4466,68.80734666666667,2.2935782222222225,-5.510857142857143
238.411,-1.4463333333333332,68.82181333333332,2.2940604444444443,-5.509841269841269
238.461,-1.4459333333333333,68.83628666666667,2.294542888888889,-5.50831746031746
238.511,-1.4455333333333333,68.85078666666666,2.295026222222222,-5.50679365079365
238.561,-1.4464000000000001,68.86528666666666,2.2955095555555554,-5.510095238095238
238.611,-1.4472666666666667,68.87975333333334,2.295991777777778,-5.513396825396825
238.661,-1.4482,68.89421999999999,2.2964739999999995,-5.516952380952381
238.711,-1.4491333333333334,68.90868666666667,2.296956222222222,-5.520507936507936
238.761,-1.4507333333333332,68.92316000000001,2.297438666666667,-5.526603174603174
238.811,-1.4523333333333333,68.93762666666666,2.2979208888888887,-5.532698412698412
238.861,-1.4532666666666667,68.95209333333334,2.2984031111111114,-5.536253968253968
238.911,-1.4542000000000002,68.96653333333333,2.2988844444444445,-5.539809523809524
238.961,-1.4551333333333334,68.98096666666667,2.2993655555555557,-5.5433650793650795
239.011,-1.4566666666666668,68.99540666666667,2.2998468888888888,-5.549206349206349
239.061,-1.4582000000000002,69.00987333333333,2.300329111111111,-5.5550476190476195
239.111,-1.4601333333333335,69.02434,2.3008113333333333,-5.5624126984126985
239.161,-1.4620666666666666,69.03881333333334,2.301293777777778,-5.5697777777777775
239.211,-1.4635333333333334,69.05324666666667,2.3017748888888887,-5.5753650793650795
239.261,-1.465,69.06768666666667,2.3022562222222223,-5.580952380952381
239.311,-1.4651333333333334,69.08212666666667,2.3027375555555554,-5.5814603174603175
239.361,-1.4652666666666667,69.09659333333333,2.3032197777777776,-5.581968253968254
239.411,-1.4653333333333334,69.11106,2.303702,-5.582222222222222
239.461,-1.4654,69.1255,2.3041833333333335,-5.58247619047619
239.511,-1.4647333333333334,69.13993333333333,2.304664444444444,-5.579936507936508
239.561,-1.4640666666666668,69.15437333333333,2.3051457777777773,-5.577396825396826
239.611,-1.4632666666666667,69.16881333333332,2.3056271111111104,-5.574349206349206
239.661,-1.4623333333333335,69.18328,2.306109333333333,-5.570793650793651
239.711,-1.4608666666666668,69.19775333333334,2.306591777777778,-5.565206349206349
239.761,-1.4581333333333333,69.21218666666667,2.307072888888889,-5.55479365079365
239.811,-1.4554,69.22662666666666,2.307554222222222,-5.544380952380952
239.861,-1.4534666666666667,69.24106666666667,2.3080355555555556,-5.537015873015873
239.911,-1.4515333333333333,69.2555,2.3085166666666668,-5.529650793650793
239.961,-1.4506666666666668,69.26996666666668,2.308998888888889,-5.526349206349207
240.011,-1.4498,69.28443333333333,2.309481111111111,-5.5230476190476185
240.061,-1.4489333333333334,69.29886666666667,2.3099622222222225,-5.519746031746032
240.111,-1.4480666666666666,69.31330666666666,2.3104435555555556,-5.516444444444444
240.161,-1.4476,69.32774666666666,2.3109248888888887,-5.514666666666667
240.211,-1.4471333333333334,69.34221333333333,2.311407111111111,-5.512888888888889
240.261,-1.4473333333333334,69.35668666666668,2.3118895555555556,-5.513650793650793
240.311,-1.4475333333333333,69.37115333333333,2.3123717777777775,-5.514412698412698
240.361,-1.4475333333333333,69.38559333333333,2.312853111111111,-5.514412698412698
240.411,-1.4476,69.40003333333334,2.3133344444444446,-5.514666666666667
240.461,-1.4476666666666667,69.41446666666667,2.3138155555555557,-5.514920634920634
240.511,-1.4486666666666668,69.42894,2.314298,-5.5187301587301585
240.561,-1.4496666666666667,69.44340666666668,2.3147802222222227,-5.522539682539683
240.611,-1.4498666666666666,69.45787333333332,2.315262444444444,-5.523301587301587
240.661,-1.4500666666666666,69.47231333333333,2.3157437777777776,-5.524063492063491
240.711,-1.4492,69.48675333333334,2.316225111111111,-5.520761904761905
240.761,-1.4483333333333335,69.50118666666667,2.3167062222222223,-5.517460317460317
240.811,-1.4473999999999998,69.51566,2.3171886666666666,-5.513904761904761
240.861,-1.4464666666666666,69.53012666666667,2.3176708888888893,-5.510349206349206
240.912,-1.4446666666666665,69.54459333333332,2.3181531111111107,-5.503492063492063
240.962,-1.4428666666666667,69.55906666666667,2.3186355555555553,-5.4966349206349205
241.012,-1.4407333333333334,69.57353333333334,2.319117777777778,-5.488507936507936
241.062,-1.4386,69.588,2.3196,-5.480380952380952
241.112,-1.4370666666666667,69.60249999999999,2.3200833333333333,-5.474539682539683
241.162,-1.4353333333333333,69.617,2.3205666666666667,-5.467936507936508
241.212,-1.4335999999999998,69.63147333333333,2.321049111111111,-5.461333333333332
241.262,-1.4317333333333333,69.64594000000001,2.3215313333333336,-5.454222222222222
241.312,-1.4298666666666666,69.66040666666666,2.3220135555555554,-5.447111111111111
241.362,-1.4284666666666666,69.67487333333334,2.3224957777777777,-5.441777777777777
241.412,-1.4270666666666665,69.68937333333334,2.322979111111111,-5.436444444444444
241.462,-1.4257333333333333,69.70387333333333,2.3234624444444445,-5.431365079365079
241.512,-1.4243999999999999,69.71834666666668,2.323944888888889,-5.426285714285713
241.562,-1.4230666666666667,69.73281333333333,2.324427111111111,-5.421206349206349
241.612,-1.4217333333333333,69.74728,2.3249093333333333,-5.416126984126984
241.662,-1.4208666666666665,69.76175333333335,2.3253917777777784,-5.412825396825396
241.712,-1.4200000000000002,69.77622,2.3258739999999998,-5.40952380952381
241.762,-1.4193333333333333,69.79068666666667,2.3263562222222225,-5.406984126984127
241.812,-1.4186666666666667,69.80512666666667,2.3268375555555556,-5.404444444444445
241.862,-1.4180666666666668,69.81956,2.3273186666666663,-5.402158730158731
241.912,-1.4184666666666668,69.834,2.3278000000000003,-5.403682539682539
241.962,-1.4188666666666667,69.84846666666667,2.328282222222222,-5.405206349206349
242.012,-1.4188,69.86293333333333,2.3287644444444444,-5.404952380952381
242.062,-1.4187333333333332,69.87740666666667,2.329246888888889,-5.404698412698412
242.112,-1.4178666666666666,69.89184666666667,2.329728222222222,-5.401396825396825
242.162,-1.417,69.90628,2.3302093333333334,-5.398095238095238
242.212,-1.4153999999999998,69.92072,2.330690666666667,-5.391999999999999
242.262,-1.4138,69.93518666666667,2.3311728888888887,-5.3859047619047615
242.312,-1.4127333333333332,69.94965333333333,2.331655111111111,-5.381841269841269
242.363,-1.4116666666666666,69.96412666666667,2.3321375555555557,-5.377777777777777
242.413,-1.4114666666666666,69.97859333333332,2.3326197777777775,-5.377015873015873
242.463,-1.4112666666666667,69.99306,2.333102,-5.376253968253968
242.513,-1.4118,70.00753333333334,2.333584444444445,-5.378285714285714
242.563,-1.4132,70.02203333333334,2.334067777777778,-5.383619047619048
242.613,-1.4142666666666666,70.03653333333334,2.3345511111111112,-5.387682539682539
242.663,-1.4156,70.051,2.3350333333333335,-5.392761904761905
242.713,-1.4169333333333334,70.06546666666667,2.3355155555555553,-5.39784126984127
242.763,-1.4186,70.07994000000001,2.3359980000000005,-5.404190476190476
242.813,-1.4202666666666666,70.09440666666666,2.336480222222222,-5.410539682539682
242.863,-1.4223999999999999,70.10890666666666,2.3369635555555552,-5.418666666666666
242.913,-1.4245333333333332,70.12340666666667,2.337446888888889,-5.42679365079365
242.963,-1.4273333333333333,70.13787333333333,2.337929111111111,-5.437460317460317
243.013,-1.4301333333333333,70.15234000000001,2.3384113333333336,-5.448126984126984
243.063,-1.4324000000000001,70.16681333333332,2.3388937777777774,-5.456761904761905
243.113,-1.4346666666666665,70.18128,2.339376,-5.465396825396825
243.163,-1.4367333333333332,70.19574666666668,2.339858222222223,-5.473269841269841
243.213,-1.4388,70.21021999999999,2.3403406666666666,-5.481142857142857
243.263,-1.4402000000000001,70.22465333333334,2.340821777777778,-5.486476190476191
243.313,-1.4408666666666667,70.23909333333333,2.341303111111111,-5.489015873015873
243.363,-1.4415333333333333,70.25353333333332,2.341784444444444,-5.491555555555555
243.413,-1.4414666666666667,70.268,2.3422666666666667,-5.491301587301587
243.463,-1.4414,70.28247333333334,2.3427491111111114,-5.4910476190476185
243.513,-1.4412666666666667,70.29693999999999,2.343231333333333,-5.490539682539683
243.563,-1.4411333333333334,70.31137333333332,2.343712444444444,-5.490031746031746
243.613,-1.4404000000000001,70.32581333333333,2.3441937777777775,-5.487238095238095
243.663,-1.4396666666666667,70.34025333333334,2.344675111111111,-5.484444444444444
243.713,-1.4398666666666666,70.35472,2.3451573333333333,-5.485206349206349
243.763,-1.4400666666666666,70.36919333333334,2.345639777777778,-5.485968253968253
243.813,-1.4417333333333333,70.38362666666667,2.346120888888889,-5.49231746031746
243.863,-1.4434,70.39806666666667,2.3466022222222223,-5.498666666666667
243.913,-1.4441333333333333,70.41250666666666,2.3470835555555554,-5.501460317460317
243.963,-1.4448666666666667,70.42694,2.3475646666666665,-5.504253968253968
244.013,-1.4450666666666667,70.44141333333333,2.348047111111111,-5.505015873015873
244.063,-1.4456666666666667,70.45588,2.348529333333333,-5.507301587301587
244.113,-1.4462666666666666,70.47031999999999,2.349010666666666,-5.509587301587301
244.163,-1.4468,70.48476000000001,2.349492,-5.511619047619048
244.213,-1.4473333333333334,70.49919333333334,2.3499731111111113,-5.513650793650793
244.263,-1.4478666666666666,70.51362666666667,2.3504542222222224,-5.5156825396825395
244.313,-1.4484,70.5281,2.3509366666666667,-5.517714285714285
244.363,-1.4492,70.54256666666667,2.351418888888889,-5.520761904761905
244.413,-1.45,70.55700666666667,2.351900222222222,-5.523809523809524
244.463,-1.4502666666666668,70.57144666666666,2.352381555555555,-5.524825396825397
244.513,-1.4505333333333332,70.58588,2.3528626666666668,-5.525841269841269
244.563,-1.4498666666666666,70.60035333333333,2.353345111111111,-5.523301587301587
244.613,-1.4492,70.61482,2.3538273333333333,-5.520761904761905
244.663,-1.449,70.62928666666667,2.3543095555555555,-5.52
244.713,-1.4487999999999999,70.64372666666667,2.3547908888888887,-5.519238095238094
244.763,-1.4493333333333331,70.65816,2.355272,-5.521269841269841
244.813,-1.4481333333333335,70.6726,2.3557533333333334,-5.516698412698413
244.863,-1.4469333333333334,70.68706666666667,2.3562355555555556,-5.512126984126984
244.913,-1.445,70.70153333333333,2.3567177777777775,-5.504761904761905
244.963,-1.4430666666666667,70.716,2.3571999999999997,-5.497396825396826
245.013,-1.4417333333333333,70.73044,2.3576813333333333,-5.49231746031746
245.063,-1.4404,70.74487333333333,2.3581624444444444,-5.487238095238094
245.113,-1.4391333333333334,70.75931333333332,2.3586437777777776,-5.482412698412698
245.163,-1.4378666666666666,70.77378,2.3591260000000003,-5.477587301587302
245.213,-1.4362666666666668,70.78824666666667,2.359608222222222,-5.471492063492064
245.264,-1.4346666666666665,70.80272,2.3600906666666663,-5.465396825396825
245.314,-1.4320666666666666,70.81718666666667,2.360572888888889,-5.455492063492063
245.364,-1.4294666666666667,70.83165333333334,2.3610551111111113,-5.4455873015873015
245.414,-1.4273999999999998,70.84612666666666,2.3615375555555556,-5.437714285714285
245.464,-1.4264666666666665,70.86062666666666,2.3620208888888885,-5.434158730158729
245.514,-1.425,70.87512666666666,2.362504222222222,-5.428571428571429
245.564,-1.4253333333333333,70.88959333333334,2.3629864444444446,-5.42984126984127
245.614,-1.4256666666666666,70.90406,2.363468666666667,-5.431111111111111
245.664,-1.4271333333333334,70.91852666666666,2.3639508888888887,-5.436698412698413
245.714,-1.4285999999999999,70.93299999999999,2.364433333333333,-5.442285714285713
245.764,-1.4294666666666667,70.9475,2.364916666666667,-5.4455873015873015
245.814,-1.4303333333333332,70.962,2.3654,-5.448888888888888
245.864,-1.4312,70.97646666666667,2.3658822222222224,-5.452190476190476
245.914,-1.4320666666666668,70.99093333333333,2.3663644444444443,-5.455492063492064
245.964,-1.4340666666666666,71.00540666666666,2.3668468888888885,-5.463111111111111
246.014,-1.4360666666666666,71.01987333333334,2.367329111111111,-5.470730158730158
246.064,-1.4392666666666665,71.03434,2.3678113333333335,-5.482920634920634
246.114,-1.4424666666666668,71.04881333333333,2.3682937777777777,-5.495111111111111
246.164,-1.4452,71.06324666666666,2.3687748888888884,-5.505523809523809
246.214,-1.4469333333333334,71.07768666666666,2.369256222222222,-5.512126984126984
246.264,-1.4486666666666668,71.09212666666667,2.3697375555555555,-5.5187301587301585
246.314,-1.4496,71.10659333333334,2.370219777777778,-5.522285714285714
246.364,-1.4505333333333332,71.12106,2.370702,-5.525841269841269
246.414,-1.4508,71.13553333333333,2.3711844444444443,-5.526857142857143
246.464,-1.4510666666666665,71.14996666666666,2.371665555555555,-5.527873015873015
246.514,-1.4514,71.16440666666668,2.3721468888888895,-5.529142857142857
246.564,-1.4517333333333333,71.17884666666667,2.3726282222222226,-5.5304126984126984
246.614,-1.4536,71.19331333333334,2.3731104444444444,-5.537523809523809
246.664,-1.4554666666666667,71.20778666666666,2.3735928888888886,-5.544634920634921
246.715,-1.457,71.22225333333333,2.374075111111111,-5.55047619047619
246.765,-1.4585333333333332,71.23672,2.3745573333333336,-5.55631746031746
246.815,-1.4588,71.25119333333333,2.375039777777778,-5.557333333333333
246.865,-1.4590666666666665,71.26566,2.3755219999999997,-5.558349206349206
246.915,-1.4588666666666665,71.28016,2.376005333333333,-5.557587301587301
246.965,-1.4582000000000002,71.29466000000001,2.376488666666667,-5.5550476190476195
247.015,-1.4575333333333333,71.30912666666667,2.376970888888889,-5.552507936507936
247.065,-1.4575333333333333,71.32359333333333,2.377453111111111,-5.552507936507936
247.115,-1.4575333333333333,71.33806666666666,2.3779355555555552,-5.552507936507936
247.165,-1.4574666666666667,71.35253333333334,2.378417777777778,-5.552253968253968
247.215,-1.4574,71.36703333333334,2.3789011111111114,-5.552
247.265,-1.4576666666666669,71.38153333333334,2.3793844444444447,-5.553015873015873
247.315,-1.4579333333333333,71.396,2.3798666666666666,-5.554031746031746
247.365,-1.4568,71.41047333333333,2.380349111111111,-5.549714285714286
247.415,-1.4556666666666667,71.42494,2.3808313333333335,-5.545396825396825
247.465,-1.4538666666666666,71.43940666666667,2.381313555555556,-5.538539682539682
247.515,-1.4520666666666666,71.45388,2.381796,-5.5316825396825395
247.565,-1.4514666666666665,71.46834666666668,2.3822782222222227,-5.529396825396824
247.615,-1.4506666666666668,71.48278666666667,2.382759555555556,-5.526349206349207
247.665,-1.4502,71.49722666666666,2.383240888888889,-5.524571428571428
247.715,-1.45,71.51165999999999,2.3837219999999997,-5.523809523809524
247.765,-1.4498,71.52612666666667,2.3842042222222224,-5.5230476190476185
247.815,-1.4498666666666666,71.5406,2.3846866666666666,-5.523301587301587
247.865,-1.4499333333333333,71.55506666666666,2.385168888888889,-5.523555555555555
247.915,-1.45,71.56950666666667,2.3856502222222224,-5.523809523809524
247.965,-1.4500666666666668,71.58394666666666,2.3861315555555556,-5.524063492063492
248.015,-1.4500666666666668,71.59837999999999,2.3866126666666663,-5.524063492063492
248.065,-1.4500666666666668,71.61285333333333,2.387095111111111,-5.524063492063492
248.115,-1.4504,71.62732,2.387577333333333,-5.525333333333332
248.165,-1.4507333333333332,71.64176,2.3880586666666668,-5.526603174603174
248.215,-1.4513333333333334,71.6562,2.38854,-5.528888888888889
248.265,-1.4519333333333333,71.67063333333334,2.3890211111111115,-5.531174603174603
248.315,-1.4525333333333335,71.68507333333334,2.3895024444444446,-5.533460317460317
248.365,-1.4534666666666667,71.69954,2.3899846666666664,-5.537015873015873
248.415,-1.4544,71.71400666666666,2.3904668888888887,-5.540571428571428
248.465,-1.4554,71.72844666666667,2.3909482222222223,-5.544380952380952
248.515,-1.4564,71.74288666666666,2.3914295555555554,-5.5481904761904755
248.565,-1.4567333333333332,71.75731999999999,2.3919106666666665,-5.5494603174603165
248.615,-1.4570666666666667,71.77176,2.392392,-5.5507301587301585
248.665,-1.4573333333333334,71.78622666666666,2.3928742222222223,-5.551746031746031
248.715,-1.4576,71.80069333333334,2.3933564444444446,-5.552761904761905
248.765,-1.4579333333333333,71.81513333333334,2.3938377777777777,-5.554031746031746
248.815,-1.4582666666666666,71.82956666666668,2.3943188888888893,-5.555301587301587
248.865,-1.4594,71.84400666666667,2.3948002222222224,-5.559619047619048
248.915,-1.4605333333333335,71.85847333333332,2.3952824444444443,-5.563936507936508
248.965,-1.4617333333333336,71.87294,2.3957646666666665,-5.568507936507937
249.015,-1.4629333333333332,71.88741333333334,2.396247111111111,-5.573079365079364
249.065,-1.4634,71.90184666666667,2.3967282222222224,-5.574857142857143
249.115,-1.4636,71.91628,2.3972093333333335,-5.575619047619047
249.165,-1.4638,71.93072000000001,2.397690666666667,-5.576380952380952
249.215,-1.4647333333333334,71.94518666666666,2.3981728888888885,-5.579936507936508
249.265,-1.4656666666666667,71.95965333333334,2.398655111111111,-5.583492063492063
249.315,-1.4667999999999999,71.97412666666668,2.399137555555556,-5.587809523809523
249.365,-1.4679333333333335,71.98856,2.399618666666667,-5.592126984126985
249.415,-1.469,72.003,2.4001,-5.596190476190476
249.465,-1.4700666666666669,72.01744000000001,2.4005813333333337,-5.600253968253969
249.515,-1.4712666666666665,72.03190666666666,2.401063555555555,-5.604825396825396
249.565,-1.4724666666666666,72.04638,2.401546,-5.609396825396825
249.616,-1.4729333333333334,72.06084666666668,2.4020282222222225,-5.611174603174604
249.666,-1.4734,72.07531333333333,2.4025104444444443,-5.612952380952381
249.716,-1.4736666666666667,72.08978,2.402992666666667,-5.613968253968253
249.766,-1.4739333333333335,72.10424666666667,2.403474888888889,-5.614984126984128
249.816,-1.4747999999999999,72.11874666666667,2.403958222222222,-5.618285714285713
249.866,-1.4761333333333333,72.13324666666668,2.404441555555556,-5.623365079365079
249.916,-1.4774666666666667,72.14771333333333,2.4049237777777774,-5.628444444444444
249.966,-1.4778666666666667,72.16218,2.405406,-5.629968253968253
250.016,-1.4782666666666666,72.17665333333333,2.4058884444444444,-5.631492063492063
250.066,-1.4778,72.19112,2.4063706666666667,-5.629714285714286
250.116,-1.4773333333333334,72.20562,2.406854,-5.627936507936508
250.166,-1.4768666666666668,72.22012,2.407337333333333,-5.62615873015873
250.216,-1.4764000000000002,72.23458666666667,2.4078195555555557,-5.624380952380953
250.266,-1.4752666666666667,72.24906000000001,2.4083020000000004,-5.620063492063492
250.316,-1.4741333333333335,72.26352666666666,2.408784222222222,-5.615746031746032
250.366,-1.4727333333333334,72.27799333333334,2.409266444444445,-5.6104126984126985
250.416,-1.4713333333333334,72.29245999999999,2.4097486666666663,-5.605079365079365
250.466,-1.4702,72.30693333333333,2.410231111111111,-5.600761904761904
250.516,-1.4694,72.32136666666666,2.410712222222222,-5.597714285714286
250.566,-1.4685333333333332,72.33580666666667,2.4111935555555557,-5.594412698412698
250.616,-1.4667999999999999,72.35024666666666,2.411674888888889,-5.587809523809523
250.666,-1.4650666666666665,72.36471333333334,2.4121571111111115,-5.581206349206348
250.716,-1.464,72.37918666666666,2.4126395555555553,-5.5771428571428565
250.766,-1.4629333333333332,72.39365333333333,2.4131217777777776,-5.573079365079364
250.816,-1.4623333333333333,72.40809333333333,2.4136031111111107,-5.57079365079365
250.866,-1.4617333333333336,72.42253333333333,2.4140844444444443,-5.568507936507937
250.916,-1.4612666666666667,72.43696666666666,2.4145655555555554,-5.5667301587301585
250.966,-1.4607999999999999,72.45144,2.415048,-5.564952380952381
251.016,-1.4614,72.46590666666667,2.4155302222222224,-5.567238095238095
251.067,-1.462,72.48037333333333,2.4160124444444446,-5.569523809523809
251.117,-1.4626666666666668,72.49484000000001,2.416494666666667,-5.572063492063492
251.167,-1.4633333333333334,72.50931333333332,2.4169771111111107,-5.574603174603174
251.217,-1.4642000000000002,72.52378,2.4174593333333334,-5.577904761904763
251.267,-1.4648,72.53828,2.417942666666667,-5.580190476190476
251.317,-1.4654,72.55278,2.4184259999999997,-5.58247619047619
251.367,-1.4662666666666666,72.56724666666668,2.4189082222222225,-5.5857777777777775
251.417,-1.4671333333333334,72.58171999999999,2.4193906666666662,-5.589079365079365
251.467,-1.4675333333333331,72.59618666666667,2.419872888888889,-5.5906031746031735
251.517,-1.4679333333333333,72.61065333333333,2.4203551111111112,-5.592126984126984
251.567,-1.4686,72.62515333333334,2.4208384444444446,-5.594666666666666
251.617,-1.4692666666666667,72.63965333333334,2.421321777777778,-5.597206349206349
251.667,-1.4692,72.65412666666666,2.421804222222222,-5.596952380952381
251.717,-1.4691333333333332,72.66859333333333,2.4222864444444445,-5.596698412698412
251.767,-1.4679333333333333,72.68306,2.422768666666667,-5.592126984126984
251.817,-1.4667333333333334,72.69753333333333,2.423251111111111,-5.587555555555555
251.867,-1.4652,72.71200666666667,2.4237335555555557,-5.581714285714286
251.917,-1.463666666666667,72.72647333333333,2.4242157777777775,-5.575873015873016
251.967,-1.4616666666666667,72.74091333333334,2.424697111111111,-5.568253968253968
252.017,-1.4605333333333335,72.75535333333333,2.425178444444444,-5.563936507936508
252.067,-1.4594,72.76978666666668,2.425659555555556,-5.559619047619048
252.117,-1.4586000000000001,72.78425999999999,2.4261419999999996,-5.556571428571429
252.167,-1.4578,72.79872666666667,2.4266242222222223,-5.553523809523809
252.217,-1.4564666666666668,72.81319333333334,2.427106444444445,-5.548444444444445
252.267,-1.4551333333333334,72.82763333333334,2.427587777777778,-5.5433650793650795
252.317,-1.4533333333333334,72.84206666666667,2.428068888888889,-5.536507936507936
252.367,-1.4515333333333333,72.85650666666668,2.4285502222222224,-5.529650793650793
252.417,-1.4506666666666668,72.87097333333332,2.429032444444444,-5.526349206349207
252.467,-1.4498,72.88544,2.429514666666667,-5.5230476190476185
252.517,-1.4496,72.89988,2.429996,-5.522285714285714
252.567,-1.4494,72.91431333333334,2.430477111111111,-5.521523809523809
252.617,-1.4498666666666666,72.92874666666667,2.4309582222222224,-5.523301587301587
252.667,-1.4503333333333333,72.94318666666666,2.4314395555555555,-5.525079365079365
252.717,-1.4509333333333332,72.95765333333334,2.431921777777778,-5.527365079365079
252.767,-1.4500666666666668,72.97211999999999,2.4324039999999996,-5.524063492063492
252.817,-1.4492,72.98656,2.432885333333333,-5.520761904761905
252.867,-1.4486666666666668,73.00099333333334,2.4333664444444447,-5.5187301587301585
252.917,-1.4481333333333335,73.01543333333333,2.433847777777778,-5.516698412698413
252.967,-1.4485333333333332,73.02987333333334,2.4343291111111114,-5.518222222222222
253.017,-1.4489333333333332,73.04433999999999,2.434811333333333,-5.519746031746031
253.067,-1.4497333333333333,73.05881333333333,2.435293777777778,-5.52279365079365
253.117,-1.4505333333333332,73.07324666666666,2.4357748888888886,-5.525841269841269
253.167,-1.4511333333333334,73.08768666666667,2.436256222222222,-5.528126984126984
253.217,-1.4517333333333333,73.10212666666666,2.4367375555555553,-5.5304126984126984
253.267,-1.4517333333333333,73.11659333333334,2.437219777777778,-5.5304126984126984
253.317,-1.4517333333333333,73.13105999999999,2.437702,-5.5304126984126984
253.367,-1.4512666666666665,73.14553333333333,2.4381844444444445,-5.52863492063492
253.417,-1.4514,73.15996666666666,2.438665555555555,-5.529142857142857
253.467,-1.4515333333333333,73.17440666666667,2.439146888888889,-5.529650793650793
253.517,-1.4521333333333333,73.18884666666666,2.4396282222222223,-5.531936507936507
253.567,-1.4527333333333334,73.20331333333334,2.4401104444444446,-5.534222222222223
253.617,-1.4526666666666666,73.21778666666667,2.440592888888889,-5.533968253968253
253.667,-1.4526000000000001,73.23225333333333,2.441075111111111,-5.533714285714286
253.717,-1.4520666666666666,73.24669333333333,2.441556444444444,-5.5316825396825395
253.767,-1.4515333333333333,73.26113333333333,2.4420377777777778,-5.529650793650793
253.817,-1.4498666666666666,73.27556666666666,2.442518888888889,-5.523301587301587
253.867,-1.4482,73.29004,2.4430013333333336,-5.516952380952381
253.917,-1.4467333333333334,73.30450666666667,2.4434835555555554,-5.5113650793650795
253.968,-1.4452666666666665,73.31897333333333,2.4439657777777777,-5.5057777777777765
254.018,-1.4438,73.33344000000001,2.4444480000000004,-5.500190476190475
254.068,-1.4423333333333335,73.34791333333332,2.444930444444444,-5.494603174603175
254.118,-1.4411999999999998,73.36238,2.445412666666667,-5.490285714285713
254.168,-1.4396,73.37688,2.445896,-5.484190476190476
254.218,-1.438,73.39138,2.4463793333333332,-5.4780952380952375
254.268,-1.4362666666666668,73.40584666666668,2.446861555555556,-5.471492063492064
254.318,-1.4345333333333334,73.42031999999999,2.4473439999999997,-5.464888888888889
254.368,-1.4330666666666665,73.43478666666667,2.4478262222222225,-5.459301587301586
254.418,-1.4316,73.44925333333335,2.4483084444444447,-5.453714285714286
254.468,-1.4308,73.46375333333334,2.448791777777778,-5.450666666666667
254.518,-1.43,73.47825333333334,2.4492751111111115,-5.447619047619047
254.568,-1.4305333333333332,73.49272666666667,2.4497575555555557,-5.449650793650793
254.618,-1.4310666666666667,73.50719333333333,2.4502397777777776,-5.4516825396825395
254.668,-1.4319333333333333,73.52166000000001,2.4507220000000003,-5.454984126984127
254.718,-1.4328,73.53612666666666,2.451204222222222,-5.458285714285714
254.768,-1.434,73.5506,2.451686666666667,-5.462857142857143
254.818,-1.4351999999999998,73.56506666666668,2.4521688888888895,-5.46742857142857
254.868,-1.4364666666666668,73.57950666666667,2.4526502222222226,-5.472253968253969
254.918,-1.4376,73.59394666666667,2.4531315555555557,-5.476571428571428
254.968,-1.4387333333333332,73.60838,2.4536126666666664,-5.480888888888888
255.018,-1.4397333333333333,73.62285333333332,2.4540951111111107,-5.484698412698412
255.068,-1.4407333333333334,73.63732,2.4545773333333334,-5.488507936507936
255.118,-1.4417333333333333,73.65178666666667,2.4550595555555557,-5.49231746031746
255.168,-1.4427333333333332,73.66622666666667,2.455540888888889,-5.496126984126984
255.218,-1.4431333333333332,73.68066,2.456022,-5.497650793650792
255.268,-1.4435333333333333,73.6951,2.456503333333333,-5.499174603174603
255.318,-1.4435333333333333,73.70956666666666,2.4569855555555553,-5.499174603174603
255.368,-1.4435333333333333,73.72403333333334,2.457467777777778,-5.499174603174603
255.419,-1.4424,73.7385,2.45795,-5.494857142857143
255.469,-1.4412666666666667,73.75297333333333,2.4584324444444445,-5.490539682539683
255.519,-1.4397333333333333,73.76744000000001,2.458914666666667,-5.484698412698412
255.569,-1.4385333333333332,73.78190666666666,2.4593968888888886,-5.480126984126984
255.619,-1.4371333333333332,73.79640666666667,2.4598802222222225,-5.47479365079365
255.669,-1.4357333333333335,73.81090666666667,2.4603635555555554,-5.469460317460318
255.719,-1.4343333333333335,73.82538,2.4608459999999996,-5.464126984126985
255.769,-1.4335999999999998,73.83984666666667,2.4613282222222224,-5.461333333333332
255.819,-1.4328666666666665,73.85431333333332,2.461810444444444,-5.458539682539682
255.869,-1.4325333333333332,73.86878666666667,2.462292888888889,-5.457269841269841
255.919,-1.4322000000000001,73.88328666666666,2.4627762222222223,-5.456
255.969,-1.4326666666666665,73.89778666666666,2.463259555555555,-5.457777777777777
256.019,-1.4331333333333334,73.91225333333334,2.463741777777778,-5.459555555555555
256.069,-1.4333333333333333,73.92671999999999,2.4642239999999997,-5.4603174603174605
256.119,-1.4335333333333333,73.94118666666667,2.464706222222222,-5.461079365079365
256.169,-1.4336,73.95566000000001,2.465188666666667,-5.461333333333333
256.219,-1.4336666666666666,73.97012666666666,2.4656708888888885,-5.4615873015873015
256.269,-1.4341333333333333,73.98459333333334,2.4661531111111112,-5.4633650793650785
256.319,-1.4348666666666667,73.99903333333333,2.4666344444444444,-5.46615873015873
256.369,-1.4356,74.01346666666667,2.467115555555556,-5.468952380952381
256.419,-1.4362666666666668,74.02790666666667,2.467596888888889,-5.471492063492064
256.469,-1.4369333333333334,74.04237333333334,2.4680791111111113,-5.474031746031746
256.519,-1.4369333333333334,74.05684,2.468561333333333,-5.474031746031746
256.569,-1.4369333333333334,74.07131333333334,2.469043777777778,-5.474031746031746
256.619,-1.4356666666666666,74.08574666666667,2.469524888888889,-5.469206349206349
256.669,-1.4344,74.10018666666666,2.470006222222222,-5.464380952380952
256.719,-1.4308666666666667,74.11462666666667,2.4704875555555557,-5.450920634920635
256.769,-1.4273333333333333,74.12909333333333,2.4709697777777775,-5.437460317460317
256.819,-1.4243999999999999,74.14356,2.4714519999999998,-5.426285714285713
256.869,-1.4214666666666667,74.15799999999999,2.471933333333333,-5.415111111111111
256.919,-1.4199333333333333,74.17243333333333,2.4724144444444445,-5.409269841269841
256.969,-1.4183999999999999,74.18687333333334,2.472895777777778,-5.403428571428571
257.019,-1.4182,74.20131333333333,2.473377111111111,-5.402666666666666
257.069,-1.4176666666666666,74.21578,2.473859333333333,-5.4006349206349205
257.119,-1.4171333333333334,74.23025333333334,2.474341777777778,-5.398603174603174
257.169,-1.4158666666666666,74.24468666666667,2.474822888888889,-5.393777777777777
257.219,-1.4146,74.25912666666666,2.475304222222222,-5.388952380952381
257.269,-1.4131333333333334,74.27356666666667,2.4757855555555555,-5.383365079365079
257.319,-1.4116666666666666,74.288,2.4762666666666666,-5.377777777777777
257.369,-1.4108666666666667,74.30247333333334,2.4767491111111113,-5.374730158730158
257.419,-1.4100666666666666,74.31694,2.4772313333333336,-5.371682539682539
257.469,-1.4105333333333334,74.33137333333335,2.4777124444444447,-5.373460317460317
257.519,-1.411,74.34581333333334,2.478193777777778,-5.375238095238095
257.569,-1.4109333333333334,74.36025333333333,2.478675111111111,-5.374984126984127
257.619,-1.4108666666666667,74.37472,2.479157333333333,-5.374730158730158
257.669,-1.4100666666666666,74.38919333333334,2.479639777777778,-5.371682539682539
257.719,-1.4092666666666667,74.40366,2.480122,-5.36863492063492
257.769,-1.4076,74.41810000000001,2.4806033333333337,-5.362285714285714
257.819,-1.4062,74.43254,2.481084666666667,-5.3569523809523805
257.869,-1.4048,74.44697333333333,2.4815657777777775,-5.351619047619048
257.919,-1.4037333333333335,74.46144666666667,2.4820482222222227,-5.347555555555556
257.969,-1.4026666666666665,74.47591333333334,2.4825304444444445,-5.343492063492063
258.019,-1.4019333333333333,74.49038,2.4830126666666668,-5.340698412698412
258.069,-1.4012,74.50482000000001,2.4834940000000003,-5.3379047619047615
258.119,-1.4003333333333332,74.51925333333334,2.4839751111111115,-5.334603174603174
258.169,-1.3994666666666666,74.53368666666667,2.484456222222222,-5.331301587301587
258.219,-1.3988,74.54816000000001,2.484938666666667,-5.328761904761905
258.269,-1.3981333333333335,74.56262666666666,2.4854208888888887,-5.326222222222222
258.32,-1.3980666666666666,74.57709333333334,2.4859031111111114,-5.325968253968253
258.37,-1.398,74.59156666666667,2.4863855555555556,-5.325714285714285
258.42,-1.3984666666666667,74.60603333333333,2.4868677777777775,-5.3274920634920635
258.47,-1.3994666666666666,74.62049999999999,2.4873499999999997,-5.331301587301587
258.52,-1.4001333333333332,74.635,2.4878333333333336,-5.333841269841269
258.57,-1.4002000000000001,74.6495,2.488316666666667,-5.334095238095238
258.62,-1.4002666666666668,74.66397333333333,2.488799111111111,-5.334349206349207
258.67,-1.4007333333333334,74.67844,2.489281333333333,-5.3361269841269845
258.72,-1.4012,74.69290666666666,2.4897635555555553,-5.3379047619047615
258.77,-1.4014666666666666,74.70737333333334,2.490245777777778,-5.338920634920634
258.82,-1.4017333333333333,74.72187333333333,2.490729111111111,-5.339936507936508
258.87,-1.4030666666666667,74.73637333333333,2.4912124444444443,-5.345015873015873
258.92,-1.4043999999999999,74.75084666666666,2.4916948888888886,-5.350095238095237
258.97,-1.4061333333333332,74.76531333333332,2.492177111111111,-5.356698412698412
259.02,-1.4078666666666666,74.77978,2.4926593333333336,-5.363301587301587
259.07,-1.4088666666666667,74.79425333333333,2.493141777777778,-5.367111111111111
259.12,-1.4098666666666666,74.80872,2.4936239999999996,-5.370920634920634
259.17,-1.4101333333333335,74.82318666666667,2.4941062222222223,-5.371936507936508
259.22,-1.4094,74.83762666666667,2.4945875555555554,-5.369142857142857
259.27,-1.4086666666666665,74.85206,2.4950686666666666,-5.366349206349206
259.32,-1.4077333333333333,74.8665,2.49555,-5.36279365079365
259.37,-1.4068,74.88096666666667,2.496032222222222,-5.359238095238095
259.42,-1.4066,74.89543333333333,2.4965144444444443,-5.358476190476191
259.47,-1.4064,74.90990000000001,2.496996666666667,-5.357714285714286
259.52,-1.407,74.92434,2.497478,-5.36
259.57,-1.4076,74.93877333333333,2.497959111111111,-5.362285714285714
259.62,-1.4071333333333333,74.95321333333332,2.498440444444444,-5.360507936507936
259.67,-1.4066666666666667,74.96768,2.4989226666666666,-5.358730158730158
259.72,-1.4053333333333333,74.98214666666667,2.499404888888889,-5.353650793650793
259.771,-1.404,74.99662,2.499887333333333,-5.348571428571428
259.821,-1.4054666666666666,75.01108666666667,2.500369555555556,-5.35415873015873
259.871,-1.4069333333333334,75.02555333333333,2.5008517777777777,-5.359746031746032
259.921,-1.4124,75.04002666666666,2.501334222222222,-5.380571428571429
259.971,-1.4191333333333334,75.05452666666666,2.5018175555555553,-5.4062222222222225
260.021,-1.4258666666666666,75.06902666666666,2.5023008888888887,-5.431873015873015
260.071,-1.4324000000000001,75.08349333333334,2.5027831111111114,-5.456761904761905
260.121,-1.4389333333333334,75.09796,2.5032653333333332,-5.481650793650794
260.171,-1.4430666666666667,75.11242666666666,2.5037475555555555,-5.497396825396826
260.221,-1.4471999999999998,75.12689999999999,2.5042299999999997,-5.5131428571428565
260.271,-1.4476666666666667,75.1414,2.5047133333333336,-5.514920634920634
260.321,-1.4481333333333335,75.1559,2.505196666666667,-5.516698412698413
260.371,-1.4485999999999999,75.17036666666667,2.505678888888889,-5.51847619047619
260.421,-1.4490666666666667,75.18483333333333,2.506161111111111,-5.520253968253968
260.471,-1.4498666666666666,75.19930666666666,2.5066435555555553,-5.523301587301587
260.521,-1.4506666666666668,75.21377333333334,2.507125777777778,-5.526349206349207
260.571,-1.4494666666666667,75.22824,2.507608,-5.5217777777777775
260.621,-1.4482666666666666,75.24271333333333,2.508090444444444,-5.517206349206349
260.671,-1.4437333333333333,75.25714666666666,2.508571555555555,-5.499936507936508
260.721,-1.4385333333333332,75.27158666666666,2.5090528888888888,-5.480126984126984
260.771,-1.4333333333333333,75.28602666666667,2.5095342222222223,-5.4603174603174605
260.821,-1.4286666666666668,75.30049333333334,2.5100164444444446,-5.442539682539683
260.871,-1.424,75.31496,2.5104986666666664,-5.424761904761905
260.921,-1.4208,75.32943333333333,2.510981111111111,-5.412571428571429
260.971,-1.4176,75.34386666666666,2.511462222222222,-5.400380952380952
261.021,-1.4167333333333334,75.35830666666668,2.511943555555556,-5.397079365079365
261.071,-1.4158666666666666,75.37274666666667,2.512424888888889,-5.393777777777777
261.121,-1.4147333333333334,75.38721333333334,2.512907111111111,-5.389460317460317
261.171,-1.4136,75.40168666666666,2.5133895555555554,-5.385142857142857
261.221,-1.4131333333333334,75.41612,2.513870666666667,-5.383365079365079
261.271,-1.4126666666666665,75.43056,2.514352,-5.381587301587301
261.321,-1.4118666666666668,75.445,2.5148333333333333,-5.3785396825396825
261.371,-1.4103333333333334,75.45943333333334,2.5153144444444444,-5.372698412698413
261.421,-1.4085333333333334,75.47390666666666,2.5157968888888886,-5.36584126984127
261.471,-1.406,75.48837333333333,2.516279111111111,-5.356190476190475
261.521,-1.4034666666666666,75.50280666666666,2.516760222222222,-5.3465396825396825
261.571,-1.4006666666666665,75.51724666666668,2.517241555555556,-5.335873015873015
261.621,-1.3978666666666666,75.53168666666667,2.517722888888889,-5.325206349206349
261.671,-1.3958666666666666,75.54612,2.518204,-5.317587301587301
261.721,-1.3938666666666668,75.56059333333333,2.518686444444444,-5.309968253968254
261.771,-1.3935333333333333,75.57506,2.5191686666666664,-5.308698412698412
261.821,-1.3932,75.5895,2.51965,-5.307428571428571
261.871,-1.395,75.60394,2.520131333333333,-5.314285714285714
261.921,-1.3967999999999998,75.61837333333332,2.520612444444444,-5.321142857142856
261.971,-1.3985999999999998,75.63284666666667,2.521094888888889,-5.327999999999999
262.021,-1.4004,75.64731333333333,2.521577111111111,-5.334857142857143
262.071,-1.4007333333333334,75.66178,2.522059333333333,-5.3361269841269845
262.121,-1.4005333333333332,75.67622,2.5225406666666665,-5.335365079365078
262.171,-1.4003333333333332,75.69065333333333,2.5230217777777777,-5.334603174603174
262.221,-1.4008666666666665,75.70509333333332,2.523503111111111,-5.3366349206349195
262.271,-1.4014,75.71956666666667,2.5239855555555555,-5.338666666666667
262.321,-1.4017333333333333,75.73403333333334,2.524467777777778,-5.339936507936508
262.371,-1.4020666666666666,75.74849999999999,2.5249499999999996,-5.341206349206349
262.421,-1.4017333333333333,75.76294,2.525431333333333,-5.339936507936508
262.471,-1.4014,75.77737333333333,2.5259124444444443,-5.338666666666667
262.521,-1.4004,75.79181333333332,2.5263937777777774,-5.334857142857143
262.571,-1.3994,75.80628,2.526876,-5.331047619047618
262.621,-1.3965999999999998,75.82074666666668,2.527358222222223,-5.320380952380952
262.672,-1.3938,75.83521999999999,2.5278406666666666,-5.309714285714286
262.722,-1.39,75.84968666666667,2.528322888888889,-5.295238095238095
262.772,-1.3861999999999999,75.86415333333333,2.528805111111111,-5.280761904761904
262.822,-1.3831333333333333,75.87862666666666,2.5292875555555554,-5.269079365079365
262.872,-1.3812,75.89312666666666,2.529770888888889,-5.261714285714286
262.922,-1.3792666666666666,75.90762666666666,2.5302542222222217,-5.254349206349206
262.972,-1.377,75.92209333333334,2.5307364444444445,-5.2457142857142856
263.022,-1.3747333333333331,75.93656,2.5312186666666667,-5.237079365079365
263.072,-1.3736666666666666,75.95102666666666,2.531700888888889,-5.233015873015873
263.122,-1.3725999999999998,75.9655,2.5321833333333337,-5.22895238095238
263.172,-1.372,75.98,2.5326666666666666,-5.226666666666667
263.222,-1.3714000000000002,75.9945,2.53315,-5.224380952380953
263.272,-1.3678,76.00896666666668,2.5336322222222227,-5.210666666666666
263.322,-1.3642,76.02343333333333,2.534114444444444,-5.196952380952381
263.372,-1.3603999999999998,76.03790666666667,2.5345968888888892,-5.18247619047619
263.422,-1.3566,76.05237333333334,2.535079111111111,-5.168
263.472,-1.3538000000000001,76.06684,2.5355613333333333,-5.157333333333334
263.522,-1.351,76.08131333333334,2.536043777777778,-5.1466666666666665
263.572,-1.3494666666666668,76.09574666666667,2.536524888888889,-5.140825396825397
263.622,-1.349,76.11018666666668,2.5370062222222227,-5.139047619047619
263.672,-1.3485333333333334,76.12462666666667,2.537487555555556,-5.137269841269841
263.722,-1.3482666666666667,76.13909333333332,2.537969777777777,-5.1362539682539685
263.772,-1.348,76.15356,2.538452,-5.135238095238095
263.822,-1.3468000000000002,76.16803333333334,2.5389344444444446,-5.130666666666667
263.872,-1.3456000000000001,76.18246666666667,2.5394155555555558,-5.126095238095238
263.922,-1.3436666666666668,76.19690666666666,2.539896888888889,-5.118730158730159
263.972,-1.3417333333333334,76.21134666666667,2.5403782222222224,-5.11136507936508
264.022,-1.3434666666666668,76.22581333333333,2.5408604444444447,-5.117968253968255
264.072,-1.3452,76.24028666666666,2.541342888888889,-5.1245714285714286
264.123,-1.3479333333333334,76.25475333333334,2.541825111111111,-5.134984126984127
264.173,-1.3506666666666667,76.26921999999999,2.542307333333333,-5.145396825396825
264.223,-1.3528666666666667,76.28369333333333,2.5427897777777777,-5.153777777777777
264.273,-1.3538666666666666,76.29816000000001,2.5432720000000004,-5.157587301587301
264.323,-1.3543333333333334,76.31266000000001,2.543755333333334,-5.159365079365079
264.373,-1.3543333333333334,76.32716,2.5442386666666668,-5.159365079365079
264.423,-1.3543333333333334,76.34162666666666,2.5447208888888886,-5.159365079365079
264.473,-1.3543999999999998,76.35609333333333,2.5452031111111113,-5.159619047619047
264.523,-1.3544666666666667,76.37056666666668,2.545685555555556,-5.159873015873016
264.573,-1.3534666666666666,76.38503333333333,2.5461677777777774,-5.156063492063492
264.623,-1.3524666666666667,76.39953333333332,2.5466511111111108,-5.1522539682539685
264.673,-1.3513333333333333,76.41403333333332,2.547134444444444,-5.147936507936508
264.723,-1.3502,76.4285,2.547616666666667,-5.1436190476190475
264.773,-1.3484,76.44297333333334,2.5480991111111115,-5.136761904761904
264.823,-1.3466,76.45743999999999,2.548581333333333,-5.129904761904762
264.873,-1.3452666666666666,76.47190666666667,2.5490635555555556,-5.124825396825396
264.923,-1.3439333333333332,76.48638,2.549546,-5.119746031746031
264.973,-1.3436,76.50084666666666,2.550028222222222,-5.11847619047619
265.023,-1.346,76.51528666666667,2.5505095555555557,-5.1276190476190475
265.073,-1.3484,76.52972666666666,2.550990888888889,-5.136761904761904
265.123,-1.3515333333333333,76.54415999999999,2.5514719999999995,-5.148698412698412
265.173,-1.3546666666666667,76.55862666666667,2.5519542222222222,-5.16063492063492
265.223,-1.3582,76.57310000000001,2.552436666666667,-5.174095238095238
265.273,-1.3617333333333332,76.58756666666666,2.5529188888888887,-5.187555555555555
265.323,-1.3665333333333334,76.60200666666667,2.5534002222222223,-5.20584126984127
265.373,-1.3713333333333333,76.61644666666666,2.5538815555555554,-5.2241269841269835
265.423,-1.3769333333333333,76.63087999999999,2.5543626666666666,-5.245460317460317
265.473,-1.3825333333333334,76.64535333333333,2.5548451111111112,-5.266793650793651
265.523,-1.3882,76.65982000000001,2.5553273333333335,-5.288380952380953
265.573,-1.3938666666666668,76.67426,2.5558086666666666,-5.309968253968254
265.623,-1.3982666666666668,76.6887,2.5562899999999997,-5.326730158730159
265.673,-1.4026666666666665,76.70313333333334,2.5567711111111113,-5.343492063492063
265.723,-1.4065333333333332,76.71757333333333,2.5572524444444444,-5.3582222222222216
265.773,-1.4088666666666667,76.73204000000001,2.557734666666667,-5.367111111111111
265.823,-1.4112,76.74650666666666,2.5582168888888885,-5.3759999999999994
265.873,-1.4123333333333332,76.76094666666667,2.558698222222222,-5.3803174603174595
265.923,-1.4134666666666666,76.77538666666666,2.559179555555555,-5.38463492063492
265.973,-1.4142666666666666,76.78981999999999,2.5596606666666664,-5.387682539682539
266.023,-1.4150666666666667,76.80426000000001,2.5601420000000004,-5.390730158730158
266.073,-1.4152666666666667,76.81872666666666,2.560624222222222,-5.391492063492064
266.123,-1.4154666666666667,76.83319333333334,2.561106444444445,-5.392253968253968
266.173,-1.4149999999999998,76.84763333333333,2.561587777777778,-5.39047619047619
266.223,-1.4145333333333334,76.86206666666666,2.5620688888888887,-5.388698412698413
266.273,-1.4138,76.87650666666667,2.5625502222222223,-5.3859047619047615
266.323,-1.4130666666666665,76.89097333333332,2.563032444444444,-5.38311111111111
266.373,-1.4132,76.90544,2.563514666666667,-5.383619047619048
266.423,-1.413,76.91991333333334,2.5639971111111115,-5.382857142857143
266.473,-1.4123333333333332,76.93434666666667,2.564478222222222,-5.3803174603174595
266.523,-1.4116,76.94878,2.5649593333333334,-5.377523809523809
266.573,-1.4108666666666667,76.96322,2.565440666666667,-5.374730158730158
266.623,-1.4104666666666668,76.97768666666667,2.565922888888889,-5.37320634920635
266.673,-1.4100666666666666,76.99215333333333,2.566405111111111,-5.371682539682539
266.723,-1.4090666666666667,77.00662666666668,2.5668875555555557,-5.367873015873016
266.773,-1.4080666666666666,77.02106,2.567368666666667,-5.364063492063491
266.823,-1.4078666666666666,77.0355,2.56785,-5.363301587301587
266.873,-1.4076666666666666,77.04994,2.5683313333333335,-5.3625396825396825
266.923,-1.4054,77.06440666666667,2.568813555555556,-5.3539047619047615
266.973,-1.4031333333333333,77.07888,2.569296,-5.345269841269841
267.024,-1.3978,77.09334666666668,2.5697782222222227,-5.32495238095238
267.074,-1.3924666666666667,77.10781333333333,2.570260444444444,-5.30463492063492
267.124,-1.3878,77.12228666666667,2.570742888888889,-5.2868571428571425
267.174,-1.3847333333333334,77.13675333333335,2.5712251111111115,-5.275174603174603
267.224,-1.3816666666666668,77.15125333333334,2.571708444444445,-5.2634920634920634
267.274,-1.3782,77.16575333333334,2.572191777777778,-5.250285714285714
267.324,-1.3747333333333336,77.18021999999999,2.5726739999999997,-5.2370793650793654
267.374,-1.3702666666666667,77.19468666666667,2.5731562222222224,-5.220063492063492
267.424,-1.3658000000000001,77.20916000000001,2.573638666666667,-5.203047619047619
267.474,-1.3608666666666667,77.22362666666666,2.574120888888889,-5.184253968253968
267.524,-1.3559333333333332,77.23812666666666,2.574604222222222,-5.165460317460317
267.574,-1.3500666666666667,77.25262666666667,2.5750875555555557,-5.143111111111112
267.624,-1.3442,77.26709333333334,2.575569777777778,-5.120761904761904
267.674,-1.3402666666666667,77.28156666666668,2.5760522222222226,-5.105777777777778
267.724,-1.3363333333333334,77.29603333333333,2.576534444444444,-5.090793650793651
267.774,-1.3354666666666666,77.3105,2.5770166666666667,-5.087492063492063
267.824,-1.3345999999999998,77.32497333333335,2.5774991111111114,-5.084190476190475
267.874,-1.3331333333333333,77.33944,2.5779813333333332,-5.078603174603174
267.924,-1.3298666666666668,77.35387333333333,2.5784624444444444,-5.0661587301587305
267.974,-1.3266,77.36831333333333,2.578943777777778,-5.053714285714285
268.024,-1.3216666666666665,77.38275333333333,2.579425111111111,-5.034920634920634
268.074,-1.316733333333333,77.39722,2.5799073333333333,-5.016126984126983
268.124,-1.3123333333333334,77.41169333333333,2.5803897777777776,-4.999365079365079
268.174,-1.3079333333333334,77.42616,2.580872,-4.982603174603175
268.224,-1.305,77.44059999999999,2.581353333333333,-4.971428571428571
268.274,-1.3020666666666665,77.45504000000001,2.581834666666667,-4.9602539682539675
268.324,-1.2990666666666668,77.46947333333334,2.582315777777778,-4.948825396825397
268.374,-1.2960666666666667,77.48394666666667,2.5827982222222223,-4.937396825396825
268.424,-1.2932666666666668,77.49841333333333,2.5832804444444446,-4.926730158730159
268.475,-1.2904666666666667,77.51288,2.5837626666666664,-4.916063492063492
268.525,-1.2870666666666666,77.52734666666667,2.584244888888889,-4.9031111111111105
268.575,-1.2836666666666665,77.54181333333332,2.584727111111111,-4.8901587301587295
268.625,-1.2793999999999999,77.55628,2.5852093333333332,-4.873904761904761
268.675,-1.2755333333333332,77.57078,2.5856926666666666,-4.859174603174602
268.725,-1.2716666666666667,77.58528,2.586176,-4.844444444444444
268.775,-1.2701333333333333,77.59974666666668,2.5866582222222223,-4.838603174603175
268.825,-1.2686,77.61421999999999,2.587140666666666,-4.832761904761904
268.875,-1.2673333333333332,77.62868666666667,2.587622888888889,-4.827936507936507
268.925,-1.2660666666666667,77.64315333333334,2.5881051111111115,-4.823111111111111
268.975,-1.2638666666666665,77.65765333333334,2.588588444444445,-4.814730158730158
269.025,-1.2616666666666667,77.67215333333334,2.589071777777778,-4.806349206349206
269.075,-1.2614666666666667,77.68662666666667,2.589554222222222,-4.805587301587302
269.125,-1.2612666666666668,77.70109333333333,2.5900364444444444,-4.804825396825397
269.175,-1.2620666666666667,77.71556000000001,2.590518666666667,-4.807873015873016
269.225,-1.2628666666666666,77.73002666666666,2.5910008888888885,-4.810920634920635
269.275,-1.2648,77.7445,2.5914833333333336,-4.818285714285714
269.325,-1.267,77.75896666666668,2.591965555555556,-4.826666666666666
269.375,-1.2694,77.77340666666667,2.592446888888889,-4.835809523809524
269.425,-1.2730666666666666,77.78784666666667,2.592928222222222,-4.849777777777777
269.475,-1.2767333333333333,77.80228000000001,2.5934093333333337,-4.8637460317460315
269.525,-1.2804,77.81675333333332,2.5938917777777775,-4.877714285714285
269.575,-1.2840666666666667,77.83122,2.594374,-4.89168253968254
269.625,-1.2877333333333332,77.84568666666668,2.5948562222222225,-4.905650793650793
269.675,-1.2913999999999999,77.86012666666667,2.5953375555555556,-4.919619047619047
269.725,-1.2949333333333333,77.87456,2.5958186666666667,-4.933079365079364
269.775,-1.2984666666666667,77.889,2.5963,-4.946539682539682
269.825,-1.3,77.90346666666666,2.596782222222222,-4.9523809523809526
269.875,-1.3015333333333332,77.91793333333334,2.5972644444444444,-4.958222222222221
269.925,-1.3035333333333334,77.93237333333333,2.5977457777777775,-4.96584126984127
269.975,-1.3055333333333332,77.94681333333332,2.5982271111111106,-4.973460317460317
270.025,-1.3086666666666666,77.96124666666667,2.598708222222222,-4.985396825396825
270.075,-1.3118,77.97568666666666,2.5991895555555553,-4.997333333333334
270.125,-1.3149333333333333,77.99015333333334,2.599671777777778,-5.009269841269841
270.175,-1.3164666666666667,78.00462,2.6001540000000003,-5.015111111111111
270.225,-1.318,78.01906000000001,2.600635333333334,-5.020952380952381
270.275,-1.3189333333333333,78.03349333333334,2.6011164444444446,-5.024507936507936
270.325,-1.3198666666666665,78.04793333333333,2.6015977777777777,-5.028063492063492
270.375,-1.3210666666666666,78.06237333333334,2.6020791111111112,-5.03263492063492
270.425,-1.3222666666666667,78.07683999999999,2.602561333333333,-5.0372063492063495
270.475,-1.3244666666666667,78.09131333333333,2.6030437777777777,-5.045587301587301
270.525,-1.3266666666666667,78.10574666666666,2.603524888888889,-5.053968253968254
270.575,-1.3293333333333335,78.12017999999999,2.6040059999999996,-5.064126984126984
270.625,-1.332,78.13462,2.604487333333333,-5.074285714285715
270.675,-1.3336666666666666,78.14908666666666,2.6049695555555554,-5.08063492063492
270.725,-1.3353333333333335,78.16355333333333,2.6054517777777777,-5.086984126984127
270.775,-1.3355333333333335,78.17802666666667,2.6059342222222224,-5.087746031746032
270.825,-1.3359999999999999,78.19246,2.606415333333333,-5.089523809523809
270.875,-1.3364666666666667,78.20689999999999,2.606896666666666,-5.091301587301587
270.925,-1.3378666666666668,78.22134,2.6073779999999998,-5.096634920634921
270.975,-1.3392666666666666,78.23580666666666,2.607860222222222,-5.101968253968254
271.025,-1.3406666666666667,78.25028,2.6083426666666667,-5.1073015873015875
271.075,-1.3420666666666667,78.26474666666667,2.608824888888889,-5.112634920634921
271.125,-1.3422666666666667,78.27918666666666,2.609306222222222,-5.113396825396825
271.175,-1.3424666666666667,78.29362666666665,2.609787555555555,-5.11415873015873
271.225,-1.3421333333333334,78.30806,2.610268666666667,-5.112888888888889
271.275,-1.3418,78.32253333333333,2.610751111111111,-5.1116190476190475
271.325,-1.3418666666666668,78.33700666666667,2.6112335555555557,-5.111873015873016
271.376,-1.3419333333333334,78.35147333333333,2.6117157777777775,-5.112126984126984
271.426,-1.3422666666666667,78.36594,2.612198,-5.113396825396825
271.476,-1.3426,78.38041333333334,2.6126804444444445,-5.1146666666666665
271.526,-1.3425333333333334,78.39488,2.6131626666666667,-5.114412698412698
271.576,-1.3418666666666668,78.40938,2.613646,-5.111873015873016
271.626,-1.3412000000000002,78.42388,2.614129333333333,-5.109333333333334
271.676,-1.3403333333333334,78.43834666666666,2.6146115555555554,-5.106031746031746
271.726,-1.3394666666666666,78.45282,2.615094,-5.102730158730158
271.776,-1.3394666666666666,78.46728666666667,2.6155762222222223,-5.102730158730158
271.826,-1.3394666666666666,78.48175333333333,2.616058444444444,-5.102730158730158
271.876,-1.3400666666666665,78.49625333333333,2.6165417777777775,-5.105015873015872
271.926,-1.3406666666666667,78.51075333333333,2.617025111111111,-5.1073015873015875
271.976,-1.3407333333333333,78.52522666666667,2.6175075555555556,-5.107555555555555
272.026,-1.3408000000000002,78.53969333333333,2.617989777777778,-5.107809523809524
272.076,-1.3397333333333334,78.55416,2.6184719999999997,-5.103746031746032
272.126,-1.3386666666666664,78.56862666666666,2.618954222222222,-5.099682539682538
272.176,-1.3364,78.5831,2.6194366666666666,-5.091047619047619
272.226,-1.3336000000000001,78.59756666666667,2.619918888888889,-5.080380952380953
272.276,-1.3311333333333333,78.61200666666667,2.6204002222222225,-5.0709841269841265
272.326,-1.3299333333333332,78.62644666666667,2.6208815555555556,-5.066412698412698
272.376,-1.3287333333333333,78.64088,2.6213626666666667,-5.06184126984127
272.426,-1.326,78.65535333333334,2.6218451111111114,-5.051428571428572
272.476,-1.3232666666666666,78.66982,2.6223273333333332,-5.041015873015873
272.526,-1.319,78.68428666666667,2.6228095555555555,-5.024761904761904
272.576,-1.3147333333333333,78.69872666666667,2.623290888888889,-5.008507936507936
272.626,-1.3123333333333334,78.71316,2.623772,-4.999365079365079
272.676,-1.3099333333333334,78.7276,2.6242533333333333,-4.990222222222222
272.726,-1.3132,78.74206666666667,2.6247355555555556,-5.002666666666666
272.776,-1.3164666666666667,78.75653333333334,2.625217777777778,-5.015111111111111
272.827,-1.3197333333333332,78.771,2.6257,-5.027555555555555
272.877,-1.323,78.78547333333333,2.6261824444444444,-5.04
272.927,-1.3226666666666667,78.79994,2.626664666666667,-5.038730158730158
272.977,-1.3226,78.81440666666667,2.627146888888889,-5.0384761904761906
273.027,-1.3225333333333333,78.82890666666667,2.6276302222222223,-5.038222222222222
273.077,-1.3210000000000002,78.84340666666667,2.6281135555555557,-5.032380952380953
273.127,-1.3194666666666668,78.85788,2.628596,-5.026539682539683
273.177,-1.3184666666666667,78.87234666666667,2.629078222222222,-5.022730158730159
273.227,-1.3174666666666668,78.88681333333334,2.6295604444444445,-5.018920634920635
273.277,-1.3176666666666668,78.90128666666666,2.6300428888888887,-5.01968253968254
273.327,-1.3178666666666667,78.91578666666666,2.630526222222222,-5.020444444444444
273.377,-1.3169333333333335,78.93028666666666,2.6310095555555555,-5.016888888888889
273.427,-1.3159999999999998,78.94475333333334,2.6314917777777778,-5.013333333333333
273.477,-1.3089333333333333,78.95922,2.631974,-4.986412698412698
273.527,-1.3018666666666665,78.97368666666667,2.6324562222222223,-4.959492063492062
273.577,-1.2950000000000002,78.98816000000001,2.632938666666667,-4.933333333333334
273.627,-1.2881333333333334,79.00262666666666,2.6334208888888884,-4.907174603174603
273.677,-1.2864666666666666,79.01709333333334,2.633903111111111,-4.900825396825397
273.727,-1.2849333333333335,79.03153333333333,2.634384444444444,-4.894984126984127
273.777,-1.2833999999999999,79.04596666666666,2.6348655555555553,-4.889142857142857
273.827,-1.2814,79.06040666666667,2.635346888888889,-4.881523809523809
273.877,-1.2793999999999999,79.07487333333333,2.635829111111111,-4.873904761904761
273.927,-1.2795999999999998,79.08933999999999,2.636311333333333,-4.874666666666666
273.977,-1.2798,79.10381333333333,2.6367937777777777,-4.8754285714285714
274.027,-1.2808666666666668,79.11824666666666,2.637274888888889,-4.879492063492064
274.077,-1.2819333333333334,79.13268666666666,2.637756222222222,-4.883555555555556
274.127,-1.283,79.14712666666667,2.6382375555555555,-4.887619047619047
274.177,-1.2840666666666667,79.16159333333333,2.6387197777777778,-4.89168253968254
274.227,-1.2868,79.17606,2.639202,-4.902095238095238
274.277,-1.2895333333333334,79.1905,2.639683333333333,-4.912507936507937
274.327,-1.2933333333333332,79.20493333333334,2.6401644444444448,-4.926984126984126
274.377,-1.2971333333333335,79.21937333333334,2.640645777777778,-4.941460317460318
274.427,-1.2997333333333332,79.23381333333333,2.641127111111111,-4.951365079365079
274.477,-1.3013333333333332,79.24828000000001,2.6416093333333337,-4.957460317460317
274.527,-1.3029333333333333,79.26275333333334,2.642091777777778,-4.963555555555555
274.577,-1.3052,79.27718666666667,2.6425728888888886,-4.972190476190476
274.627,-1.3074666666666668,79.29162666666666,2.6430542222222217,-4.980825396825397
274.677,-1.3078666666666665,79.30606666666667,2.6435355555555557,-4.982349206349205
274.727,-1.3082666666666667,79.3205,2.6440166666666665,-4.983873015873016
274.777,-1.3078666666666665,79.33497333333334,2.644499111111111,-4.982349206349205
274.827,-1.3074666666666668,79.34944,2.6449813333333334,-4.980825396825397
274.877,-1.3070666666666668,79.36387333333333,2.6454624444444446,-4.979301587301587
274.927,-1.3066666666666669,79.37831333333334,2.645943777777778,-4.977777777777779
274.977,-1.3055333333333332,79.39275333333333,2.6464251111111112,-4.973460317460317
275.027,-1.3044,79.40722,2.646907333333333,-4.969142857142857
275.077,-1.3016666666666665,79.42169333333332,2.6473897777777773,-4.958730158730158
275.127,-1.2979999999999998,79.43616,2.647872,-4.944761904761904
275.177,-1.2947333333333333,79.4506,2.648353333333333,-4.93231746031746
275.227,-1.2928666666666666,79.46504,2.6488346666666667,-4.9252063492063485
275.277,-1.291,79.47947333333333,2.649315777777778,-4.918095238095238
275.327,-1.2895333333333334,79.49394666666667,2.6497982222222225,-4.912507936507937
275.377,-1.2880666666666665,79.50841333333332,2.650280444444444,-4.906920634920634
275.427,-1.2866,79.52288,2.6507626666666666,-4.901333333333333
275.477,-1.2851333333333335,79.53732,2.6512439999999997,-4.895746031746032
275.527,-1.2831333333333332,79.55175333333334,2.6517251111111113,-4.888126984126983
275.577,-1.2811333333333332,79.56618666666667,2.652206222222222,-4.880507936507936
275.627,-1.2786,79.58066000000001,2.652688666666667,-4.870857142857142
275.677,-1.2760666666666665,79.59512666666666,2.6531708888888885,-4.861206349206348
275.728,-1.2743333333333333,79.60959333333334,2.6536531111111112,-4.854603174603175
275.778,-1.2726,79.62406666666666,2.6541355555555555,-4.848
275.828,-1.2735999999999998,79.63853333333333,2.6546177777777777,-4.851809523809523
275.878,-1.2750666666666666,79.653,2.6551,-4.857396825396825
275.928,-1.2765333333333333,79.6675,2.6555833333333334,-4.862984126984126
275.978,-1.2754,79.682,2.656066666666667,-4.858666666666667
276.028,-1.2742666666666667,79.69647333333334,2.6565491111111115,-4.854349206349206
276.078,-1.2729333333333335,79.71094,2.6570313333333333,-4.849269841269842
276.128,-1.2715999999999998,79.72540666666667,2.6575135555555556,-4.844190476190476
276.178,-1.271,79.73988,2.657996,-4.841904761904761
276.228,-1.2703999999999998,79.75438000000001,2.6584793333333336,-4.839619047619046
276.278,-1.2701333333333333,79.76888000000001,2.658962666666667,-4.838603174603175
276.328,-1.2698666666666665,79.78335333333332,2.659445111111111,-4.837587301587301
276.378,-1.2701333333333333,79.79782,2.6599273333333335,-4.838603174603175
276.428,-1.2703999999999998,79.81228666666667,2.6604095555555554,-4.839619047619046
276.478,-1.2728666666666666,79.82676,2.6608919999999996,-4.849015873015873
276.528,-1.2753333333333332,79.84122666666667,2.6613742222222223,-4.858412698412698
276.578,-1.2772666666666666,79.85569333333333,2.6618564444444446,-4.865777777777777
276.628,-1.2806,79.87013333333333,2.6623377777777777,-4.87847619047619
276.678,-1.2839333333333334,79.88456666666667,2.662818888888889,-4.891174603174603
276.728,-1.2902666666666667,79.89900666666668,2.663300222222223,-4.915301587301587
276.778,-1.2966,79.91347333333333,2.6637824444444442,-4.9394285714285715
276.828,-1.3023333333333333,79.92794,2.664264666666667,-4.961269841269841
276.878,-1.3080666666666665,79.94241333333333,2.664747111111111,-4.983111111111111
276.928,-1.3132666666666666,79.95684666666666,2.6652282222222223,-5.002920634920635
276.978,-1.3184666666666667,79.97128,2.665709333333333,-5.022730158730159
277.028,-1.3234666666666668,79.98572,2.6661906666666666,-5.041777777777778
277.078,-1.3284666666666667,80.00018666666666,2.666672888888889,-5.060825396825397
277.128,-1.3334666666666666,80.01465333333334,2.6671551111111116,-5.079873015873015
277.179,-1.3384666666666667,80.02912666666666,2.6676375555555554,-5.098920634920635
277.229,-1.3413333333333335,80.04359333333333,2.6681197777777776,-5.1098412698412705
277.279,-1.3447333333333333,80.05806,2.668602,-5.122793650793651
277.329,-1.3472666666666666,80.07253333333333,2.669084444444444,-5.132444444444444
277.379,-1.3482666666666667,80.08703333333332,2.6695677777777775,-5.1362539682539685
277.429,-1.3492666666666666,80.10153333333332,2.670051111111111,-5.140063492063492
277.479,-1.349,80.116,2.670533333333333,-5.139047619047619
277.529,-1.3487333333333333,80.13046666666666,2.6710155555555555,-5.1380317460317455
277.579,-1.3487333333333333,80.14493333333333,2.6714977777777777,-5.1380317460317455
277.629,-1.3487333333333333,80.1594,2.67198,-5.1380317460317455
277.679,-1.3479333333333334,80.1739,2.6724633333333334,-5.134984126984127
277.729,-1.3471333333333333,80.1884,2.672946666666667,-5.131936507936508
277.779,-1.3465333333333334,80.20286666666667,2.6734288888888886,-5.129650793650794
277.829,-1.3459333333333334,80.21733333333333,2.673911111111111,-5.127365079365079
277.879,-1.3454000000000002,80.23180666666667,2.6743935555555556,-5.125333333333334
277.929,-1.3448666666666669,80.24627333333333,2.674875777777778,-5.1233015873015875
277.979,-1.3440666666666667,80.26074,2.675358,-5.1202539682539685
278.029,-1.3424666666666667,80.27521333333334,2.675840444444445,-5.11415873015873
278.079,-1.3408666666666667,80.28964666666667,2.6763215555555555,-5.108063492063492
278.129,-1.3392000000000002,80.30408666666668,2.676802888888889,-5.101714285714286
278.179,-1.3375333333333332,80.31852666666667,2.677284222222222,-5.095365079365079
278.229,-1.3367333333333333,80.33299333333333,2.6777664444444444,-5.09231746031746
278.279,-1.3359333333333334,80.34746,2.6782486666666667,-5.089269841269841
278.329,-1.3371333333333333,80.36193333333334,2.6787311111111114,-5.09384126984127
278.379,-1.3383333333333334,80.37636666666667,2.679212222222222,-5.098412698412698
278.429,-1.3434,80.39080666666668,2.679693555555556,-5.117714285714285
278.479,-1.3484666666666667,80.40524666666667,2.680174888888889,-5.137015873015873
278.529,-1.3541999999999998,80.41971333333332,2.6806571111111106,-5.158857142857142
278.579,-1.3599333333333334,80.43418666666666,2.6811395555555553,-5.180698412698413
278.629,-1.3632,80.44861999999999,2.6816206666666664,-5.193142857142857
278.679,-1.3664666666666667,80.46306,2.682102,-5.205587301587301
278.729,-1.3705333333333334,80.47749999999999,2.682583333333333,-5.221079365079365
278.779,-1.3781333333333334,80.49193333333332,2.6830644444444443,-5.2500317460317465
278.829,-1.3857333333333335,80.50640666666666,2.683546888888889,-5.278984126984128
278.879,-1.3944,80.52087333333334,2.684029111111111,-5.312
278.929,-1.4030666666666667,80.53530666666667,2.6845102222222224,-5.345015873015873
278.979,-1.4116,80.54974666666666,2.6849915555555555,-5.377523809523809
279.029,-1.4201333333333332,80.56418666666667,2.685472888888889,-5.410031746031746
279.079,-1.4261333333333333,80.57862,2.685954,-5.432888888888888
279.129,-1.4321333333333333,80.59309333333334,2.686436444444445,-5.455746031746031
279.179,-1.4345333333333334,80.60755999999999,2.6869186666666662,-5.464888888888889
279.229,-1.4369333333333334,80.622,2.6874,-5.474031746031746
279.279,-1.4387333333333332,80.63644,2.687881333333333,-5.480888888888888
279.329,-1.4405333333333334,80.65087333333332,2.688362444444444,-5.487746031746032
279.379,-1.4445333333333332,80.66534666666666,2.6888448888888887,-5.502984126984126
279.429,-1.4485333333333335,80.67981333333334,2.6893271111111114,-5.518222222222223
279.479,-1.4518666666666666,80.69427999999999,2.6898093333333333,-5.530920634920634
279.529,-1.4520000000000002,80.70872,2.690290666666667,-5.531428571428572
279.579,-1.4521333333333333,80.72315333333333,2.6907717777777775,-5.531936507936507
279.629,-1.4517333333333333,80.73758666666666,2.6912528888888887,-5.5304126984126984
279.679,-1.4513333333333334,80.75206,2.6917353333333334,-5.528888888888889
279.729,-1.4502,80.76652666666668,2.692217555555556,-5.524571428571428
279.779,-1.4490666666666667,80.78099333333333,2.6926997777777775,-5.520253968253968
279.829,-1.4482,80.79543333333332,2.6931811111111106,-5.516952380952381
279.879,-1.4473333333333334,80.80986666666666,2.693662222222222,-5.513650793650793
279.929,-1.4467333333333334,80.82430666666666,2.6941435555555553,-5.5113650793650795
279.979,-1.4461333333333333,80.83877333333334,2.694625777777778,-5.509079365079365
280.029,-1.4455333333333333,80.85324,2.695108,-5.50679365079365
280.08,-1.4449333333333334,80.86771333333333,2.695590444444444,-5.504507936507936
280.13,-1.4437333333333333,80.88218,2.696072666666667,-5.499936507936508
280.18,-1.4425999999999999,80.89664666666665,2.6965548888888886,-5.495619047619047
280.23,-1.4408666666666667,80.91112,2.6970373333333333,-5.489015873015873
280.28,-1.4390666666666665,80.92562,2.6975206666666667,-5.482158730158729
280.33,-1.4372666666666667,80.94012,2.6980039999999996,-5.475301587301587
280.38,-1.4351999999999998,80.95459333333334,2.6984864444444443,-5.46742857142857
280.43,-1.4331333333333334,80.96906,2.6989686666666666,-5.459555555555555
280.48,-1.4322000000000001,80.98352666666666,2.699450888888889,-5.456
280.53,-1.4312666666666667,80.998,2.6999333333333335,-5.452444444444445
280.58,-1.4306666666666668,81.0125,2.700416666666667,-5.45015873015873
280.63,-1.4300666666666666,81.027,2.7009,-5.447873015873015
280.68,-1.4294,81.04146666666666,2.701382222222222,-5.445333333333333
280.73,-1.4287333333333334,81.05593333333333,2.7018644444444444,-5.442793650793651
280.78,-1.4283333333333335,81.07040666666667,2.702346888888889,-5.4412698412698415
280.83,-1.4279333333333333,81.08487333333332,2.7028291111111105,-5.439746031746031
280.88,-1.4271999999999998,81.09934,2.703311333333333,-5.43695238095238
280.93,-1.4262000000000001,81.11381333333334,2.703793777777778,-5.433142857142857
280.98,-1.4252,81.12824666666667,2.704274888888889,-5.429333333333333
281.03,-1.4245333333333332,81.14268666666666,2.704756222222222,-5.42679365079365
281.08,-1.4238666666666666,81.15712666666667,2.7052375555555557,-5.424253968253968
281.13,-1.4239333333333333,81.17159333333333,2.705719777777778,-5.424507936507936
281.18,-1.424,81.18606,2.7062019999999998,-5.424761904761905
281.23,-1.4229333333333334,81.20053333333334,2.7066844444444444,-5.420698412698413
281.28,-1.4218666666666666,81.21496666666667,2.7071655555555556,-5.4166349206349205
281.33,-1.4208666666666665,81.22940666666666,2.7076468888888887,-5.412825396825396
281.38,-1.4198666666666666,81.24384666666667,2.7081282222222223,-5.409015873015872
281.43,-1.4196,81.25831333333333,2.7086104444444445,-5.4079999999999995
281.48,-1.4193333333333333,81.27278666666666,2.7090928888888888,-5.406984126984127
281.531,-1.4186,81.28725333333334,2.7095751111111115,-5.404190476190476
281.581,-1.4178666666666666,81.30171999999999,2.710057333333333,-5.401396825396825
281.631,-1.4178666666666666,81.31619333333333,2.7105397777777775,-5.401396825396825
281.681,-1.4184666666666668,81.33066000000001,2.7110220000000003,-5.403682539682539
281.731,-1.4190666666666665,81.34516,2.7115053333333337,-5.405968253968253
281.781,-1.4182,81.35966,2.711988666666667,-5.402666666666666
281.831,-1.4173333333333331,81.37412666666665,2.7124708888888884,-5.3993650793650785
281.881,-1.416,81.38859333333333,2.712953111111111,-5.394285714285714
281.931,-1.4146666666666665,81.40306666666667,2.713435555555556,-5.389206349206348
281.981,-1.4143333333333332,81.41753333333332,2.7139177777777777,-5.387936507936507
282.031,-1.4140000000000001,81.43203333333332,2.7144011111111106,-5.386666666666667
282.081,-1.4144,81.44653333333333,2.7148844444444444,-5.388190476190476
282.131,-1.4148,81.461,2.7153666666666667,-5.389714285714286
282.181,-1.4132,81.47547333333334,2.7158491111111114,-5.383619047619048
282.231,-1.4116,81.48993999999999,2.716331333333333,-5.377523809523809
282.281,-1.4088,81.50440666666667,2.7168135555555555,-5.3668571428571425
282.331,-1.406,81.51888000000001,2.717296,-5.356190476190475
282.381,-1.4034666666666666,81.53334666666666,2.717778222222222,-5.3465396825396825
282.431,-1.4009333333333334,81.54778666666667,2.7182595555555555,-5.336888888888889
282.481,-1.3983999999999999,81.56222666666666,2.7187408888888887,-5.327238095238094
282.531,-1.3973333333333333,81.57665999999999,2.719222,-5.323174603174603
282.581,-1.3962666666666665,81.59112666666667,2.719704222222222,-5.31911111111111
282.631,-1.3952666666666667,81.60560000000001,2.720186666666667,-5.315301587301587
282.681,-1.3942666666666668,81.62006666666666,2.7206688888888886,-5.3114920634920635
282.731,-1.3932666666666667,81.63450666666667,2.721150222222222,-5.307682539682539
282.781,-1.3922666666666668,81.64894666666667,2.7216315555555557,-5.303873015873016
282.831,-1.3916,81.66338,2.722112666666667,-5.301333333333333
282.881,-1.3909333333333334,81.67785333333333,2.722595111111111,-5.298793650793651
282.931,-1.3923333333333332,81.69232000000001,2.723077333333334,-5.304126984126984
282.981,-1.3937333333333333,81.70676,2.723558666666667,-5.309460317460317
283.031,-1.3964666666666665,81.7212,2.72404,-5.319873015873015
283.081,-1.3984666666666667,81.73563333333333,2.7245211111111107,-5.3274920634920635
283.131,-1.4000666666666666,81.75007333333333,2.7250024444444443,-5.333587301587301
283.181,-1.4003333333333332,81.76454,2.7254846666666666,-5.334603174603174
283.231,-1.4006,81.77900666666666,2.725966888888889,-5.335619047619048
283.281,-1.4010666666666665,81.79344666666665,2.726448222222222,-5.337396825396825
283.331,-1.4015333333333333,81.80788666666668,2.726929555555556,-5.339174603174603
283.381,-1.4026666666666665,81.82232,2.7274106666666666,-5.343492063492063
283.431,-1.4038,81.83676,2.7278919999999998,-5.347809523809524
283.481,-1.4043999999999999,81.85122666666666,2.728374222222222,-5.350095238095237
283.531,-1.405,81.86569333333334,2.7288564444444448,-5.352380952380952
283.581,-1.4052666666666667,81.88013333333333,2.729337777777778,-5.353396825396826
283.631,-1.4055333333333333,81.89456666666666,2.7298188888888886,-5.354412698412698
283.681,-1.4059333333333333,81.90900666666667,2.730300222222222,-5.355936507936508
283.731,-1.4063333333333332,81.92347333333333,2.7307824444444444,-5.357460317460316
283.781,-1.4068666666666667,81.93794,2.7312646666666667,-5.3594920634920635
283.831,-1.4080666666666666,81.95241333333334,2.7317471111111113,-5.364063492063491
283.881,-1.4092666666666667,81.96684666666667,2.7322282222222225,-5.36863492063492
283.931,-1.4114666666666666,81.98128,2.732709333333333,-5.377015873015873
283.981,-1.4136666666666666,81.99571999999999,2.7331906666666663,-5.385396825396825
284.031,-1.4153333333333333,82.01018666666667,2.733672888888889,-5.391746031746032
284.081,-1.417,82.02465333333333,2.7341551111111113,-5.398095238095238
284.131,-1.4178666666666666,82.03912666666666,2.7346375555555555,-5.401396825396825
284.181,-1.4187333333333332,82.05356,2.7351186666666667,-5.404698412698412
284.231,-1.4198666666666668,82.068,2.7356,-5.409015873015873
284.281,-1.421,82.08243999999999,2.736081333333333,-5.413333333333333
284.331,-1.4214666666666667,82.09690666666667,2.7365635555555556,-5.415111111111111
284.381,-1.4219333333333333,82.11138,2.737046,-5.416888888888889
284.432,-1.422,82.12584666666666,2.737528222222222,-5.417142857142856
284.482,-1.4220666666666666,82.14031333333334,2.7380104444444444,-5.417396825396825
284.532,-1.422,82.15478666666667,2.738492888888889,-5.417142857142856
284.582,-1.4218,82.16925333333333,2.738975111111111,-5.416380952380952
284.632,-1.4216,82.18375333333333,2.7394584444444443,-5.415619047619047
284.682,-1.4209999999999998,82.19825333333333,2.7399417777777777,-5.413333333333332
284.732,-1.4204,82.21272,2.740424,-5.411047619047619
284.782,-1.4198,82.22718666666667,2.7409062222222222,-5.408761904761905
284.832,-1.4192,82.24166,2.7413886666666665,-5.40647619047619
284.882,-1.4192666666666665,82.25612666666666,2.7418708888888887,-5.4067301587301575
284.932,-1.4193333333333333,82.27062666666667,2.7423542222222226,-5.406984126984127
284.982,-1.4198666666666666,82.28512666666667,2.7428375555555555,-5.409015873015872
285.032,-1.4204,82.29959333333333,2.743319777777778,-5.411047619047619
285.082,-1.4211333333333334,82.31406666666666,2.743802222222222,-5.41384126984127
285.132,-1.4218666666666666,82.32853333333333,2.7442844444444443,-5.4166349206349205
285.182,-1.4226666666666667,82.343,2.7447666666666666,-5.419682539682539
285.232,-1.4234666666666667,82.35747333333333,2.7452491111111113,-5.422730158730158
285.282,-1.4238666666666666,82.37194,2.745731333333333,-5.424253968253968
285.332,-1.4248,82.38637333333332,2.7462124444444442,-5.427809523809524
285.382,-1.4257333333333333,82.40081333333335,2.7466937777777782,-5.431365079365079
285.432,-1.4280666666666666,82.41525333333334,2.7471751111111113,-5.440253968253968
285.482,-1.4304,82.42972,2.7476573333333336,-5.449142857142856
285.532,-1.4336,82.44419333333333,2.748139777777778,-5.461333333333333
285.582,-1.4368,82.45866,2.7486219999999997,-5.47352380952381
285.632,-1.4404000000000001,82.4731,2.7491033333333332,-5.487238095238095
285.682,-1.444,82.48754000000001,2.749584666666667,-5.500952380952381
285.732,-1.4477333333333333,82.50197333333334,2.750065777777778,-5.515174603174603
285.782,-1.4514666666666665,82.51644666666667,2.750548222222222,-5.529396825396824
285.832,-1.4548666666666668,82.53091333333333,2.7510304444444444,-5.542349206349207
285.883,-1.4582666666666666,82.54538,2.7515126666666663,-5.555301587301587
285.933,-1.4616,82.55985333333334,2.7519951111111114,-5.568
285.983,-1.465,82.57432,2.752477333333333,-5.580952380952381
286.033,-1.4688,82.58878666666666,2.7529595555555555,-5.595428571428571
286.083,-1.4714,82.60328666666666,2.753442888888889,-5.605333333333333
286.133,-1.474,82.61778666666666,2.753926222222222,-5.6152380952380945
286.183,-1.4754,82.63225333333334,2.7544084444444445,-5.620571428571428
286.233,-1.4768000000000001,82.64672666666667,2.754890888888889,-5.625904761904762
286.283,-1.4780000000000002,82.66119333333333,2.755373111111111,-5.630476190476191
286.333,-1.4791999999999998,82.67566000000001,2.7558553333333338,-5.635047619047619
286.383,-1.4794666666666667,82.69016,2.7563386666666667,-5.636063492063492
286.433,-1.4797333333333333,82.70466,2.756822,-5.637079365079365
286.483,-1.4792666666666667,82.71913333333333,2.7573044444444443,-5.635301587301587
286.533,-1.4788000000000001,82.7336,2.7577866666666666,-5.63352380952381
286.583,-1.4785333333333335,82.74806666666667,2.7582688888888893,-5.6325079365079365
286.633,-1.4782666666666666,82.76254,2.7587513333333336,-5.631492063492063
286.683,-1.4780000000000002,82.77700666666667,2.7592335555555554,-5.630476190476191
286.733,-1.4768000000000001,82.79147333333334,2.759715777777778,-5.625904761904762
286.783,-1.4756,82.80591333333334,2.760197111111111,-5.621333333333333
286.833,-1.4740666666666666,82.82035333333333,2.7606784444444443,-5.615492063492063
286.883,-1.4725333333333335,82.83478666666666,2.7611595555555555,-5.609650793650794
286.933,-1.4712,82.84926,2.761642,-5.604571428571429
286.983,-1.4698666666666669,82.86372666666666,2.762124222222222,-5.599492063492064
287.033,-1.4687333333333332,82.87819333333333,2.7626064444444443,-5.595174603174603
287.083,-1.4676,82.89263333333334,2.763087777777778,-5.590857142857143
287.133,-1.4662000000000002,82.90706666666667,2.763568888888889,-5.58552380952381
287.183,-1.4648,82.92150666666666,2.764050222222222,-5.580190476190476
287.233,-1.463,82.93597333333334,2.7645324444444443,-5.573333333333333
287.283,-1.4612,82.95044,2.7650146666666666,-5.56647619047619
287.333,-1.4602,82.96488,2.7654959999999997,-5.562666666666666
287.383,-1.4592,82.97931333333332,2.765977111111111,-5.558857142857143
287.433,-1.4586000000000001,82.99374666666667,2.766458222222222,-5.556571428571429
287.483,-1.4588666666666665,83.00818666666667,2.7669395555555556,-5.557587301587301
287.533,-1.4591333333333334,83.02265333333334,2.767421777777778,-5.558603174603174
287.583,-1.4606,83.03712,2.767904,-5.5641904761904755
287.633,-1.4620666666666666,83.05156000000001,2.7683853333333337,-5.5697777777777775
287.683,-1.4627333333333332,83.06599333333334,2.7688664444444444,-5.57231746031746
287.733,-1.4634,83.08043333333333,2.7693477777777775,-5.574857142857143
287.783,-1.4633333333333334,83.09487333333333,2.7698291111111106,-5.574603174603174
287.833,-1.4632666666666667,83.10934,2.7703113333333333,-5.574349206349206
287.883,-1.4629333333333332,83.12381333333333,2.7707937777777776,-5.573079365079364
287.933,-1.4626,83.13824666666666,2.7712748888888887,-5.571809523809523
287.983,-1.4620666666666666,83.15267999999999,2.7717559999999994,-5.5697777777777775
288.033,-1.4615333333333334,83.16712000000001,2.772237333333334,-5.567746031746031
288.083,-1.4612,83.18158666666666,2.7727195555555553,-5.56647619047619
288.133,-1.4612,83.19605333333334,2.773201777777778,-5.56647619047619
288.183,-1.4607999999999999,83.21052666666667,2.773684222222222,-5.564952380952381
288.233,-1.4606,83.22496,2.7741653333333334,-5.5641904761904755
288.283,-1.4604,83.23939999999999,2.7746466666666665,-5.563428571428571
288.333,-1.4595999999999998,83.25384000000001,2.7751280000000005,-5.560380952380951
288.383,-1.4588,83.26830666666666,2.775610222222222,-5.557333333333333
288.433,-1.4584666666666666,83.28278,2.7760926666666665,-5.556063492063491
288.483,-1.4581333333333333,83.29724666666667,2.776574888888889,-5.55479365079365
288.533,-1.4574666666666667,83.31168666666667,2.7770562222222224,-5.552253968253968
288.583,-1.4568,83.32612666666667,2.7775375555555555,-5.549714285714286
288.633,-1.4568,83.34056000000001,2.778018666666667,-5.549714285714286
288.683,-1.4568,83.35502666666666,2.7785008888888885,-5.549714285714286
288.733,-1.4569333333333332,83.3695,2.7789833333333336,-5.550222222222222
288.784,-1.4570666666666667,83.38396666666668,2.779465555555556,-5.5507301587301585
288.834,-1.4546,83.39843333333333,2.7799477777777777,-5.541333333333332
288.884,-1.4515333333333333,83.41290666666667,2.7804302222222224,-5.529650793650793
288.934,-1.4484666666666668,83.42737333333334,2.7809124444444446,-5.517968253968254
288.984,-1.4453333333333334,83.44187333333333,2.7813957777777776,-5.506031746031746
289.034,-1.4422,83.45637333333335,2.7818791111111114,-5.4940952380952375
289.084,-1.4390666666666665,83.47084,2.7823613333333332,-5.482158730158729
289.134,-1.4359333333333335,83.48531333333334,2.782843777777778,-5.4702222222222225
289.184,-1.4332666666666667,83.49978,2.783326,-5.460063492063492
289.234,-1.4305999999999999,83.51424666666666,2.783808222222222,-5.449904761904762
289.284,-1.4284000000000001,83.52874666666666,2.7842915555555554,-5.44152380952381
289.334,-1.4262000000000001,83.54324666666666,2.784774888888889,-5.433142857142857
289.384,-1.4237333333333335,83.55771333333334,2.7852571111111115,-5.423746031746032
289.434,-1.4212666666666667,83.57218666666667,2.7857395555555557,-5.414349206349206
289.484,-1.4184666666666668,83.58665333333333,2.7862217777777776,-5.403682539682539
289.534,-1.4156666666666666,83.60112,2.786704,-5.393015873015873
289.584,-1.4143333333333332,83.61559333333334,2.7871864444444445,-5.387936507936507
289.634,-1.4127333333333332,83.63006,2.787668666666667,-5.381841269841269
289.684,-1.4111333333333334,83.64450000000001,2.7881500000000004,-5.375746031746032
289.734,-1.4089333333333334,83.65894,2.7886313333333335,-5.367365079365079
289.784,-1.4067333333333332,83.67337333333333,2.789112444444444,-5.358984126984126
289.834,-1.4048,83.68784666666667,2.7895948888888893,-5.351619047619048
289.884,-1.4028666666666667,83.70231333333332,2.7900771111111107,-5.344253968253968
289.934,-1.4003333333333332,83.71678,2.7905593333333334,-5.334603174603174
289.984,-1.3978,83.73122,2.7910406666666665,-5.32495238095238
290.034,-1.395,83.74565333333334,2.791521777777778,-5.314285714285714
290.084,-1.3921999999999999,83.76009333333333,2.792003111111111,-5.303619047619047
290.134,-1.3895333333333333,83.77456666666667,2.792485555555556,-5.293460317460317
290.184,-1.3868666666666667,83.78903333333332,2.7929677777777773,-5.283301587301588
290.235,-1.3847333333333334,83.8035,2.79345,-5.275174603174603
290.285,-1.3826,83.81797333333334,2.7939324444444447,-5.267047619047619
290.335,-1.3808666666666667,83.83243999999999,2.7944146666666665,-5.2604444444444445
290.385,-1.3796,83.84690666666667,2.7948968888888888,-5.255619047619047
290.435,-1.3783333333333334,83.86140666666667,2.795380222222222,-5.250793650793651
290.485,-1.3767333333333334,83.87590666666667,2.7958635555555555,-5.244698412698413
290.535,-1.3751333333333333,83.89038000000001,2.796346,-5.238603174603174
290.585,-1.3735333333333335,83.90484666666666,2.796828222222222,-5.232507936507937
290.635,-1.3719333333333334,83.91931333333333,2.7973104444444443,-5.226412698412699
290.685,-1.3712666666666666,83.93378666666668,2.7977928888888894,-5.223873015873015
290.735,-1.3706,83.94828666666668,2.7982762222222224,-5.221333333333333
290.785,-1.3704,83.96278666666667,2.798759555555556,-5.220571428571429
290.835,-1.3702,83.97725333333332,2.7992417777777776,-5.219809523809524
290.885,-1.3714666666666666,83.99172,2.799724,-5.22463492063492
290.935,-1.3727333333333334,84.00618666666666,2.800206222222222,-5.229460317460317
290.985,-1.3752,84.02065999999999,2.8006886666666664,-5.238857142857142
291.035,-1.3769333333333333,84.03512666666667,2.801170888888889,-5.245460317460317
291.085,-1.3783333333333334,84.04959333333333,2.801653111111111,-5.250793650793651
291.135,-1.3802666666666668,84.06403333333333,2.802134444444444,-5.258158730158731
291.185,-1.3822,84.07846666666666,2.802615555555555,-5.26552380952381
291.235,-1.3854666666666666,84.09290666666668,2.803096888888889,-5.277968253968254
291.285,-1.3887333333333334,84.10737333333333,2.803579111111111,-5.290412698412698
291.335,-1.3924666666666667,84.12184,2.8040613333333337,-5.30463492063492
291.385,-1.3962,84.13631333333333,2.804543777777778,-5.318857142857143
291.435,-1.3999333333333333,84.15074666666666,2.8050248888888887,-5.333079365079365
291.485,-1.4036666666666666,84.16518666666667,2.8055062222222222,-5.347301587301587
291.535,-1.4072666666666669,84.17962666666668,2.805987555555556,-5.361015873015874
291.585,-1.4108666666666667,84.19409333333333,2.8064697777777776,-5.374730158730158
291.635,-1.4132,84.20856,2.8069520000000003,-5.383619047619048
291.685,-1.4155333333333333,84.223,2.8074333333333334,-5.392507936507936
291.735,-1.4165999999999999,84.23743333333333,2.807914444444444,-5.396571428571428
291.785,-1.4186666666666667,84.25187333333334,2.8083957777777777,-5.404444444444445
291.835,-1.4207333333333334,84.26631333333333,2.808877111111111,-5.41231746031746
291.885,-1.4221333333333335,84.28078000000001,2.8093593333333335,-5.417650793650794
291.935,-1.4235333333333335,84.29525333333332,2.8098417777777773,-5.422984126984128
291.985,-1.4241333333333333,84.30968666666666,2.810322888888889,-5.425269841269841
292.035,-1.4247333333333332,84.32412666666667,2.8108042222222225,-5.427555555555554
292.085,-1.4248,84.33856666666667,2.8112855555555556,-5.427809523809524
292.135,-1.4248666666666667,84.35300000000001,2.8117666666666667,-5.428063492063492
292.185,-1.423533333333333,84.36747333333332,2.8122491111111105,-5.422984126984126
292.235,-1.4222,84.38194,2.8127313333333333,-5.417904761904762
292.285,-1.4200000000000002,84.39637333333333,2.8132124444444444,-5.40952380952381
292.335,-1.4178,84.41081333333334,2.813693777777778,-5.401142857142856
292.385,-1.4152666666666667,84.42525333333333,2.814175111111111,-5.391492063492064
292.435,-1.4127333333333332,84.43972000000001,2.814657333333334,-5.381841269841269
292.485,-1.4106666666666667,84.45419333333332,2.8151397777777776,-5.373968253968254
292.535,-1.4085333333333334,84.46866,2.815622,-5.36584126984127
292.585,-1.4064,84.4831,2.816103333333333,-5.357714285714286
292.635,-1.4043999999999999,84.49754,2.8165846666666665,-5.350095238095237
292.685,-1.4023999999999999,84.51197333333333,2.8170657777777777,-5.34247619047619
292.735,-1.4012,84.52644666666667,2.8175482222222223,-5.3379047619047615
292.785,-1.4,84.54091333333332,2.818030444444444,-5.333333333333333
292.835,-1.3993333333333333,84.55538,2.8185126666666664,-5.330793650793651
292.885,-1.3986666666666667,84.56981999999999,2.8189939999999996,-5.328253968253969
292.935,-1.3981333333333332,84.58425333333334,2.819475111111111,-5.3262222222222215
292.985,-1.3976,84.59868666666667,2.8199562222222223,-5.324190476190476
293.035,-1.3974,84.61316000000001,2.820438666666667,-5.323428571428571
293.085,-1.3972,84.62762666666666,2.8209208888888884,-5.322666666666667
293.136,-1.3978666666666666,84.64209333333334,2.821403111111111,-5.325206349206349
293.186,-1.3985333333333332,84.65656666666668,2.8218855555555558,-5.327746031746031
293.236,-1.3989333333333331,84.67103333333333,2.8223677777777776,-5.3292698412698405
293.286,-1.3980666666666666,84.6855,2.8228500000000003,-5.325968253968253
293.336,-1.3972,84.7,2.8233333333333333,-5.322666666666667
293.386,-1.396,84.7145,2.8238166666666666,-5.318095238095237
293.436,-1.3947999999999998,84.72897333333334,2.8242991111111113,-5.313523809523809
293.486,-1.3930666666666665,84.74343999999999,2.824781333333333,-5.306920634920634
293.536,-1.391333333333333,84.75790666666667,2.825263555555556,-5.300317460317459
293.586,-1.3900666666666666,84.77238000000001,2.8257460000000005,-5.295492063492063
293.636,-1.3888,84.78688000000001,2.8262293333333335,-5.290666666666667
293.686,-1.3880666666666666,84.80138000000001,2.826712666666667,-5.287873015873015
293.736,-1.3873333333333333,84.81585333333332,2.8271951111111107,-5.285079365079365
293.786,-1.3867333333333332,84.83032,2.8276773333333334,-5.28279365079365
293.836,-1.3861333333333332,84.84478666666668,2.828159555555556,-5.280507936507936
293.886,-1.3848666666666667,84.85925999999999,2.828642,-5.275682539682539
293.936,-1.3843999999999999,84.87372666666667,2.829124222222222,-5.273904761904761
293.986,-1.3840666666666666,84.88819333333335,2.829606444444445,-5.27263492063492
294.036,-1.3857333333333333,84.90263333333334,2.830087777777778,-5.278984126984127
294.086,-1.3874,84.91706666666667,2.830568888888889,-5.285333333333333
294.136,-1.3894,84.93150666666666,2.8310502222222222,-5.29295238095238
294.186,-1.3914,84.94597333333333,2.831532444444444,-5.300571428571428
294.236,-1.3929333333333331,84.96044,2.832014666666667,-5.306412698412697
294.286,-1.3944666666666667,84.97491333333333,2.832497111111111,-5.312253968253969
294.336,-1.3954666666666666,84.98934666666668,2.8329782222222226,-5.316063492063492
294.386,-1.3964666666666665,85.00378,2.8334593333333333,-5.319873015873015
294.436,-1.3976666666666666,85.01822,2.8339406666666664,-5.324444444444444
294.486,-1.3988666666666667,85.03268666666666,2.8344228888888887,-5.329015873015873
294.536,-1.3996,85.04715333333334,2.8349051111111114,-5.3318095238095236
294.587,-1.4003333333333332,85.06162666666667,2.8353875555555557,-5.334603174603174
294.637,-1.4004,85.07609333333333,2.835869777777778,-5.334857142857143
294.687,-1.3996666666666664,85.09056000000001,2.836352,-5.332063492063491
294.737,-1.3989333333333331,85.10503333333332,2.836834444444444,-5.3292698412698405
294.787,-1.3973333333333333,85.11953333333332,2.8373177777777774,-5.323174603174603
294.837,-1.3957333333333333,85.13403333333333,2.837801111111111,-5.317079365079365
294.887,-1.3945333333333332,85.1485,2.8382833333333335,-5.312507936507935
294.937,-1.3933333333333333,85.16296666666668,2.8387655555555558,-5.307936507936508
294.987,-1.3921999999999999,85.17743999999999,2.8392479999999995,-5.303619047619047
295.037,-1.3910666666666667,85.19190666666667,2.8397302222222223,-5.299301587301587
295.087,-1.3901333333333334,85.20640666666667,2.8402135555555557,-5.295746031746032
295.137,-1.3891999999999998,85.22090666666666,2.8406968888888886,-5.292190476190475
295.187,-1.3882,85.23537333333334,2.8411791111111113,-5.288380952380953
295.237,-1.3872,85.24983999999999,2.841661333333333,-5.284571428571429
295.287,-1.3861333333333332,85.26431333333333,2.842143777777778,-5.280507936507936
295.337,-1.3850666666666667,85.27878000000001,2.8426260000000005,-5.2764444444444445
295.387,-1.3847333333333334,85.29324666666666,2.843108222222222,-5.275174603174603
295.437,-1.3845333333333334,85.30772,2.8435906666666666,-5.274412698412698
295.487,-1.3843333333333334,85.32215333333333,2.8440717777777778,-5.273650793650794
295.537,-1.3834666666666666,85.33659333333334,2.8445531111111113,-5.270349206349206
295.587,-1.3826,85.35103333333333,2.8450344444444444,-5.267047619047619
295.637,-1.3816666666666666,85.36550000000001,2.845516666666667,-5.2634920634920634
295.687,-1.3807333333333331,85.37997333333333,2.845999111111111,-5.259936507936507
295.737,-1.3810666666666667,85.39444,2.8464813333333336,-5.261206349206349
295.787,-1.3814,85.40887333333333,2.8469624444444444,-5.26247619047619
295.837,-1.3816,85.42331333333333,2.8474437777777775,-5.263238095238095
295.887,-1.3818,85.43775333333333,2.847925111111111,-5.263999999999999
295.937,-1.3834666666666666,85.45222,2.8484073333333333,-5.270349206349206
295.987,-1.3851333333333333,85.46669333333332,2.8488897777777775,-5.276698412698413
296.037,-1.3880000000000001,85.48112666666665,2.8493708888888887,-5.287619047619048
296.087,-1.3908666666666667,85.49556666666668,2.8498522222222227,-5.298539682539682
296.137,-1.3931333333333333,85.51000666666667,2.850333555555556,-5.3071746031746025
296.187,-1.3944,85.52444,2.8508146666666665,-5.312
296.237,-1.3956666666666666,85.53891333333333,2.8512971111111107,-5.316825396825396
296.287,-1.3972666666666667,85.55338,2.8517793333333334,-5.322920634920635
296.337,-1.3988666666666667,85.56782,2.8522606666666666,-5.329015873015873
296.387,-1.4003333333333332,85.58225999999999,2.8527419999999997,-5.334603174603174
296.437,-1.4018000000000002,85.59669333333333,2.8532231111111113,-5.340190476190476
296.487,-1.4023999999999999,85.61112666666666,2.853704222222222,-5.34247619047619
296.537,-1.4029999999999998,85.6256,2.8541866666666666,-5.344761904761904
296.587,-1.4031999999999998,85.64006666666666,2.8546688888888885,-5.345523809523809
296.637,-1.4034,85.65450666666668,2.8551502222222225,-5.346285714285714
296.687,-1.4018,85.66894666666667,2.8556315555555556,-5.340190476190476
296.737,-1.4002000000000001,85.68338,2.8561126666666667,-5.334095238095238
296.787,-1.3968666666666667,85.69785333333333,2.856595111111111,-5.321396825396826
296.837,-1.3928666666666667,85.71232,2.8570773333333337,-5.30615873015873
296.887,-1.3893999999999997,85.72678666666667,2.8575595555555555,-5.2929523809523795
296.937,-1.3868,85.74122666666668,2.858040888888889,-5.283047619047619
296.987,-1.3841999999999999,85.75566,2.8585220000000002,-5.273142857142856
297.037,-1.3817333333333333,85.77009333333334,2.8590031111111114,-5.263746031746031
297.087,-1.3792666666666666,85.78456,2.859485333333333,-5.254349206349206
297.137,-1.3781999999999999,85.79902666666666,2.8599675555555555,-5.250285714285714
297.187,-1.3771333333333333,85.81349333333333,2.8604497777777778,-5.246222222222222
297.237,-1.3794,85.82793333333333,2.8609311111111113,-5.2548571428571424
297.287,-1.3816666666666666,85.84236666666668,2.8614122222222225,-5.2634920634920634
297.337,-1.3892666666666666,85.85680666666667,2.8618935555555556,-5.2924444444444445
297.387,-1.3968666666666667,85.87127333333333,2.862375777777778,-5.321396825396826
297.437,-1.4073333333333333,85.88574,2.862858,-5.361269841269841
297.488,-1.4178,85.90021333333334,2.863340444444445,-5.401142857142856
297.538,-1.4287999999999998,85.91468,2.8638226666666666,-5.4430476190476185
297.588,-1.4384666666666666,85.92914666666667,2.864304888888889,-5.479873015873015
297.638,-1.4481333333333335,85.94362,2.864787333333333,-5.516698412698413
297.688,-1.4544,85.95812,2.8652706666666665,-5.540571428571428
297.738,-1.4606666666666668,85.97262,2.8657540000000004,-5.564444444444445
297.788,-1.4655999999999998,85.98709333333333,2.8662364444444446,-5.5832380952380944
297.838,-1.4705333333333332,86.00156,2.8667186666666664,-5.602031746031745
297.888,-1.475,86.01602666666666,2.8672008888888887,-5.6190476190476195
297.938,-1.4794666666666667,86.0305,2.8676833333333334,-5.636063492063492
297.988,-1.481,86.045,2.8681666666666668,-5.641904761904762
298.038,-1.4825333333333333,86.0595,2.86865,-5.647746031746031
298.088,-1.4796,86.07396666666666,2.869132222222222,-5.636571428571428
298.138,-1.4766666666666666,86.08843333333333,2.8696144444444442,-5.625396825396825
298.188,-1.4718000000000002,86.10290666666667,2.870096888888889,-5.606857142857144
298.238,-1.4669333333333334,86.11737333333333,2.870579111111111,-5.588317460317461
298.288,-1.4623333333333335,86.13184,2.871061333333333,-5.570793650793651
298.338,-1.4596666666666667,86.14631333333334,2.871543777777778,-5.560634920634921
298.388,-1.457,86.16074666666667,2.872024888888889,-5.55047619047619
298.438,-1.4575333333333333,86.17518,2.872506,-5.552507936507936
298.488,-1.4580666666666668,86.18962,2.8729873333333336,-5.554539682539683
298.538,-1.4598666666666666,86.20408666666667,2.873469555555556,-5.561396825396825
298.588,-1.4616666666666667,86.21855333333333,2.8739517777777777,-5.568253968253968
298.638,-1.462,86.23302666666667,2.8744342222222223,-5.569523809523809
298.688,-1.4623333333333333,86.24746,2.8749153333333335,-5.57079365079365
298.738,-1.4617333333333333,86.2619,2.8753966666666666,-5.568507936507936
298.788,-1.4611333333333334,86.27633999999999,2.8758779999999997,-5.566222222222223
298.838,-1.46,86.29080666666667,2.8763602222222224,-5.561904761904762
298.888,-1.4588666666666665,86.30528,2.8768426666666667,-5.557587301587301
298.939,-1.4581333333333333,86.31974666666666,2.8773248888888885,-5.55479365079365
298.989,-1.4576666666666669,86.33421333333332,2.8778071111111108,-5.553015873015873
299.039,-1.4575333333333333,86.34868666666667,2.8782895555555554,-5.552507936507936
299.089,-1.4567333333333332,86.36315333333333,2.8787717777777777,-5.5494603174603165
299.139,-1.4559333333333333,86.37765333333333,2.879255111111111,-5.5464126984126985
299.189,-1.4559333333333333,86.39216,2.879738666666667,-5.5464126984126985
299.239,-1.4559333333333333,86.40662666666667,2.8802208888888887,-5.5464126984126985
299.289,-1.4565333333333332,86.42109333333333,2.880703111111111,-5.548698412698412
299.339,-1.4571333333333334,86.43556666666667,2.8811855555555557,-5.550984126984127
299.389,-1.4584000000000001,86.45003333333332,2.8816677777777775,-5.555809523809524
299.439,-1.4596666666666667,86.46453333333334,2.8821511111111113,-5.560634920634921
299.489,-1.4614666666666667,86.47903333333333,2.8826344444444443,-5.567492063492064
299.539,-1.4632666666666667,86.4935,2.8831166666666665,-5.574349206349206
299.589,-1.4656,86.50797333333334,2.8835991111111112,-5.583238095238095
299.639,-1.4679333333333335,86.52244,2.8840813333333335,-5.592126984126985
299.689,-1.4694,86.53690666666667,2.8845635555555558,-5.597714285714286
299.739,-1.4702,86.55138000000001,2.8850460000000004,-5.600761904761904
299.789,-1.471,86.56584666666666,2.885528222222222,-5.603809523809524
299.839,-1.4728,86.58028666666665,2.886009555555555,-5.610666666666667
299.889,-1.4746,86.59472666666667,2.886490888888889,-5.617523809523809
299.939,-1.4758,86.60916,2.886972,-5.622095238095238
299.989,-1.477,86.62362666666667,2.8874542222222224,-5.626666666666667
300.039,-1.4773333333333334,86.6381,2.8879366666666666,-5.627936507936508
300.089,-1.4776666666666667,86.65256666666666,2.8884188888888884,-5.629206349206349
300.139,-1.4776666666666667,86.66700666666667,2.888900222222222,-5.629206349206349
300.189,-1.4776666666666667,86.68144666666667,2.889381555555556,-5.629206349206349
300.239,-1.4777333333333333,86.69588,2.8898626666666667,-5.6294603174603175
300.289,-1.4778,86.71035333333333,2.890345111111111,-5.629714285714286
300.339,-1.4776,86.72482,2.890827333333333,-5.628952380952381
300.389,-1.4774,86.73926,2.8913086666666667,-5.628190476190476
300.439,-1.4771333333333334,86.7537,2.89179,-5.627174603174603
300.489,-1.4771333333333334,86.76813333333332,2.892271111111111,-5.627174603174603
300.539,-1.4771333333333334,86.78257333333333,2.8927524444444446,-5.627174603174603
300.589,-1.4769333333333334,86.79704,2.8932346666666664,-5.6264126984126985
300.639,-1.4767333333333332,86.81150666666667,2.893716888888889,-5.625650793650793
300.689,-1.4772,86.82594666666667,2.8941982222222222,-5.627428571428571
300.739,-1.4776666666666667,86.84038666666667,2.894679555555556,-5.629206349206349
300.789,-1.4788000000000001,86.85482,2.895160666666667,-5.63352380952381
300.839,-1.4799333333333335,86.86926,2.895642,-5.63784126984127
300.889,-1.4818666666666667,86.88372666666667,2.8961242222222223,-5.645206349206349
300.939,-1.4838,86.89819333333334,2.8966064444444446,-5.652571428571428
300.989,-1.4856,86.91263333333333,2.8970877777777777,-5.659428571428571
301.039,-1.4874,86.92706666666666,2.897568888888889,-5.666285714285714
301.089,-1.4890666666666665,86.94150666666665,2.898050222222222,-5.67263492063492
301.139,-1.4907333333333335,86.95597333333333,2.8985324444444442,-5.678984126984127
301.189,-1.4924666666666666,86.97044,2.8990146666666665,-5.685587301587301
301.239,-1.4943333333333333,86.98491333333332,2.8994971111111107,-5.692698412698412
301.289,-1.4961999999999998,86.99934666666667,2.8999782222222223,-5.699809523809523
301.339,-1.4978666666666667,87.01378,2.900459333333333,-5.70615873015873
301.389,-1.4995333333333332,87.02821999999999,2.900940666666666,-5.712507936507936
301.439,-1.5008000000000001,87.04268666666667,2.901422888888889,-5.717333333333333
301.489,-1.5020666666666667,87.05715333333333,2.901905111111111,-5.72215873015873
301.539,-1.504133333333333,87.07162666666666,2.9023875555555554,-5.730031746031745
301.589,-1.5062,87.08606,2.902868666666667,-5.737904761904762
301.639,-1.5074666666666665,87.1005,2.90335,-5.742730158730158
301.689,-1.5087333333333333,87.11493999999999,2.903831333333333,-5.747555555555555
301.739,-1.5107333333333333,87.12940666666667,2.9043135555555555,-5.755174603174603
301.789,-1.5127333333333333,87.14388000000001,2.904796,-5.76279365079365
301.84,-1.5159333333333331,87.15834666666666,2.905278222222222,-5.774984126984126
301.89,-1.5184666666666664,87.17281333333334,2.9057604444444447,-5.784634920634919
301.94,-1.5209333333333332,87.18728666666667,2.906242888888889,-5.794031746031745
301.99,-1.5226,87.20175333333333,2.9067251111111108,-5.8003809523809515
302.04,-1.5242666666666667,87.21625333333333,2.907208444444444,-5.806730158730159
302.09,-1.5256,87.23075333333333,2.9076917777777775,-5.811809523809524
302.14,-1.5269333333333333,87.24522,2.9081740000000003,-5.816888888888888
302.19,-1.5261333333333333,87.25968666666667,2.908656222222222,-5.813841269841269
302.24,-1.5253333333333332,87.27416,2.9091386666666663,-5.81079365079365
302.29,-1.524,87.28862666666667,2.909620888888889,-5.805714285714285
302.34,-1.5226666666666666,87.30312666666667,2.9101042222222224,-5.80063492063492
302.39,-1.5235333333333334,87.31762666666667,2.910587555555556,-5.803936507936508
302.44,-1.5244,87.33209333333333,2.9110697777777776,-5.807238095238095
302.49,-1.5241333333333336,87.34656666666666,2.911552222222222,-5.806222222222223
302.54,-1.5238666666666667,87.36103333333334,2.9120344444444446,-5.805206349206349
302.59,-1.5215333333333334,87.3755,2.912516666666667,-5.796317460317461
302.64,-1.5194,87.38997333333333,2.912999111111111,-5.7881904761904766
302.69,-1.5172666666666668,87.40444,2.913481333333333,-5.780063492063492
302.74,-1.5172666666666668,87.41887333333334,2.9139624444444445,-5.780063492063492
302.79,-1.5172666666666668,87.43331333333334,2.914443777777778,-5.780063492063492
302.84,-1.5189333333333332,87.44775333333334,2.914925111111111,-5.786412698412698
302.89,-1.5206000000000002,87.46221999999999,2.915407333333333,-5.792761904761905
302.94,-1.5352666666666666,87.47669333333333,2.9158897777777777,-5.84863492063492
302.99,-1.5499333333333332,87.49116000000001,2.9163720000000004,-5.904507936507936
303.04,-1.5759333333333332,87.5056,2.9168533333333335,-6.003555555555555
303.09,-1.6019333333333334,87.52004000000001,2.917334666666667,-6.102603174603175
303.14,-1.6267333333333334,87.53447333333334,2.917815777777778,-6.1970793650793645
303.19,-1.6515333333333333,87.54894666666665,2.9182982222222216,-6.291555555555555
303.24,-1.6758,87.56341333333333,2.9187804444444443,-6.3839999999999995
303.291,-1.7000666666666668,87.57788000000001,2.919262666666667,-6.476444444444445
303.341,-1.7252666666666667,87.59235333333332,2.919745111111111,-6.572444444444445
303.391,-1.7522,87.60682,2.9202273333333335,-6.675047619047619
303.441,-1.7791333333333335,87.62128666666668,2.920709555555556,-6.7776507936507935
303.491,-1.8037999999999998,87.63578666666668,2.921192888888889,-6.871619047619046
303.541,-1.8284666666666667,87.65028666666667,2.9216762222222226,-6.965587301587301
303.591,-1.8508666666666664,87.66475333333332,2.922158444444444,-7.050920634920634
303.641,-1.8732666666666666,87.67922666666666,2.9226408888888886,-7.136253968253968
303.691,-1.8858666666666666,87.69369333333334,2.9231231111111113,-7.184253968253968
303.741,-1.8984666666666667,87.70815999999999,2.923605333333333,-7.232253968253969
303.791,-1.8984666666666667,87.72265999999999,2.9240886666666666,-7.232253968253969
303.841,-1.8984666666666667,87.73715999999999,2.9245719999999995,-7.232253968253969
303.891,-1.8969999999999998,87.75163333333333,2.925054444444444,-7.226666666666666
303.941,-1.8955333333333333,87.76610000000001,2.925536666666667,-7.2210793650793645
303.991,-1.8954666666666666,87.78056666666666,2.9260188888888887,-7.220825396825396
304.041,-1.8953999999999998,87.79504,2.9265013333333334,-7.220571428571428
304.091,-1.8969333333333331,87.80950666666666,2.9269835555555557,-7.226412698412697
304.141,-1.897533333333333,87.82397333333333,2.9274657777777775,-7.228698412698411
304.191,-1.8981333333333332,87.83841333333334,2.927947111111111,-7.230984126984127
304.241,-1.8994,87.85285333333333,2.928428444444444,-7.2358095238095235
304.291,-1.9006666666666665,87.86728666666666,2.9289095555555553,-7.240634920634919
304.341,-1.9033333333333333,87.88176,2.929392,-7.250793650793651
304.391,-1.906,87.89622666666668,2.9298742222222227,-7.26095238095238
304.441,-1.907,87.91069333333333,2.930356444444444,-7.2647619047619045
304.491,-1.9080000000000001,87.92513333333333,2.9308377777777777,-7.268571428571429
304.541,-1.9092666666666667,87.93956666666666,2.931318888888889,-7.2733968253968255
304.591,-1.9105333333333334,87.95400666666666,2.931800222222222,-7.278222222222222
304.641,-1.9119333333333333,87.96847333333334,2.9322824444444446,-7.283555555555555
304.691,-1.9133333333333333,87.98294,2.9327646666666665,-7.288888888888889
304.741,-1.9136666666666666,87.99738,2.933246,-7.29015873015873
304.791,-1.9126666666666667,88.01181333333334,2.933727111111111,-7.286349206349207
304.841,-1.9098,88.02624666666667,2.9342082222222223,-7.275428571428571
304.891,-1.9061333333333332,88.04068666666667,2.934689555555556,-7.261460317460317
304.941,-1.9024666666666665,88.05515333333332,2.9351717777777773,-7.2474920634920625
304.991,-1.8990666666666667,88.06962,2.935654,-7.234539682539682
305.041,-1.8956666666666668,88.08406,2.936135333333333,-7.221587301587302
305.091,-1.892,88.09849333333334,2.9366164444444447,-7.207619047619047
305.141,-1.8883333333333332,88.11293333333333,2.937097777777778,-7.193650793650793
305.191,-1.8848666666666667,88.12737333333332,2.937579111111111,-7.180444444444444
305.241,-1.8814,88.14184,2.938061333333333,-7.167238095238095
305.291,-1.8781333333333334,88.15631333333334,2.9385437777777783,-7.154793650793651
305.341,-1.8748666666666667,88.17074666666667,2.939024888888889,-7.1423492063492064
305.391,-1.8716666666666666,88.18518666666667,2.939506222222222,-7.13015873015873
305.441,-1.8684666666666667,88.19962666666667,2.9399875555555557,-7.117968253968254
305.491,-1.8662666666666667,88.21409333333332,2.9404697777777775,-7.109587301587301
305.541,-1.8662,88.22856,2.9409520000000002,-7.109333333333334
305.591,-1.8661333333333334,88.24303333333334,2.941434444444445,-7.109079365079365
305.641,-1.8666000000000003,88.25746666666667,2.9419155555555556,-7.110857142857143
305.691,-1.8670666666666667,88.27190666666667,2.9423968888888887,-7.11263492063492
305.741,-1.8673333333333335,88.28634666666667,2.9428782222222223,-7.113650793650794
305.791,-1.8676,88.30081333333332,2.943360444444444,-7.1146666666666665
305.841,-1.8677333333333335,88.31528666666667,2.943842888888889,-7.115174603174603
305.891,-1.8678666666666668,88.32975333333334,2.9443251111111115,-7.11568253968254
305.941,-1.8674,88.34419333333334,2.9448064444444446,-7.113904761904761
305.991,-1.8669333333333333,88.35863333333333,2.9452877777777777,-7.112126984126983
306.041,-1.8669333333333333,88.37306666666667,2.9457688888888893,-7.112126984126983
306.091,-1.8669333333333333,88.38754,2.9462513333333336,-7.112126984126983
306.141,-1.8674666666666666,88.40200666666667,2.9467335555555554,-7.11415873015873
306.192,-1.8679999999999999,88.41647333333334,2.947215777777778,-7.116190476190475
306.242,-1.8684,88.43093999999999,2.947698,-7.117714285714285
306.292,-1.8684,88.44541333333333,2.9481804444444446,-7.117714285714285
306.342,-1.8684,88.45988000000001,2.948662666666667,-7.117714285714285
306.392,-1.8685333333333334,88.47438000000001,2.9491460000000003,-7.118222222222222
306.442,-1.8686666666666667,88.48888000000001,2.9496293333333337,-7.118730158730158
306.492,-1.8675333333333335,88.50334666666666,2.9501115555555555,-7.114412698412699
306.542,-1.8664,88.51782,2.950594,-7.110095238095238
306.592,-1.865,88.53228666666668,2.9510762222222224,-7.104761904761904
306.642,-1.8636000000000001,88.54675333333333,2.9515584444444443,-7.099428571428572
306.692,-1.8632666666666668,88.56125333333333,2.9520417777777777,-7.098158730158731
306.742,-1.8629333333333333,88.57575333333334,2.9525251111111115,-7.096888888888889
306.792,-1.8618666666666668,88.59022,2.9530073333333333,-7.092825396825397
306.842,-1.8608,88.60468666666667,2.9534895555555556,-7.088761904761904
306.892,-1.8616666666666668,88.61915333333333,2.953971777777778,-7.092063492063493
306.942,-1.8625333333333332,88.63362000000001,2.954454,-7.095365079365078
306.992,-1.8661333333333334,88.64809333333332,2.954936444444444,-7.109079365079365
307.042,-1.8666666666666667,88.66256,2.9554186666666666,-7.111111111111111
307.092,-1.8672,88.67699999999999,2.9558999999999997,-7.113142857142857
307.142,-1.8667333333333334,88.69144,2.9563813333333333,-7.111365079365079
307.192,-1.8662666666666667,88.70587333333333,2.9568624444444445,-7.109587301587301
307.242,-1.8672666666666666,88.72034666666667,2.957344888888889,-7.113396825396825
307.292,-1.8682666666666667,88.73481333333334,2.957827111111111,-7.1172063492063495
307.342,-1.8702,88.74928,2.9583093333333332,-7.1245714285714286
307.392,-1.8721333333333334,88.76371999999999,2.9587906666666663,-7.131936507936508
307.442,-1.8733333333333335,88.77815333333334,2.959271777777778,-7.136507936507937
307.492,-1.8745333333333332,88.79258666666666,2.9597528888888887,-7.1410793650793645
307.542,-1.8768666666666667,88.80706,2.9602353333333338,-7.149968253968254
307.592,-1.8792,88.82152666666667,2.9607175555555556,-7.158857142857142
307.643,-1.8792666666666666,88.83599333333333,2.961199777777778,-7.159111111111111
307.693,-1.8791333333333333,88.85046666666668,2.9616822222222225,-7.158603174603174
307.743,-1.8760666666666665,88.86493333333333,2.9621644444444444,-7.146920634920634
307.793,-1.8754666666666668,88.8794,2.9626466666666667,-7.144634920634921
307.843,-1.8748666666666667,88.8939,2.96313,-7.1423492063492064
307.893,-1.875,88.9084,2.9636133333333334,-7.142857142857142
307.943,-1.8751333333333333,88.92287333333334,2.964095777777778,-7.143365079365079
307.993,-1.8746666666666667,88.93733999999999,2.964578,-7.141587301587301
308.043,-1.8741999999999999,88.95180666666667,2.965060222222222,-7.139809523809523
308.093,-1.8736,88.96628000000001,2.965542666666667,-7.137523809523809
308.143,-1.873,88.98078000000001,2.9660260000000003,-7.135238095238095
308.193,-1.8733333333333335,88.99528000000001,2.9665093333333337,-7.136507936507937
308.243,-1.8736666666666666,89.00975333333332,2.9669917777777775,-7.137777777777777
308.293,-1.8732,89.02422,2.967474,-7.135999999999999
308.343,-1.8727333333333334,89.03868666666668,2.9679562222222224,-7.134222222222222
308.393,-1.8721999999999999,89.05315999999999,2.9684386666666662,-7.132190476190475
308.443,-1.8712000000000002,89.06762666666667,2.968920888888889,-7.128380952380953
308.493,-1.8702,89.08209333333335,2.9694031111111117,-7.1245714285714286
308.543,-1.8688666666666667,89.09653333333334,2.9698844444444448,-7.119492063492063
308.593,-1.8675333333333335,89.11096666666667,2.9703655555555555,-7.114412698412699
308.643,-1.8665999999999998,89.12540666666668,2.970846888888889,-7.110857142857141
308.693,-1.8656666666666666,89.13987333333333,2.971329111111111,-7.107301587301587
308.743,-1.8660666666666665,89.15434,2.9718113333333336,-7.108825396825396
308.793,-1.8664666666666667,89.16881333333335,2.9722937777777783,-7.110349206349206
308.843,-1.8664666666666667,89.18324666666668,2.9727748888888894,-7.110349206349206
308.893,-1.8664666666666667,89.19768,2.973256,-7.110349206349206
308.943,-1.8654000000000002,89.21212,2.9737373333333332,-7.106285714285715
308.993,-1.8643333333333334,89.22658666666666,2.9742195555555555,-7.102222222222222
309.043,-1.8632,89.24105333333334,2.9747017777777782,-7.097904761904761
309.093,-1.8620666666666668,89.25549333333333,2.9751831111111113,-7.093587301587301
309.143,-1.8602666666666667,89.26992666666666,2.975664222222222,-7.086730158730159
309.193,-1.8590666666666666,89.28436666666667,2.9761455555555556,-7.08215873015873
309.243,-1.8578666666666668,89.29880666666666,2.9766268888888887,-7.077587301587302
309.293,-1.8576000000000001,89.31327333333334,2.9771091111111114,-7.0765714285714285
309.343,-1.8573333333333333,89.32774666666667,2.9775915555555557,-7.075555555555555
309.393,-1.8574666666666668,89.34218000000001,2.9780726666666673,-7.076063492063493
309.443,-1.8576000000000001,89.35662,2.9785540000000004,-7.0765714285714285
309.493,-1.8574,89.37106,2.9790353333333335,-7.075809523809523
309.543,-1.8572,89.38549333333334,2.9795164444444446,-7.075047619047619
309.593,-1.8569333333333333,89.39996666666666,2.9799988888888884,-7.0740317460317454
309.643,-1.8566666666666667,89.41444,2.980481333333333,-7.073015873015873
309.693,-1.8579333333333332,89.42887333333333,2.9809624444444442,-7.077841269841269
309.743,-1.8592000000000002,89.44331333333334,2.981443777777778,-7.082666666666667
309.793,-1.8602,89.45775333333333,2.981925111111111,-7.086476190476191
309.843,-1.8602666666666667,89.47222000000001,2.9824073333333336,-7.086730158730159
309.893,-1.8612,89.48669333333333,2.982889777777778,-7.090285714285714
309.943,-1.8616666666666668,89.50116,2.983372,-7.092063492063493
309.993,-1.8621333333333334,89.51559999999999,2.9838533333333332,-7.09384126984127
310.043,-1.8610666666666666,89.53004000000001,2.9843346666666672,-7.089777777777777
310.093,-1.86,89.54447333333334,2.984815777777778,-7.085714285714285
310.143,-1.8568666666666667,89.55894666666667,2.985298222222222,-7.073777777777777
310.193,-1.8537333333333335,89.57341333333333,2.9857804444444445,-7.06184126984127
310.243,-1.8491333333333335,89.58788,2.9862626666666667,-7.044317460317461
310.293,-1.8445333333333334,89.60231999999999,2.986744,-7.026793650793651
310.343,-1.84,89.61675333333332,2.9872251111111106,-7.0095238095238095
310.393,-1.8354666666666666,89.63118666666666,2.987706222222222,-6.9922539682539675
310.443,-1.8299999999999998,89.64565999999999,2.9881886666666664,-6.971428571428571
310.493,-1.8245333333333333,89.66012666666667,2.988670888888889,-6.950603174603175
310.544,-1.8194000000000001,89.67459333333333,2.989153111111111,-6.931047619047619
310.594,-1.8158666666666667,89.68906666666666,2.9896355555555556,-6.917587301587302
310.644,-1.8123333333333334,89.70353333333333,2.9901177777777774,-6.904126984126984
310.694,-1.8093333333333335,89.718,2.9906,-6.8926984126984125
310.744,-1.8063333333333333,89.7325,2.9910833333333335,-6.881269841269841
310.794,-1.8043333333333331,89.747,2.9915666666666665,-6.873650793650793
310.844,-1.8023333333333333,89.76147333333333,2.9920491111111107,-6.866031746031746
310.894,-1.8018666666666665,89.77594,2.9925313333333334,-6.864253968253967
310.944,-1.8014000000000001,89.79040666666667,2.9930135555555557,-6.86247619047619
310.994,-1.8020666666666665,89.80488,2.993496,-6.865015873015872
311.044,-1.8027333333333333,89.81938,2.9939793333333333,-6.867555555555555
311.094,-1.8039999999999998,89.83388,2.9944626666666663,-6.872380952380952
311.144,-1.8052666666666668,89.84835333333334,2.9949451111111114,-6.877206349206349
311.194,-1.8067333333333333,89.86282,2.995427333333333,-6.8827936507936505
311.244,-1.8081999999999998,89.87728666666666,2.9959095555555555,-6.888380952380952
311.294,-1.8099999999999998,89.89176,2.996392,-6.895238095238095
311.344,-1.8109333333333333,89.90622666666667,2.9968742222222224,-6.8987936507936505
311.394,-1.8118666666666667,89.92069333333333,2.9973564444444443,-6.902349206349206
311.444,-1.8130666666666666,89.93513333333334,2.997837777777778,-6.906920634920635
311.494,-1.8142666666666665,89.94956666666667,2.998318888888889,-6.911492063492062
311.544,-1.8169333333333333,89.96400666666666,2.998800222222222,-6.921650793650794
311.594,-1.8196,89.97847333333333,2.9992824444444444,-6.931809523809524
311.644,-1.8247333333333333,89.99294,2.9997646666666666,-6.951365079365079
311.694,-1.8298666666666668,90.00741333333333,3.000247111111111,-6.970920634920635
311.744,-1.8356666666666668,90.02184666666668,3.0007282222222225,-6.993015873015874
311.794,-1.8414666666666666,90.03628,3.0012093333333336,-7.015111111111111
311.844,-1.8460666666666665,90.05072,3.0016906666666667,-7.03263492063492
311.894,-1.8506666666666665,90.06518666666666,3.0021728888888886,-7.050158730158729
311.944,-1.8538,90.07965333333333,3.002655111111111,-7.062095238095237
311.995,-1.8569333333333333,90.09412666666667,3.0031375555555555,-7.0740317460317454
312.045,-1.8606,90.10859333333333,3.0036197777777778,-7.088
312.095,-1.8656666666666666,90.12306,3.004102,-7.107301587301587
312.145,-1.8707333333333334,90.13753333333334,3.0045844444444447,-7.126603174603175
312.195,-1.8758666666666666,90.15203333333334,3.0050677777777777,-7.14615873015873
312.245,-1.881,90.16653333333333,3.005551111111111,-7.1657142857142855
312.295,-1.8843999999999999,90.181,3.0060333333333333,-7.178666666666666
312.345,-1.8878,90.19546666666666,3.006515555555555,-7.191619047619047
312.395,-1.8880666666666666,90.20994,3.0069980000000003,-7.19263492063492
312.445,-1.8883333333333332,90.22440666666667,3.007480222222222,-7.193650793650793
312.495,-1.8882666666666665,90.23890666666667,3.0079635555555555,-7.193396825396825
312.545,-1.8882,90.25340666666666,3.008446888888889,-7.193142857142857
312.595,-1.8890666666666667,90.26787333333333,3.0089291111111107,-7.196444444444444
312.645,-1.8899333333333332,90.28233999999999,3.009411333333333,-7.199746031746031
312.695,-1.8921999999999999,90.29681333333333,3.0098937777777777,-7.208380952380952
312.745,-1.8952,90.31128,3.010376,-7.2198095238095235
312.795,-1.8976,90.32574666666666,3.010858222222222,-7.22895238095238
312.845,-1.8994666666666666,90.34022,3.011340666666667,-7.236063492063492
312.895,-1.9013333333333333,90.35465333333333,3.0118217777777776,-7.2431746031746025
312.945,-1.9024,90.36909333333332,3.0123031111111107,-7.247238095238095
312.995,-1.9034666666666666,90.38353333333333,3.0127844444444443,-7.251301587301587
313.045,-1.9042,90.398,3.0132666666666665,-7.254095238095237
313.095,-1.9049333333333334,90.41247333333334,3.013749111111111,-7.256888888888889
313.145,-1.9054,90.42694,3.0142313333333335,-7.258666666666667
313.195,-1.9058666666666668,90.44137333333333,3.014712444444444,-7.2604444444444445
313.245,-1.9054666666666666,90.45581333333332,3.0151937777777773,-7.258920634920634
313.295,-1.9050666666666667,90.47025333333333,3.015675111111111,-7.2573968253968255
313.345,-1.9034666666666666,90.48472,3.016157333333333,-7.251301587301587
313.395,-1.9018666666666666,90.49919333333334,3.016639777777778,-7.245206349206349
313.445,-1.9002000000000001,90.51362666666667,3.017120888888889,-7.238857142857143
313.495,-1.8977333333333335,90.52806666666667,3.0176022222222225,-7.229460317460318
313.545,-1.8952666666666667,90.54250666666667,3.0180835555555556,-7.220063492063492
313.595,-1.8920666666666668,90.55694,3.018564666666667,-7.207873015873016
313.645,-1.8888666666666665,90.57141333333334,3.0190471111111115,-7.195682539682538
313.695,-1.8863999999999999,90.58588,3.0195293333333333,-7.186285714285713
313.745,-1.8839333333333335,90.60032,3.0200106666666664,-7.176888888888889
313.795,-1.8824,90.61475999999999,3.0204919999999995,-7.171047619047619
313.845,-1.8808666666666667,90.62919333333333,3.020973111111111,-7.165206349206349
313.895,-1.8808666666666667,90.64362666666666,3.0214542222222223,-7.165206349206349
313.945,-1.8808666666666667,90.6581,3.021936666666667,-7.165206349206349
313.995,-1.8809333333333333,90.67256666666667,3.0224188888888888,-7.165460317460317
314.045,-1.881,90.68700666666668,3.0229002222222223,-7.1657142857142855
314.095,-1.8814666666666666,90.70144666666667,3.0233815555555554,-7.167492063492063
314.145,-1.8819333333333332,90.71588,3.0238626666666666,-7.16926984126984
314.195,-1.8825333333333334,90.73035333333334,3.0243451111111113,-7.171555555555556
314.245,-1.8833999999999997,90.74481999999999,3.024827333333333,-7.1748571428571415
314.295,-1.8842666666666665,90.75928666666667,3.025309555555556,-7.17815873015873
314.345,-1.885133333333333,90.77372666666666,3.025790888888889,-7.181460317460316
314.395,-1.886,90.78816,3.026272,-7.1847619047619045
314.445,-1.8866666666666665,90.8026,3.026753333333333,-7.187301587301587
314.495,-1.8873333333333333,90.81706666666668,3.027235555555556,-7.18984126984127
314.545,-1.8874666666666664,90.83153333333333,3.0277177777777777,-7.190349206349205
314.595,-1.8876,90.846,3.0282,-7.190857142857142
314.645,-1.8861333333333332,90.86044,3.028681333333333,-7.18526984126984
314.695,-1.8846666666666667,90.87487333333334,3.0291624444444447,-7.179682539682539
314.745,-1.8836,90.88931333333333,3.029643777777778,-7.175619047619047
314.795,-1.8825333333333334,90.90378000000001,3.0301260000000005,-7.171555555555556
314.845,-1.8829333333333333,90.91824666666666,3.030608222222222,-7.1730793650793645
314.896,-1.8833333333333333,90.93272,3.0310906666666666,-7.174603174603174
314.946,-1.8838666666666666,90.94718666666667,3.031572888888889,-7.17663492063492
314.996,-1.8834666666666666,90.96165333333333,3.032055111111111,-7.175111111111111
315.046,-1.8830666666666667,90.97612666666667,3.032537555555556,-7.173587301587301
315.096,-1.8824666666666665,90.99062666666667,3.033020888888889,-7.171301587301587
315.146,-1.8818666666666668,91.00512666666667,3.033504222222222,-7.169015873015873
315.196,-1.8811333333333333,91.01959333333333,3.0339864444444444,-7.166222222222222
315.246,-1.8804,91.03406,3.0344686666666667,-7.163428571428572
315.296,-1.8792666666666666,91.04852666666666,3.0349508888888885,-7.159111111111111
315.346,-1.8781333333333334,91.063,3.035433333333333,-7.154793650793651
315.396,-1.8774666666666666,91.0775,3.0359166666666666,-7.152253968253968
315.446,-1.8768,91.092,3.0364,-7.1497142857142855
315.496,-1.8764666666666665,91.10646666666666,3.0368822222222223,-7.1484444444444435
315.546,-1.8761333333333332,91.12093333333334,3.0373644444444445,-7.147174603174602
315.596,-1.8752,91.13540666666667,3.0378468888888888,-7.1436190476190475
315.646,-1.8746666666666667,91.14987333333333,3.038329111111111,-7.141587301587301
315.696,-1.8737333333333335,91.16434,3.0388113333333333,-7.138031746031746
315.746,-1.8740666666666668,91.17881333333334,3.039293777777778,-7.1393015873015875
315.796,-1.8744,91.19324666666667,3.0397748888888887,-7.140571428571429
315.846,-1.8756,91.20768,3.040256,-7.145142857142857
315.896,-1.8768,91.22211999999999,3.040737333333333,-7.1497142857142855
315.946,-1.8787333333333334,91.23658666666667,3.0412195555555557,-7.1570793650793645
315.996,-1.8806666666666667,91.25105333333333,3.0417017777777775,-7.164444444444444
316.046,-1.8815333333333333,91.26552666666666,3.042184222222222,-7.167746031746031
316.096,-1.8824,91.27996,3.0426653333333333,-7.171047619047619
316.146,-1.8831333333333333,91.2944,3.0431466666666664,-7.17384126984127
316.196,-1.8838666666666666,91.30883999999999,3.0436279999999996,-7.17663492063492
316.246,-1.884,91.32330666666667,3.0441102222222223,-7.177142857142856
316.296,-1.8841333333333334,91.33778000000001,3.044592666666667,-7.177650793650794
316.347,-1.8830666666666667,91.35224666666666,3.0450748888888888,-7.173587301587301
316.397,-1.8822,91.36671333333334,3.045557111111111,-7.170285714285714
316.447,-1.8813333333333333,91.38118666666666,3.0460395555555553,-7.166984126984127
316.497,-1.8802666666666668,91.39565333333333,3.0465217777777776,-7.162920634920635
316.547,-1.8792,91.41015333333333,3.047005111111111,-7.158857142857142
316.597,-1.8770666666666667,91.42465333333332,3.0474884444444443,-7.150730158730158
316.647,-1.8749333333333333,91.43912,3.0479706666666666,-7.142603174603174
316.697,-1.8716000000000002,91.45358666666667,3.048452888888889,-7.129904761904762
316.747,-1.8682666666666667,91.46806,3.048935333333333,-7.1172063492063495
316.797,-1.8665999999999998,91.48252666666667,3.049417555555556,-7.110857142857141
316.847,-1.8649333333333333,91.49702666666667,3.049900888888889,-7.104507936507936
316.897,-1.8636666666666668,91.51152666666667,3.050384222222222,-7.09968253968254
316.947,-1.8624,91.52599333333333,3.0508664444444444,-7.094857142857143
316.997,-1.8608,91.54046666666666,3.0513488888888887,-7.088761904761904
317.047,-1.8592000000000002,91.55493333333334,3.0518311111111114,-7.082666666666667
317.097,-1.8584,91.5694,3.052313333333333,-7.0796190476190475
317.147,-1.8575333333333333,91.58387333333333,3.0527957777777774,-7.07631746031746
317.197,-1.8566666666666667,91.59834000000001,3.053278,-7.073015873015873
317.247,-1.8562,91.61277333333334,3.0537591111111113,-7.071238095238095
317.297,-1.8557333333333332,91.62721333333334,3.054240444444445,-7.069460317460317
317.347,-1.857,91.64165333333334,3.054721777777778,-7.074285714285714
317.397,-1.8582666666666665,91.65612,3.0552040000000003,-7.07911111111111
317.447,-1.8619999999999999,91.67059333333333,3.0556864444444445,-7.093333333333333
317.497,-1.8657333333333335,91.68506000000001,3.0561686666666668,-7.107555555555556
317.547,-1.8706666666666665,91.6995,3.05665,-7.1263492063492055
317.597,-1.8756,91.71394000000001,3.0571313333333334,-7.145142857142857
317.647,-1.8798666666666668,91.72837333333334,3.0576124444444446,-7.161396825396825
317.697,-1.8841333333333334,91.74284666666667,3.058094888888889,-7.177650793650794
317.747,-1.8889333333333334,91.75731333333333,3.058577111111111,-7.195936507936508
317.797,-1.8937333333333333,91.77175333333334,3.0590584444444446,-7.214222222222221
317.847,-1.8965333333333334,91.78619333333333,3.0595397777777777,-7.224888888888889
317.897,-1.8974666666666666,91.80062666666666,3.0600208888888885,-7.2284444444444444
317.947,-1.8983999999999999,91.81505999999999,3.0605019999999996,-7.231999999999999
317.997,-1.8992666666666667,91.82953333333333,3.0609844444444443,-7.235301587301587
318.047,-1.9001333333333332,91.84400000000001,3.061466666666667,-7.238603174603174
318.097,-1.8999333333333333,91.85844,3.061948,-7.237841269841269
318.147,-1.8997333333333333,91.87288,3.0624293333333332,-7.237079365079365
318.197,-1.8977333333333335,91.88731333333334,3.062910444444445,-7.229460317460318
318.247,-1.8957333333333333,91.90175333333333,3.063391777777778,-7.22184126984127
318.297,-1.8937333333333333,91.91622000000001,3.063874,-7.214222222222221
318.347,-1.8917333333333335,91.93068666666666,3.064356222222222,-7.206603174603175
318.397,-1.8912,91.94512666666667,3.0648375555555556,-7.204571428571429
318.447,-1.8906666666666667,91.95956,3.0653186666666667,-7.202539682539682
318.497,-1.8896666666666666,91.97399999999999,3.0658,-7.198730158730158
318.547,-1.8876666666666668,91.98846666666667,3.066282222222222,-7.191111111111112
318.597,-1.8876,92.00293333333335,3.066764444444445,-7.190857142857142
318.647,-1.8897333333333333,92.01740666666666,3.0672468888888886,-7.198984126984127
318.697,-1.8918666666666666,92.03184666666667,3.067728222222222,-7.207111111111111
318.747,-1.8935333333333333,92.04628,3.0682093333333333,-7.213460317460317
318.797,-1.8952,92.06071999999999,3.0686906666666665,-7.2198095238095235
318.847,-1.8963999999999999,92.07518666666667,3.0691728888888887,-7.224380952380952
318.897,-1.8976,92.08965333333335,3.0696551111111114,-7.22895238095238
318.947,-1.8990666666666667,92.10412666666666,3.0701375555555552,-7.234539682539682
318.997,-1.9005333333333332,92.11855999999999,3.0706186666666664,-7.2401269841269835
319.047,-1.9010666666666665,92.133,3.0711,-7.242158730158729
319.097,-1.9016,92.14744,3.0715813333333335,-7.244190476190476
319.147,-1.9016,92.16190666666667,3.0720635555555558,-7.244190476190476
319.197,-1.9016,92.17638000000001,3.0725460000000004,-7.244190476190476
319.248,-1.9016666666666666,92.19084666666666,3.073028222222222,-7.244444444444444
319.298,-1.9020666666666666,92.20531333333334,3.0735104444444445,-7.245968253968253
319.348,-1.9024666666666665,92.21978666666668,3.073992888888889,-7.2474920634920625
319.398,-1.9009333333333334,92.23425333333333,3.074475111111111,-7.241650793650794
319.448,-1.8994,92.24875333333333,3.074958444444444,-7.2358095238095235
319.498,-1.8975333333333333,92.26325333333332,3.0754417777777774,-7.228698412698412
319.548,-1.8956666666666666,92.27772,3.075924,-7.221587301587301
319.598,-1.8947333333333334,92.29218666666667,3.0764062222222224,-7.218031746031746
319.648,-1.8938,92.30666,3.0768886666666666,-7.21447619047619
319.698,-1.8921333333333334,92.32112666666667,3.077370888888889,-7.208126984126984
319.748,-1.8904666666666665,92.33562666666667,3.0778542222222223,-7.201777777777777
319.798,-1.8886666666666665,92.35012666666667,3.0783375555555557,-7.194920634920634
319.848,-1.8868666666666667,92.36459333333333,3.078819777777778,-7.188063492063492
319.898,-1.8852,92.37906666666666,3.079302222222222,-7.1817142857142855
319.948,-1.8835333333333333,92.39353333333334,3.0797844444444444,-7.175365079365079
319.998,-1.8816666666666668,92.40799999999999,3.0802666666666663,-7.1682539682539685
320.048,-1.8795333333333333,92.42247333333333,3.080749111111111,-7.1601269841269835
320.098,-1.8774000000000002,92.43694,3.0812313333333337,-7.152
320.148,-1.8764666666666665,92.45137333333334,3.0817124444444444,-7.1484444444444435
320.198,-1.8755333333333333,92.46581333333333,3.0821937777777775,-7.144888888888889
320.248,-1.8752,92.48025333333334,3.082675111111111,-7.1436190476190475
320.298,-1.8748666666666667,92.49472,3.0831573333333333,-7.1423492063492064
320.348,-1.8741999999999999,92.50919333333333,3.0836397777777775,-7.139809523809523
320.398,-1.8735333333333335,92.52366,3.0841220000000003,-7.137269841269841
320.448,-1.8732,92.5381,3.0846033333333334,-7.135999999999999
320.498,-1.8728666666666667,92.55254,3.0850846666666665,-7.134730158730158
320.548,-1.8715333333333333,92.56697333333334,3.085565777777778,-7.129650793650793
320.598,-1.8702,92.58144666666666,3.0860482222222223,-7.1245714285714286
320.648,-1.8682666666666667,92.59591333333333,3.086530444444444,-7.1172063492063495
320.699,-1.8668,92.61038,3.087012666666667,-7.1116190476190475
320.749,-1.866,92.62485333333333,3.087495111111111,-7.1085714285714285
320.799,-1.8657333333333335,92.63932,3.0879773333333334,-7.107555555555556
320.849,-1.8654666666666666,92.65378666666668,3.088459555555556,-7.106539682539682
320.899,-1.8647333333333334,92.66828666666667,3.088942888888889,-7.103746031746032
320.949,-1.864,92.68278666666667,3.0894262222222224,-7.100952380952381
320.999,-1.8624,92.69725333333332,3.0899084444444442,-7.094857142857143
321.049,-1.8608,92.71172666666666,3.090390888888889,-7.088761904761904
321.099,-1.8586666666666667,92.72619333333334,3.090873111111111,-7.08063492063492
321.149,-1.8565333333333334,92.74065999999999,3.091355333333333,-7.072507936507936
321.199,-1.8548,92.75515999999999,3.0918386666666664,-7.065904761904761
321.249,-1.8530666666666666,92.76965999999999,3.092322,-7.0593015873015865
321.299,-1.8541333333333334,92.78413333333333,3.0928044444444445,-7.063365079365079
321.349,-1.8552,92.79860000000001,3.0932866666666667,-7.067428571428571
321.399,-1.8563333333333332,92.81306666666666,3.0937688888888886,-7.071746031746031
321.449,-1.8564666666666667,92.82754,3.0942513333333332,-7.0722539682539685
321.499,-1.8566,92.84200666666668,3.094733555555556,-7.072761904761904
321.549,-1.8598666666666666,92.85647333333333,3.0952157777777773,-7.085206349206349
321.599,-1.8631333333333333,92.87091333333333,3.0956971111111113,-7.097650793650793
321.649,-1.8675333333333333,92.88535333333333,3.0961784444444445,-7.114412698412698
321.699,-1.8719333333333334,92.89978666666666,3.096659555555555,-7.131174603174603
321.749,-1.8786666666666667,92.91426,3.097142,-7.156825396825397
321.799,-1.8854,92.92872666666668,3.0976242222222226,-7.18247619047619
321.849,-1.8928666666666667,92.94319333333333,3.0981064444444444,-7.210920634920635
321.899,-1.9003333333333332,92.95763333333333,3.098587777777778,-7.239365079365078
321.949,-1.9047333333333332,92.97206666666666,3.0990688888888887,-7.2561269841269835
321.999,-1.9091333333333333,92.98650666666666,3.0995502222222218,-7.272888888888889
322.049,-1.9090666666666667,93.00097333333333,3.1000324444444445,-7.27263492063492
322.099,-1.909,93.01544,3.1005146666666668,-7.272380952380952
322.149,-1.9090666666666667,93.02988,3.1009960000000003,-7.27263492063492
322.199,-1.9111333333333334,93.04431333333333,3.101477111111111,-7.280507936507936
322.249,-1.9132,93.05874666666666,3.101958222222222,-7.288380952380952
322.299,-1.9132666666666667,93.07318666666667,3.1024395555555557,-7.28863492063492
322.349,-1.9133333333333333,93.08765333333334,3.102921777777778,-7.288888888888889
322.399,-1.9105333333333334,93.10212,3.103404,-7.278222222222222
322.449,-1.9077333333333333,93.11655999999999,3.103885333333333,-7.267555555555555
322.499,-1.9005333333333332,93.13099333333334,3.1043664444444445,-7.2401269841269835
322.549,-1.8933333333333333,93.14543333333333,3.1048477777777777,-7.212698412698412
322.599,-1.8843333333333334,93.15987333333332,3.1053291111111108,-7.178412698412698
322.649,-1.8753333333333333,93.17434,3.1058113333333335,-7.144126984126983
322.699,-1.8687333333333334,93.18881333333334,3.106293777777778,-7.1189841269841265
322.749,-1.8621333333333332,93.20324666666667,3.106774888888889,-7.093841269841269
322.799,-1.8582666666666665,93.21768666666667,3.107256222222222,-7.07911111111111
322.849,-1.8543999999999998,93.23212666666667,3.107737555555556,-7.064380952380952
322.899,-1.8507333333333333,93.24659333333334,3.108219777777778,-7.050412698412698
322.949,-1.8456000000000001,93.26106,3.108702,-7.030857142857143
322.999,-1.8404666666666667,93.27553333333334,3.1091844444444448,-7.011301587301587
323.049,-1.8345999999999998,93.28996666666667,3.109665555555556,-6.98895238095238
323.099,-1.8287333333333333,93.30440666666667,3.110146888888889,-6.966603174603175
323.149,-1.8248,93.31884666666666,3.110628222222222,-6.951619047619047
323.199,-1.8208666666666666,93.33331333333334,3.1111104444444444,-6.93663492063492
323.249,-1.8200666666666665,93.34778666666666,3.1115928888888886,-6.933587301587301
323.299,-1.8192666666666668,93.36225333333333,3.112075111111111,-6.930539682539683
323.349,-1.8193333333333332,93.37669333333334,3.1125564444444445,-6.9307936507936505
323.399,-1.8194000000000001,93.39113333333333,3.1130377777777776,-6.931047619047619
323.449,-1.8197333333333332,93.40556666666666,3.1135188888888887,-6.932317460317459
323.499,-1.8200666666666665,93.42004,3.1140013333333334,-6.933587301587301
323.549,-1.8205333333333333,93.43450666666666,3.1144835555555557,-6.935365079365079
323.6,-1.8212,93.44897333333333,3.1149657777777775,-6.937904761904761
323.65,-1.8217333333333334,93.46344,3.115448,-6.939936507936508
323.7,-1.8228666666666666,93.47791333333333,3.1159304444444444,-6.9442539682539675
323.75,-1.824,93.49238,3.1164126666666667,-6.948571428571428
323.8,-1.8255333333333332,93.50688,3.1168959999999997,-6.954412698412698
323.85,-1.8270666666666666,93.52138,3.117379333333333,-6.9602539682539675
323.9,-1.8291333333333335,93.53584666666667,3.1178615555555558,-6.968126984126984
323.95,-1.8312,93.55032,3.118344,-6.975999999999999
324.0,-1.8323333333333334,93.56478666666666,3.1188262222222223,-6.98031746031746
324.05,-1.8334666666666666,93.57925333333333,3.119308444444444,-6.98463492063492
324.1,-1.8353333333333335,93.59375333333334,3.119791777777778,-6.991746031746032
324.15,-1.8372,93.60825333333334,3.1202751111111113,-6.998857142857142
324.2,-1.8385333333333334,93.62272666666667,3.1207575555555556,-7.0039365079365075
324.25,-1.8398666666666665,93.63719333333333,3.121239777777778,-7.009015873015872
324.3,-1.8405333333333334,93.65165999999999,3.1217219999999997,-7.011555555555556
324.35,-1.8412666666666666,93.66612666666667,3.1222042222222224,-7.0143492063492054
324.4,-1.842,93.6806,3.1226866666666666,-7.017142857142857
324.45,-1.8419333333333334,93.69506666666666,3.123168888888889,-7.0168888888888885
324.5,-1.8418666666666668,93.70950666666666,3.123650222222222,-7.016634920634921
324.55,-1.8416000000000001,93.72394666666668,3.124131555555556,-7.015619047619047
324.6,-1.8413333333333335,93.73838,3.1246126666666667,-7.014603174603175
324.65,-1.8415333333333335,93.75285333333333,3.125095111111111,-7.01536507936508
324.7,-1.8417333333333334,93.76732,3.125577333333333,-7.016126984126984
324.75,-1.8424666666666667,93.78178666666666,3.1260595555555555,-7.018920634920635
324.8,-1.8432,93.79622666666667,3.126540888888889,-7.021714285714285
324.85,-1.8431333333333333,93.81066000000001,3.1270220000000006,-7.021460317460317
324.9,-1.8430666666666666,93.8251,3.1275033333333337,-7.021206349206349
324.95,-1.8431333333333335,93.83956666666667,3.1279855555555556,-7.021460317460318
325.0,-1.8432,93.85403333333333,3.128467777777778,-7.021714285714285
325.051,-1.8438666666666668,93.8685,3.12895,-7.024253968253968
325.101,-1.8436666666666668,93.88297333333334,3.129432444444445,-7.023492063492063
325.151,-1.8434666666666668,93.89744,3.1299146666666666,-7.022730158730159
325.201,-1.8436666666666668,93.91190666666667,3.130396888888889,-7.023492063492063
325.251,-1.8438666666666668,93.92640666666667,3.1308802222222223,-7.024253968253968
325.301,-1.845,93.94090666666666,3.1313635555555552,-7.0285714285714285
325.351,-1.8461333333333334,93.95538,3.1318460000000004,-7.0328888888888885
325.401,-1.8477333333333334,93.96984666666667,3.132328222222222,-7.038984126984127
325.451,-1.8493333333333335,93.98431333333333,3.1328104444444445,-7.045079365079365
325.501,-1.8514000000000002,93.99878666666667,3.133292888888889,-7.052952380952381
325.551,-1.8534666666666666,94.01328666666667,3.1337762222222225,-7.060825396825396
325.601,-1.8559333333333332,94.02778666666667,3.134259555555556,-7.070222222222221
325.651,-1.8584,94.04225333333333,3.1347417777777777,-7.0796190476190475
325.701,-1.8604666666666667,94.05672,3.135224,-7.087492063492063
325.751,-1.8625333333333332,94.07118666666666,3.1357062222222223,-7.095365079365078
325.801,-1.8643333333333334,94.08566,3.136188666666667,-7.102222222222222
325.851,-1.8665333333333334,94.10012666666667,3.136670888888889,-7.110603174603175
325.901,-1.8687333333333334,94.11459333333333,3.137153111111111,-7.1189841269841265
325.951,-1.8712666666666666,94.12903333333334,3.1376344444444446,-7.12863492063492
326.001,-1.8738,94.14346666666667,3.1381155555555558,-7.138285714285714
326.051,-1.8749333333333333,94.15790666666666,3.138596888888889,-7.142603174603174
326.101,-1.8760666666666665,94.17237333333334,3.139079111111111,-7.146920634920634
326.151,-1.8762666666666665,94.18684,3.1395613333333334,-7.147682539682539
326.201,-1.8764666666666665,94.20131333333333,3.1400437777777777,-7.1484444444444435
326.251,-1.8766666666666665,94.21574666666667,3.1405248888888893,-7.149206349206348
326.301,-1.8768666666666667,94.23018,3.141006,-7.149968253968254
326.351,-1.8769333333333333,94.24462,3.141487333333333,-7.150222222222222
326.401,-1.877,94.25908666666668,3.141969555555556,-7.15047619047619
326.451,-1.8775333333333333,94.27355333333334,3.142451777777778,-7.152507936507936
326.501,-1.8777333333333333,94.28799333333333,3.142933111111111,-7.15326984126984
326.551,-1.8780666666666666,94.30242666666666,3.143414222222222,-7.154539682539681
326.601,-1.8788666666666667,94.31686666666666,3.143895555555555,-7.157587301587301
326.651,-1.8796666666666666,94.33130666666666,3.1443768888888886,-7.16063492063492
326.701,-1.8801333333333332,94.34577333333333,3.144859111111111,-7.162412698412697
326.751,-1.8806,94.36024666666667,3.1453415555555555,-7.164190476190476
326.801,-1.8808,94.37468,3.1458226666666667,-7.164952380952381
326.851,-1.881,94.38912,3.146304,-7.1657142857142855
326.901,-1.8789333333333331,94.40356,3.1467853333333333,-7.157841269841269
326.951,-1.8768666666666667,94.41799333333333,3.1472664444444445,-7.149968253968254
327.001,-1.8738666666666668,94.43246,3.1477486666666668,-7.138539682539682
327.051,-1.8708666666666667,94.44693333333333,3.148231111111111,-7.127111111111111
327.101,-1.869,94.46136666666666,3.148712222222222,-7.12
327.151,-1.8671333333333335,94.47580666666666,3.1491935555555552,-7.1128888888888895
327.201,-1.8650666666666667,94.49024666666668,3.1496748888888892,-7.105015873015873
327.251,-1.8636666666666666,94.50471333333333,3.150157111111111,-7.099682539682539
327.301,-1.8622666666666667,94.51918666666667,3.1506395555555557,-7.094349206349206
327.351,-1.8606666666666667,94.53365333333333,3.1511217777777776,-7.0882539682539685
327.401,-1.8590666666666666,94.54809333333333,3.1516031111111107,-7.08215873015873
327.451,-1.8574666666666668,94.56253333333333,3.1520844444444447,-7.076063492063493
327.501,-1.8558666666666668,94.57696666666668,3.152565555555556,-7.069968253968254
327.551,-1.8556,94.59143999999999,3.1530479999999996,-7.06895238095238
327.601,-1.8553333333333335,94.60590666666667,3.1535302222222223,-7.067936507936508
327.651,-1.8554,94.62037333333333,3.1540124444444446,-7.068190476190476
327.701,-1.8554666666666668,94.63481333333333,3.1544937777777777,-7.068444444444444
327.751,-1.8554666666666668,94.64925333333333,3.1549751111111113,-7.068444444444444
327.801,-1.8554666666666668,94.66368666666668,3.1554562222222224,-7.068444444444444
327.851,-1.8553333333333335,94.67815999999999,3.1559386666666662,-7.067936507936508
327.901,-1.8552,94.69262666666667,3.156420888888889,-7.067428571428571
327.952,-1.8551333333333335,94.70709333333335,3.1569031111111117,-7.067174603174603
328.002,-1.8547333333333333,94.72156666666666,3.1573855555555554,-7.065650793650794
328.052,-1.8543333333333334,94.73603333333334,3.157867777777778,-7.064126984126984
328.102,-1.8537333333333335,94.7505,3.15835,-7.06184126984127
328.152,-1.8531333333333333,94.765,3.1588333333333334,-7.059555555555555
328.202,-1.8521333333333334,94.77950000000001,3.159316666666667,-7.055746031746032
328.252,-1.8511333333333333,94.79397333333333,3.159799111111111,-7.0519365079365075
328.302,-1.8493333333333335,94.80844,3.1602813333333333,-7.045079365079365
328.352,-1.8475333333333335,94.82290666666667,3.1607635555555555,-7.038222222222222
328.402,-1.8466,94.83738,3.161246,-7.034666666666666
328.452,-1.8456666666666668,94.85188,3.161729333333333,-7.0311111111111115
328.502,-1.8447333333333333,94.86637999999999,3.1622126666666666,-7.027555555555555
328.552,-1.8438,94.88085333333333,3.1626951111111112,-7.024
328.602,-1.8417333333333334,94.89532,3.163177333333333,-7.016126984126984
328.652,-1.8396666666666666,94.90978666666666,3.1636595555555553,-7.0082539682539675
328.702,-1.8382666666666667,94.92426,3.164142,-7.002920634920635
328.752,-1.8373333333333335,94.93872666666667,3.1646242222222223,-6.99936507936508
328.802,-1.8364,94.95319333333333,3.1651064444444446,-6.995809523809523
328.852,-1.8357999999999999,94.96763333333334,3.165587777777778,-6.993523809523809
328.902,-1.8352000000000002,94.98206666666667,3.166068888888889,-6.991238095238096
328.952,-1.8354,94.99650666666666,3.166550222222222,-6.991999999999999
329.002,-1.8356,95.01097333333334,3.1670324444444446,-6.992761904761904
329.052,-1.8352,95.02543999999999,3.1675146666666665,-6.991238095238095
329.102,-1.8348000000000002,95.03991333333333,3.167997111111111,-6.989714285714286
329.152,-1.8356666666666668,95.05434666666666,3.168478222222222,-6.993015873015874
329.202,-1.8365333333333334,95.06878,3.1689593333333335,-6.99631746031746
329.252,-1.8374,95.08322,3.1694406666666666,-6.999619047619047
329.302,-1.8382666666666667,95.09768666666668,3.1699228888888893,-7.002920634920635
329.352,-1.8390666666666666,95.11215333333332,3.1704051111111107,-7.005968253968254
329.403,-1.8396666666666666,95.12662666666667,3.1708875555555553,-7.0082539682539675
329.453,-1.8400666666666665,95.14109333333333,3.1713697777777776,-7.009777777777777
329.503,-1.839,95.15556,3.171852,-7.005714285714285
329.553,-1.8379333333333332,95.17003333333334,3.1723344444444446,-7.001650793650793
329.603,-1.8371333333333333,95.18453333333333,3.172817777777778,-6.998603174603174
329.653,-1.8363333333333334,95.19903333333333,3.173301111111111,-6.995555555555556
329.703,-1.8354666666666666,95.21350000000001,3.1737833333333336,-6.9922539682539675
329.753,-1.8346000000000002,95.22796666666666,3.1742655555555555,-6.988952380952382
329.803,-1.8344666666666667,95.24244,3.174748,-6.988444444444444
329.853,-1.8343333333333334,95.25690666666667,3.1752302222222224,-6.9879365079365074
329.903,-1.8341333333333334,95.27140666666668,3.175713555555556,-6.987174603174603
329.953,-1.8339333333333334,95.28590666666668,3.176196888888889,-6.986412698412699
330.003,-1.8352666666666666,95.30037333333333,3.176679111111111,-6.991492063492063
330.053,-1.8366,95.31484,3.1771613333333333,-6.996571428571428
330.103,-1.8383333333333334,95.32931333333333,3.1776437777777775,-7.003174603174603
330.153,-1.8394666666666666,95.34378,3.178126,-7.007492063492063
330.203,-1.8406,95.35824666666667,3.1786082222222225,-7.011809523809523
330.253,-1.8424666666666667,95.37272,3.1790906666666667,-7.018920634920635
330.303,-1.8443333333333334,95.38715333333333,3.179571777777778,-7.026031746031746
330.353,-1.8463333333333334,95.40159333333332,3.180053111111111,-7.033650793650794
330.403,-1.8483333333333334,95.41603333333333,3.1805344444444446,-7.041269841269841
330.453,-1.8500666666666667,95.4305,3.1810166666666664,-7.047873015873016
330.503,-1.8518000000000001,95.44497333333334,3.181499111111111,-7.054476190476191
330.553,-1.8509333333333333,95.45944,3.1819813333333333,-7.051174603174603
330.603,-1.8500666666666667,95.47387333333333,3.1824624444444445,-7.047873015873016
330.653,-1.8465333333333334,95.48831333333332,3.1829437777777776,-7.034412698412698
330.703,-1.843,95.50275333333335,3.1834251111111116,-7.02095238095238
330.753,-1.8376666666666668,95.51722,3.183907333333333,-7.000634920634921
330.803,-1.8323333333333334,95.53169333333334,3.184389777777778,-6.98031746031746
330.853,-1.8270000000000002,95.54612666666667,3.184870888888889,-6.96
330.903,-1.8224666666666667,95.56056666666667,3.1853522222222224,-6.942730158730159
330.953,-1.8179333333333332,95.57500666666667,3.1858335555555555,-6.925460317460317
331.003,-1.8138,95.58944,3.1863146666666666,-6.909714285714286
331.053,-1.8096666666666665,95.60391333333334,3.1867971111111113,-6.893968253968253
331.103,-1.8046666666666666,95.61837999999999,3.187279333333333,-6.874920634920635
331.153,-1.7996666666666665,95.63282000000001,3.187760666666667,-6.855873015873015
331.203,-1.7947333333333333,95.64726,3.1882420000000002,-6.837079365079364
331.253,-1.7897999999999998,95.66169333333333,3.188723111111111,-6.818285714285714
331.303,-1.788,95.67612666666668,3.1892042222222226,-6.811428571428571
331.353,-1.7862,95.69059999999999,3.1896866666666663,-6.804571428571428
331.403,-1.7868666666666668,95.70506666666667,3.190168888888889,-6.807111111111111
331.453,-1.7875333333333332,95.71950666666666,3.190650222222222,-6.809650793650793
331.503,-1.7886,95.73394666666667,3.1911315555555557,-6.813714285714285
331.553,-1.7890666666666666,95.74838,3.1916126666666664,-6.815492063492063
331.603,-1.7895333333333334,95.76285333333334,3.192095111111111,-6.817269841269841
331.653,-1.7902666666666667,95.77731999999999,3.192577333333333,-6.8200634920634915
331.703,-1.791,95.79178666666667,3.1930595555555557,-6.822857142857142
331.753,-1.792,95.80622666666666,3.1935408888888888,-6.826666666666666
331.803,-1.793,95.82066,3.194022,-6.8304761904761895
331.853,-1.7944666666666669,95.8351,3.194503333333333,-6.836063492063492
331.903,-1.7959333333333334,95.84956666666668,3.1949855555555557,-6.8416507936507935
331.953,-1.7960666666666667,95.86403333333332,3.1954677777777776,-6.84215873015873
332.003,-1.7962,95.8785,3.1959500000000003,-6.842666666666666
332.053,-1.7956,95.89294,3.1964313333333334,-6.8403809523809525
332.103,-1.7950000000000002,95.90737333333333,3.196912444444444,-6.838095238095239
332.153,-1.7948,95.92181333333333,3.1973937777777777,-6.837333333333333
332.203,-1.7946,95.93628,3.197876,-6.836571428571428
332.253,-1.7946666666666669,95.95074666666666,3.198358222222222,-6.836825396825398
332.304,-1.7945333333333333,95.96522,3.198840666666667,-6.83631746031746
332.354,-1.7944,95.97968666666667,3.1993228888888887,-6.835809523809523
332.404,-1.7944666666666669,95.99415333333333,3.199805111111111,-6.836063492063492
332.454,-1.7945333333333333,96.00862666666667,3.2002875555555557,-6.83631746031746
332.504,-1.7943333333333333,96.02312666666667,3.200770888888889,-6.835555555555556
332.554,-1.7941333333333334,96.03762666666667,3.2012542222222224,-6.83479365079365
332.604,-1.7943333333333333,96.05209333333333,3.2017364444444443,-6.835555555555556
332.654,-1.7945333333333333,96.06656,3.2022186666666665,-6.83631746031746
332.704,-1.7962666666666667,96.08102666666667,3.2027008888888893,-6.842920634920635
332.754,-1.7979999999999998,96.09549999999999,3.203183333333333,-6.8495238095238085
332.804,-1.7987333333333335,96.11,3.2036666666666664,-6.852317460317461
332.854,-1.7994666666666668,96.1245,3.20415,-6.855111111111111
332.904,-1.7992,96.13896666666666,3.204632222222222,-6.854095238095238
332.954,-1.7989333333333335,96.15343333333334,3.205114444444445,-6.853079365079365
333.004,-1.7982666666666667,96.16790666666665,3.2055968888888886,-6.850539682539682
333.054,-1.7981333333333334,96.18237333333333,3.206079111111111,-6.850031746031746
333.104,-1.7979999999999998,96.19684000000001,3.2065613333333336,-6.8495238095238085
333.154,-1.7980666666666667,96.21131333333332,3.2070437777777774,-6.849777777777778
333.204,-1.7981333333333334,96.22574666666667,3.207524888888889,-6.850031746031746
333.254,-1.7986,96.24018666666667,3.2080062222222225,-6.851809523809523
333.304,-1.7990666666666668,96.25462666666667,3.2084875555555556,-6.853587301587302
333.354,-1.7990666666666668,96.26909333333333,3.2089697777777775,-6.853587301587302
333.404,-1.7990666666666668,96.28356000000001,3.209452,-6.853587301587302
333.454,-1.7972666666666666,96.29803333333332,3.209934444444444,-6.846730158730158
333.504,-1.7954666666666668,96.31246666666667,3.2104155555555556,-6.839873015873016
333.554,-1.7950000000000002,96.32690666666667,3.210896888888889,-6.838095238095239
333.604,-1.7945333333333333,96.34134666666667,3.2113782222222222,-6.83631746031746
333.654,-1.7959333333333334,96.35581333333333,3.2118604444444445,-6.8416507936507935
333.704,-1.7973333333333334,96.37028666666667,3.212342888888889,-6.846984126984127
333.755,-1.7993333333333332,96.38475333333332,3.2128251111111106,-6.854603174603174
333.805,-1.8002,96.39922,3.2133073333333333,-6.857904761904762
333.855,-1.8010666666666666,96.41369333333334,3.213789777777778,-6.861206349206348
333.905,-1.8006,96.42815999999999,3.214272,-6.859428571428571
333.955,-1.8001333333333334,96.44265999999999,3.214755333333333,-6.8576507936507936
334.005,-1.7990666666666668,96.45715333333332,3.215238444444444,-6.853587301587302
334.055,-1.7979999999999998,96.47162,3.215720666666667,-6.8495238095238085
334.105,-1.7964666666666667,96.48608666666665,3.2162028888888883,-6.843682539682539
334.155,-1.7949333333333333,96.50056,3.216685333333333,-6.837841269841269
334.205,-1.7953333333333332,96.51502666666667,3.2171675555555557,-6.839365079365079
334.255,-1.7957333333333334,96.52952666666667,3.217650888888889,-6.840888888888889
334.305,-1.7968,96.54402666666667,3.2181342222222225,-6.844952380952381
334.355,-1.7978666666666667,96.55849333333335,3.2186164444444447,-6.849015873015873
334.405,-1.7976666666666667,96.57296666666666,3.2190988888888885,-6.848253968253968
334.455,-1.7973999999999999,96.58743333333334,3.2195811111111112,-6.847238095238095
334.505,-1.7968,96.60189999999999,3.220063333333333,-6.844952380952381
334.555,-1.7966666666666666,96.61637333333333,3.2205457777777777,-6.844444444444444
334.605,-1.7965333333333333,96.63084,3.221028,-6.843936507936507
334.655,-1.7972666666666666,96.64527333333334,3.221509111111111,-6.846730158730158
334.705,-1.7979999999999998,96.65971333333333,3.2219904444444443,-6.8495238095238085
334.755,-1.7996666666666667,96.67415333333334,3.222471777777778,-6.855873015873016
334.805,-1.8013333333333332,96.68861999999999,3.2229539999999997,-6.862222222222221
334.855,-1.8036666666666668,96.70309333333333,3.2234364444444443,-6.871111111111111
334.905,-1.806,96.71756,3.223918666666667,-6.88
334.955,-1.8075333333333332,96.732,3.2244,-6.885841269841269
335.005,-1.8090666666666666,96.74643999999999,3.2248813333333333,-6.891682539682539
335.055,-1.8092666666666666,96.76087333333334,3.2253624444444444,-6.892444444444444
335.105,-1.8094666666666666,96.77534666666666,3.2258448888888887,-6.8932063492063484
335.155,-1.8088000000000002,96.78981333333333,3.226327111111111,-6.890666666666667
335.205,-1.8087333333333333,96.80425333333332,3.226808444444444,-6.890412698412698
335.255,-1.8086666666666666,96.81869333333334,3.227289777777778,-6.8901587301587295
335.305,-1.8099999999999998,96.83312666666667,3.227770888888889,-6.895238095238095
335.355,-1.8113333333333335,96.84756,3.228252,-6.900317460317461
335.405,-1.8126666666666666,96.86203333333333,3.228734444444444,-6.905396825396825
335.455,-1.814,96.87650000000001,3.229216666666667,-6.91047619047619
335.505,-1.8134000000000001,96.89094,3.229698,-6.908190476190477
335.555,-1.8128,96.90538,3.230179333333333,-6.905904761904761
335.605,-1.8118666666666667,96.91981333333334,3.2306604444444447,-6.902349206349206
335.655,-1.8109333333333335,96.93425333333333,3.231141777777778,-6.898793650793651
335.705,-1.8098666666666667,96.94872000000001,3.2316240000000005,-6.894730158730159
335.755,-1.8088000000000002,96.96318666666666,3.232106222222222,-6.890666666666667
335.805,-1.8084666666666667,96.97762666666667,3.2325875555555554,-6.889396825396825
335.855,-1.8081333333333334,96.99206000000001,3.233068666666667,-6.888126984126984
335.905,-1.8086,97.0065,3.23355,-6.889904761904762
335.955,-1.8089333333333333,97.02096666666667,3.2340322222222224,-6.891174603174603
336.005,-1.8092666666666666,97.03543333333333,3.2345144444444442,-6.892444444444444
336.055,-1.8089333333333333,97.0499,3.2349966666666665,-6.891174603174603
336.105,-1.8086,97.06433999999999,3.2354779999999996,-6.889904761904762
336.155,-1.8074000000000001,97.07877333333333,3.2359591111111112,-6.8853333333333335
336.205,-1.8062,97.09321333333334,3.236440444444445,-6.880761904761904
336.255,-1.8055999999999999,97.10768,3.2369226666666666,-6.8784761904761895
336.305,-1.805,97.12214666666667,3.237404888888889,-6.876190476190476
336.355,-1.8044666666666667,97.13662,3.237887333333333,-6.8741587301587295
336.405,-1.8039333333333334,97.15105333333332,3.2383684444444443,-6.872126984126984
336.455,-1.8044666666666667,97.16549333333334,3.2388497777777783,-6.8741587301587295
336.505,-1.805,97.17993333333334,3.2393311111111114,-6.876190476190476
336.555,-1.8053333333333332,97.1944,3.239813333333333,-6.877460317460317
336.605,-1.8056666666666668,97.20887333333333,3.2402957777777774,-6.878730158730159
336.656,-1.8057333333333332,97.22334000000001,3.240778,-6.878984126984126
336.706,-1.8054666666666668,97.23780666666667,3.2412602222222224,-6.8779682539682545
336.756,-1.8052,97.25227333333333,3.2417424444444447,-6.87695238095238
336.806,-1.8046666666666666,97.26674666666666,3.242224888888889,-6.874920634920635
336.856,-1.8041333333333334,97.28124666666666,3.242708222222222,-6.872888888888888
336.906,-1.8043333333333333,97.29574666666667,3.2431915555555557,-6.873650793650794
336.956,-1.8045333333333333,97.31021333333334,3.243673777777778,-6.874412698412698
337.006,-1.8055333333333332,97.32468,3.244156,-6.878222222222221
337.056,-1.8065333333333333,97.33915333333333,3.2446384444444445,-6.882031746031745
337.106,-1.8072666666666668,97.35362,3.2451206666666668,-6.884825396825397
337.156,-1.808,97.36812,3.245604,-6.887619047619047
337.206,-1.8077333333333334,97.38262,3.2460873333333335,-6.886603174603175
337.256,-1.8074666666666668,97.39708666666667,3.2465695555555554,-6.885587301587302
337.306,-1.8072666666666668,97.41156,3.2470519999999996,-6.884825396825397
337.356,-1.8072666666666668,97.42602666666667,3.2475342222222223,-6.884825396825397
337.406,-1.8072666666666668,97.44049333333334,3.2480164444444446,-6.884825396825397
337.456,-1.8072666666666668,97.45496666666666,3.248498888888889,-6.884825396825397
337.506,-1.8072666666666668,97.46944,3.2489813333333335,-6.884825396825397
337.556,-1.807,97.48387333333334,3.2494624444444447,-6.883809523809523
337.606,-1.8067333333333333,97.49831333333333,3.2499437777777778,-6.8827936507936505
337.656,-1.8062,97.51275333333334,3.2504251111111113,-6.880761904761904
337.706,-1.8056666666666668,97.52722,3.250907333333333,-6.878730158730159
337.756,-1.8044,97.54169333333333,3.2513897777777774,-6.873904761904762
337.806,-1.8031333333333335,97.55616,3.251872,-6.869079365079365
337.856,-1.8014666666666665,97.5706,3.252353333333333,-6.862730158730158
337.906,-1.7998,97.58503999999999,3.2528346666666663,-6.8563809523809525
337.956,-1.7983333333333333,97.59947333333334,3.253315777777778,-6.85079365079365
338.006,-1.7968666666666666,97.61394666666666,3.253798222222222,-6.845206349206348
338.056,-1.7955333333333334,97.62841333333333,3.2542804444444444,-6.840126984126984
338.107,-1.7940666666666667,97.64288,3.2547626666666667,-6.834539682539682
338.157,-1.7926,97.65735333333333,3.255245111111111,-6.828952380952381
338.207,-1.7908,97.67182,3.255727333333333,-6.822095238095238
338.257,-1.7890000000000001,97.68628666666667,3.256209555555556,-6.8152380952380955
338.307,-1.7883333333333333,97.70078666666667,3.2566928888888893,-6.8126984126984125
338.357,-1.7876666666666667,97.71528666666667,3.2571762222222223,-6.81015873015873
338.407,-1.7870666666666668,97.72975333333333,3.2576584444444445,-6.8078730158730165
338.457,-1.7864666666666666,97.74422666666666,3.2581408888888888,-6.805587301587301
338.507,-1.7863333333333336,97.75869333333334,3.2586231111111115,-6.805079365079366
338.557,-1.7862,97.77316,3.2591053333333333,-6.804571428571428
338.607,-1.7868,97.78766,3.2595886666666667,-6.806857142857142
338.657,-1.7874,97.80216,3.260072,-6.809142857142858
338.707,-1.7886666666666666,97.81663333333333,3.2605544444444443,-6.813968253968254
338.757,-1.7899333333333334,97.8311,3.261036666666667,-6.81879365079365
338.807,-1.7906666666666666,97.84556666666667,3.261518888888889,-6.821587301587301
338.857,-1.7920666666666667,97.86004,3.262001333333333,-6.826920634920635
338.907,-1.7934666666666668,97.87450666666668,3.262483555555556,-6.832253968253968
338.957,-1.7977999999999998,97.88897333333333,3.2629657777777776,-6.848761904761904
339.007,-1.8021333333333334,97.90341333333335,3.2634471111111116,-6.865269841269841
339.057,-1.8064666666666667,97.91785333333334,3.2639284444444447,-6.881777777777778
339.107,-1.8108,97.93228666666667,3.2644095555555555,-6.898285714285714
339.157,-1.814,97.94676,3.264892,-6.91047619047619
339.207,-1.8172,97.96122666666666,3.265374222222222,-6.922666666666666
339.257,-1.8189333333333333,97.97569333333334,3.2658564444444447,-6.929269841269841
339.307,-1.8206666666666667,97.99013333333333,3.266337777777778,-6.935873015873016
339.357,-1.8219999999999998,98.00456666666668,3.2668188888888894,-6.94095238095238
339.407,-1.8233333333333335,98.01900666666667,3.2673002222222225,-6.946031746031746
339.457,-1.8247333333333333,98.03347333333333,3.2677824444444443,-6.951365079365079
339.507,-1.8267333333333333,98.04794,3.2682646666666666,-6.958984126984126
339.557,-1.8289333333333333,98.06238,3.268746,-6.967365079365079
339.607,-1.8284666666666667,98.07681333333333,3.2692271111111113,-6.965587301587301
339.657,-1.828,98.09124666666666,3.269708222222222,-6.963809523809524
339.707,-1.8246,98.10568666666667,3.2701895555555556,-6.950857142857142
339.757,-1.8212000000000002,98.12015333333333,3.270671777777778,-6.937904761904762
339.807,-1.8170666666666666,98.13462,3.271154,-6.9221587301587295
339.857,-1.8129333333333333,98.14905999999999,3.2716353333333332,-6.906412698412698
339.907,-1.8097333333333334,98.16349333333332,3.272116444444444,-6.894222222222222
339.957,-1.8065333333333333,98.17793333333334,3.272597777777778,-6.882031746031745
340.007,-1.805,98.19237333333334,3.273079111111111,-6.876190476190476
340.057,-1.8034666666666666,98.20684,3.2735613333333333,-6.870349206349205
340.107,-1.8019333333333334,98.22131333333333,3.2740437777777776,-6.864507936507937
340.157,-1.8004,98.23574666666667,3.274524888888889,-6.858666666666666
340.207,-1.7980666666666667,98.25018666666666,3.2750062222222223,-6.849777777777778
340.257,-1.7952000000000001,98.26462666666666,3.2754875555555554,-6.838857142857143
340.307,-1.7923333333333333,98.27909333333334,3.2759697777777776,-6.827936507936507
340.357,-1.7920666666666667,98.29356,3.276452,-6.826920634920635
340.407,-1.7917999999999998,98.30803333333333,3.276934444444444,-6.825904761904761
340.457,-1.7930666666666668,98.32246666666667,3.2774155555555557,-6.830730158730159
340.507,-1.7943333333333333,98.33690666666666,3.277896888888889,-6.835555555555556
340.557,-1.7963333333333333,98.35134666666666,3.278378222222222,-6.843174603174603
340.607,-1.7983333333333333,98.36581333333334,3.2788604444444447,-6.85079365079365
340.657,-1.8008,98.38028666666666,3.279342888888889,-6.860190476190476
340.707,-1.8032666666666666,98.39475333333333,3.2798251111111107,-6.869587301587301
340.757,-1.805,98.40919333333333,3.2803064444444443,-6.876190476190476
340.807,-1.8067333333333333,98.42363333333333,3.2807877777777774,-6.8827936507936505
340.857,-1.8082666666666667,98.43806666666666,3.2812688888888886,-6.88863492063492
340.907,-1.8097999999999999,98.45254,3.2817513333333332,-6.8944761904761895
340.957,-1.8107333333333335,98.46700666666668,3.282233555555556,-6.898031746031746
341.008,-1.8114,98.48147333333333,3.2827157777777773,-6.9005714285714275
341.058,-1.8120666666666667,98.49594,3.283198,-6.903111111111111
341.108,-1.8119333333333332,98.51041333333333,3.2836804444444443,-6.902603174603174
341.158,-1.8118,98.52488,3.2841626666666666,-6.902095238095238
341.208,-1.8108666666666666,98.53938,3.284646,-6.898539682539682
341.258,-1.8099333333333334,98.55387999999999,3.285129333333333,-6.894984126984127
341.308,-1.8088000000000002,98.56834666666667,3.2856115555555556,-6.890666666666667
341.358,-1.8076666666666665,98.58282,3.286094,-6.886349206349205
341.408,-1.8068,98.59728666666666,3.286576222222222,-6.883047619047619
341.458,-1.8059333333333332,98.61175333333334,3.287058444444445,-6.879746031746031
341.508,-1.8056666666666668,98.62625333333334,3.287541777777778,-6.878730158730159
341.558,-1.8054,98.64075333333334,3.288025111111111,-6.877714285714285
341.608,-1.8054666666666668,98.65522666666668,3.288507555555556,-6.8779682539682545
341.658,-1.8055333333333334,98.66969333333333,3.2889897777777777,-6.878222222222222
341.708,-1.8059333333333332,98.68416,3.2894720000000004,-6.879746031746031
341.758,-1.807,98.69862666666667,3.2899542222222222,-6.883809523809523
341.808,-1.8080666666666667,98.7131,3.2904366666666665,-6.887873015873016
341.858,-1.8096666666666665,98.72756666666668,3.290918888888889,-6.893968253968253
341.908,-1.8112666666666668,98.74200666666667,3.2914002222222223,-6.9000634920634925
341.958,-1.8119333333333334,98.75644666666668,3.291881555555556,-6.902603174603175
342.008,-1.8126,98.77088,3.292362666666667,-6.905142857142857
342.058,-1.8132666666666668,98.78535333333333,3.2928451111111112,-6.90768253968254
342.108,-1.8139333333333334,98.79982,3.293327333333333,-6.910222222222222
342.158,-1.8138,98.81428666666667,3.2938095555555558,-6.909714285714286
342.208,-1.8136666666666668,98.82872666666667,3.294290888888889,-6.909206349206349
342.258,-1.8134000000000001,98.84316,3.294772,-6.908190476190477
342.308,-1.8131333333333333,98.8576,3.2952533333333336,-6.907174603174602
342.358,-1.8134000000000001,98.87206666666665,3.295735555555555,-6.908190476190477
342.408,-1.8136,98.88653333333333,3.2962177777777777,-6.908952380952381
342.459,-1.8141333333333334,98.90100000000001,3.2967000000000004,-6.910984126984127
342.509,-1.8142,98.91547333333332,3.297182444444444,-6.911238095238095
342.559,-1.8142666666666665,98.92994,3.297664666666667,-6.911492063492062
342.609,-1.8142,98.94440666666667,3.2981468888888887,-6.911238095238095
342.659,-1.8141333333333334,98.95890666666668,3.2986302222222226,-6.910984126984127
342.709,-1.8145333333333333,98.97340666666668,3.299113555555556,-6.912507936507936
342.759,-1.8149333333333333,98.98787999999999,3.2995959999999998,-6.914031746031745
342.809,-1.8149333333333333,99.00234666666667,3.3000782222222225,-6.914031746031745
342.859,-1.8149333333333333,99.01681333333333,3.3005604444444443,-6.914031746031745
342.909,-1.8154000000000001,99.03128666666666,3.3010428888888885,-6.915809523809524
342.959,-1.8158666666666667,99.04578666666666,3.301526222222222,-6.917587301587302
343.009,-1.8161999999999998,99.06028666666666,3.3020095555555553,-6.918857142857142
343.059,-1.8165333333333333,99.07475333333333,3.3024917777777776,-6.920126984126984
343.109,-1.8159999999999998,99.08922,3.302974,-6.918095238095237
343.159,-1.8146,99.10368666666666,3.303456222222222,-6.912761904761904
343.209,-1.8132,99.11816,3.303938666666667,-6.907428571428571
343.259,-1.8116666666666668,99.13262666666667,3.304420888888889,-6.901587301587302
343.309,-1.8101333333333334,99.14709333333333,3.304903111111111,-6.8957460317460315
343.359,-1.8090666666666666,99.16153333333334,3.3053844444444445,-6.891682539682539
343.409,-1.808,99.17596666666667,3.3058655555555556,-6.887619047619047
343.459,-1.8072000000000001,99.19040666666666,3.3063468888888887,-6.884571428571429
343.509,-1.8064,99.20487333333334,3.3068291111111114,-6.881523809523809
343.559,-1.8057333333333332,99.21934,3.3073113333333333,-6.878984126984126
343.609,-1.8050666666666666,99.23381333333333,3.3077937777777775,-6.876444444444444
343.659,-1.8049333333333333,99.24824666666667,3.308274888888889,-6.875936507936507
343.709,-1.8048,99.26268666666667,3.308756222222222,-6.875428571428571
343.759,-1.8049333333333333,99.27712666666666,3.3092375555555553,-6.875936507936507
343.809,-1.8050666666666666,99.29159333333334,3.309719777777778,-6.876444444444444
343.859,-1.806,99.30605999999999,3.3102019999999994,-6.88
343.909,-1.8082,99.3205,3.310683333333333,-6.8883809523809525
343.959,-1.8104,99.33493333333334,3.3111644444444446,-6.896761904761904
344.009,-1.8125333333333333,99.34937333333333,3.3116457777777777,-6.904888888888888
344.059,-1.8146666666666667,99.36381333333334,3.3121271111111112,-6.913015873015873
344.109,-1.8155999999999999,99.37827999999999,3.312609333333333,-6.9165714285714275
344.159,-1.8165333333333333,99.39275333333333,3.3130917777777777,-6.920126984126984
344.209,-1.8167333333333333,99.40718666666666,3.313572888888889,-6.920888888888888
344.259,-1.8169333333333335,99.42162666666667,3.3140542222222225,-6.921650793650794
344.309,-1.8172,99.43606666666666,3.3145355555555556,-6.922666666666666
344.359,-1.8174666666666668,99.45049999999999,3.3150166666666663,-6.92368253968254
344.409,-1.818,99.46496666666667,3.315498888888889,-6.925714285714285
344.459,-1.8185333333333333,99.47943333333333,3.3159811111111113,-6.9277460317460315
344.509,-1.8194666666666668,99.49386666666666,3.316462222222222,-6.931301587301587
344.559,-1.8204,99.50830666666667,3.3169435555555555,-6.934857142857143
344.609,-1.8209333333333333,99.52274666666668,3.317424888888889,-6.936888888888888
344.659,-1.8223333333333334,99.53721333333333,3.317907111111111,-6.942222222222222
344.709,-1.8237333333333334,99.55168666666667,3.3183895555555556,-6.947555555555556
344.759,-1.8262666666666667,99.56615333333335,3.3188717777777783,-6.957206349206349
344.809,-1.8288000000000002,99.58059333333334,3.3193531111111114,-6.966857142857143
344.859,-1.8318,99.59503333333333,3.3198344444444445,-6.978285714285715
344.909,-1.8348000000000002,99.60946666666668,3.3203155555555557,-6.989714285714286
344.959,-1.8386,99.62394,3.3207980000000004,-7.004190476190476
345.009,-1.8424,99.63840666666667,3.321280222222222,-7.018666666666666
345.059,-1.8458,99.65287333333335,3.321762444444445,-7.031619047619047
345.109,-1.8492,99.66731333333334,3.322243777777778,-7.0445714285714285
345.159,-1.8521333333333334,99.68175333333333,3.322725111111111,-7.055746031746032
345.209,-1.8550666666666666,99.69618666666666,3.3232062222222223,-7.066920634920635
345.259,-1.8579333333333332,99.71066,3.323688666666667,-7.077841269841269
345.309,-1.8607333333333334,99.72512666666667,3.324170888888889,-7.088507936507936
345.36,-1.8636000000000001,99.73959333333333,3.324653111111111,-7.099428571428572
345.41,-1.864,99.75406666666666,3.3251355555555553,-7.100952380952381
345.46,-1.8644,99.76853333333334,3.325617777777778,-7.102476190476191
345.51,-1.8634666666666668,99.783,3.3261,-7.098920634920635
345.56,-1.8625333333333336,99.7975,3.3265833333333332,-7.09536507936508
345.61,-1.8618666666666668,99.812,3.3270666666666666,-7.092825396825397
345.66,-1.8612,99.82647333333334,3.3275491111111113,-7.090285714285714
345.71,-1.86,99.84094,3.3280313333333336,-7.085714285714285
345.76,-1.8588,99.85540666666667,3.3285135555555554,-7.081142857142857
345.81,-1.8576666666666668,99.86987333333333,3.3289957777777777,-7.076825396825397
345.86,-1.8565333333333334,99.88437333333333,3.329479111111111,-7.072507936507936
345.91,-1.8541333333333334,99.89887333333333,3.3299624444444444,-7.063365079365079
345.96,-1.8517333333333332,99.91334666666667,3.330444888888889,-7.054222222222221
346.01,-1.8494666666666668,99.92781333333333,3.330927111111111,-7.045587301587302
346.06,-1.8475333333333335,99.94228,3.3314093333333332,-7.038222222222222
346.11,-1.8456000000000001,99.95675333333334,3.331891777777778,-7.030857142857143
346.16,-1.8458666666666668,99.97121999999999,3.3323739999999997,-7.031873015873016
346.21,-1.8461333333333334,99.98568666666667,3.332856222222222,-7.0328888888888885
346.26,-1.8469333333333333,100.00012666666666,3.333337555555555,-7.0359365079365075
346.31,-1.8477333333333334,100.01456,3.3338186666666667,-7.038984126984127
346.36,-1.8478,100.029,3.3343,-7.039238095238096
346.41,-1.8478666666666668,100.04346666666667,3.3347822222222225,-7.039492063492063
346.46,-1.8475333333333335,100.05793333333332,3.335264444444444,-7.038222222222222
346.51,-1.8472000000000002,100.0724,3.3357466666666666,-7.036952380952381
346.56,-1.8466,100.08684,3.3362279999999997,-7.034666666666666
346.61,-1.846,100.10127333333334,3.3367091111111113,-7.032380952380953
346.66,-1.8470666666666666,100.11571333333333,3.3371904444444445,-7.036444444444444
346.71,-1.8481333333333334,100.13018000000001,3.337672666666667,-7.040507936507937
346.76,-1.8474666666666666,100.14464666666666,3.3381548888888886,-7.037968253968254
346.811,-1.8453333333333333,100.15912,3.3386373333333332,-7.02984126984127
346.861,-1.8432,100.17358666666668,3.339119555555556,-7.021714285714285
346.911,-1.8403333333333334,100.18805333333333,3.339601777777778,-7.010793650793651
346.961,-1.8374666666666668,100.20252666666667,3.3400842222222225,-6.999873015873016
347.011,-1.8345333333333333,100.21702666666667,3.340567555555556,-6.988698412698413
347.061,-1.8316000000000001,100.23152666666667,3.341050888888889,-6.9775238095238095
347.111,-1.8274666666666666,100.24599333333335,3.3415331111111115,-6.961777777777777
347.161,-1.8233333333333335,100.26046,3.3420153333333333,-6.946031746031746
347.211,-1.8194000000000001,100.27493333333334,3.342497777777778,-6.931047619047619
347.261,-1.8154666666666666,100.28940666666668,3.3429802222222227,-6.916063492063492
347.311,-1.8135333333333332,100.30390666666668,3.343463555555556,-6.908698412698412
347.361,-1.8115999999999999,100.31840666666668,3.343946888888889,-6.901333333333333
347.411,-1.8099333333333334,100.33287333333332,3.344429111111111,-6.894984126984127
347.461,-1.8082666666666667,100.34734,3.3449113333333336,-6.88863492063492
347.511,-1.8079333333333334,100.36181333333334,3.3453937777777782,-6.887365079365079
347.561,-1.8079333333333334,100.37628,3.3458759999999996,-6.887365079365079
347.611,-1.8079333333333334,100.39074666666667,3.3463582222222223,-6.887365079365079
347.661,-1.8072666666666668,100.40522000000001,3.346840666666667,-6.884825396825397
347.711,-1.8066,100.41965333333334,3.347321777777778,-6.882285714285714
347.761,-1.8069333333333333,100.43409333333334,3.3478031111111113,-6.883555555555555
347.811,-1.8072666666666666,100.44853333333334,3.348284444444445,-6.884825396825396
347.861,-1.8092666666666666,100.463,3.3487666666666667,-6.892444444444444
347.911,-1.8112666666666668,100.47747333333334,3.3492491111111113,-6.9000634920634925
347.961,-1.8140666666666665,100.49194000000001,3.3497313333333336,-6.910730158730158
348.011,-1.8168666666666666,100.50637333333334,3.3502124444444448,-6.921396825396825
348.061,-1.8196,100.52081333333334,3.350693777777778,-6.931809523809524
348.111,-1.8223333333333334,100.53525333333333,3.351175111111111,-6.942222222222222
348.161,-1.8230666666666666,100.54972,3.3516573333333333,-6.945015873015873
348.211,-1.8222666666666667,100.56419333333334,3.352139777777778,-6.941968253968254
348.261,-1.8212666666666666,100.57862666666666,3.3526208888888887,-6.9381587301587295
348.311,-1.8221333333333334,100.59306666666666,3.3531022222222218,-6.941460317460318
348.361,-1.823,100.60750666666667,3.3535835555555553,-6.944761904761904
348.411,-1.8239333333333332,100.62194,3.3540646666666665,-6.948317460317459
348.461,-1.8248666666666666,100.63641333333334,3.354547111111111,-6.951873015873016
348.511,-1.8243333333333331,100.65088,3.3550293333333334,-6.949841269841269
348.561,-1.8237999999999999,100.66532000000001,3.355510666666667,-6.947809523809523
348.611,-1.824,100.67976,3.355992,-6.948571428571428
348.661,-1.8242,100.69419333333333,3.3564731111111112,-6.949333333333334
348.711,-1.8237999999999999,100.70862666666667,3.3569542222222224,-6.947809523809523
348.761,-1.8234,100.7231,3.3574366666666666,-6.946285714285714
348.811,-1.8214,100.73756666666667,3.357918888888889,-6.938666666666666
348.861,-1.8194000000000001,100.75200666666666,3.358400222222222,-6.931047619047619
348.911,-1.8188666666666669,100.76644666666667,3.3588815555555556,-6.9290158730158735
348.961,-1.8195333333333332,100.78088,3.3593626666666667,-6.931555555555555
349.011,-1.8202,100.79535333333334,3.3598451111111114,-6.934095238095238
349.061,-1.8194000000000001,100.80982,3.360327333333333,-6.931047619047619
349.111,-1.8186,100.82428666666667,3.3608095555555555,-6.928
349.161,-1.8195333333333332,100.83872666666666,3.3612908888888886,-6.931555555555555
349.211,-1.8204666666666667,100.85315999999999,3.3617719999999998,-6.935111111111111
349.261,-1.8231333333333335,100.86760000000001,3.3622533333333338,-6.945269841269842
349.311,-1.8258,100.88206666666666,3.362735555555555,-6.9554285714285715
349.361,-1.8278,100.89653333333334,3.363217777777778,-6.963047619047619
349.411,-1.8297999999999999,100.911,3.3637,-6.9706666666666655
349.461,-1.8312,100.92544,3.3641813333333332,-6.975999999999999
349.511,-1.8326,100.93987333333332,3.364662444444444,-6.981333333333333
349.561,-1.8338,100.95431333333333,3.3651437777777775,-6.985904761904762
349.611,-1.835,100.96878,3.365626,-6.99047619047619
349.661,-1.8359999999999999,100.98324666666667,3.3661082222222225,-6.994285714285714
349.712,-1.8373333333333333,100.99772,3.3665906666666667,-6.999365079365079
349.762,-1.838666666666667,101.01218666666666,3.367072888888889,-7.004444444444445
349.812,-1.8396000000000001,101.02665333333333,3.367555111111111,-7.008
349.862,-1.8405333333333334,101.04112666666667,3.3680375555555555,-7.011555555555556
349.912,-1.8400666666666665,101.05562666666667,3.368520888888889,-7.009777777777777
349.962,-1.8396000000000001,101.07012666666667,3.3690042222222223,-7.008
350.012,-1.8400666666666665,101.08459333333333,3.3694864444444446,-7.009777777777777
350.062,-1.8405333333333334,101.09906,3.3699686666666664,-7.011555555555556
350.112,-1.8432666666666668,101.11352666666667,3.370450888888889,-7.021968253968255
350.162,-1.846,101.128,3.3709333333333333,-7.032380952380953
350.212,-1.8481999999999998,101.1425,3.3714166666666667,-7.0407619047619034
350.262,-1.8504,101.157,3.3718999999999997,-7.049142857142857
350.312,-1.8520666666666665,101.17146666666667,3.3723822222222224,-7.055492063492062
350.362,-1.8537333333333335,101.18593333333334,3.3728644444444447,-7.06184126984127
350.412,-1.8553333333333335,101.20040666666667,3.373346888888889,-7.067936507936508
350.462,-1.8566,101.21487333333333,3.373829111111111,-7.072761904761904
350.512,-1.8578666666666668,101.22934000000001,3.3743113333333334,-7.077587301587302
350.562,-1.8596000000000001,101.24381333333334,3.3747937777777777,-7.084190476190477
350.612,-1.8613333333333335,101.25824666666668,3.3752748888888893,-7.0907936507936515
350.662,-1.8623333333333334,101.27268666666667,3.3757562222222224,-7.094603174603175
350.712,-1.8633333333333333,101.28712666666667,3.3762375555555555,-7.098412698412698
350.762,-1.8615333333333335,101.30159333333333,3.3767197777777778,-7.091555555555556
350.812,-1.8597333333333335,101.31606000000001,3.377202,-7.084698412698413
350.862,-1.8560666666666668,101.33053333333334,3.3776844444444447,-7.070730158730159
350.912,-1.8524,101.34496666666668,3.378165555555556,-7.056761904761904
350.962,-1.8507333333333333,101.35940666666667,3.378646888888889,-7.050412698412698
351.012,-1.8490666666666666,101.37384666666667,3.379128222222222,-7.044063492063492
351.062,-1.8484666666666667,101.38831333333334,3.379610444444445,-7.041777777777778
351.112,-1.8481333333333334,101.40278666666667,3.380092888888889,-7.040507936507937
351.163,-1.8475333333333335,101.41725333333333,3.3805751111111113,-7.038222222222222
351.213,-1.8475333333333335,101.43172,3.381057333333333,-7.038222222222222
351.263,-1.8475333333333335,101.44619333333334,3.381539777777778,-7.038222222222222
351.313,-1.8477333333333334,101.46066,3.382022,-7.038984126984127
351.363,-1.8479333333333334,101.47516,3.3825053333333335,-7.039746031746032
351.413,-1.8488,101.48966,3.382988666666667,-7.043047619047619
351.463,-1.8496666666666668,101.50412666666666,3.3834708888888887,-7.046349206349206
351.513,-1.8514000000000002,101.51859333333333,3.383953111111111,-7.052952380952381
351.563,-1.8531333333333333,101.53306666666667,3.3844355555555556,-7.059555555555555
351.613,-1.8544666666666667,101.54753333333333,3.384917777777778,-7.06463492063492
351.663,-1.8558,101.56203333333333,3.385401111111111,-7.069714285714285
351.713,-1.8554,101.57653333333333,3.3858844444444443,-7.068190476190476
351.763,-1.855,101.591,3.3863666666666665,-7.066666666666666
351.813,-1.8543333333333334,101.60547333333334,3.386849111111111,-7.064126984126984
351.863,-1.8526,101.61994,3.3873313333333335,-7.0575238095238095
351.913,-1.8508666666666669,101.63440666666666,3.3878135555555553,-7.050920634920636
351.963,-1.8484,101.64888,3.388296,-7.0415238095238095
352.013,-1.8459333333333334,101.66334666666667,3.3887782222222222,-7.032126984126984
352.063,-1.8443333333333334,101.67778666666666,3.3892595555555554,-7.026031746031746
352.113,-1.8427333333333336,101.69222666666666,3.3897408888888885,-7.019936507936508
352.163,-1.8418,101.70666,3.390222,-7.016380952380953
352.213,-1.8408666666666667,101.72112666666666,3.390704222222222,-7.012825396825397
352.263,-1.8392666666666668,101.7356,3.391186666666667,-7.006730158730159
352.313,-1.8376666666666668,101.75006666666667,3.391668888888889,-7.000634920634921
352.363,-1.8359333333333334,101.76450666666666,3.392150222222222,-6.994031746031746
352.413,-1.8342,101.77894666666666,3.392631555555555,-6.9874285714285715
352.463,-1.8340666666666665,101.79338,3.3931126666666667,-6.986920634920634
352.513,-1.8339333333333334,101.80785333333333,3.393595111111111,-6.986412698412699
352.563,-1.8345333333333333,101.82232,3.3940773333333336,-6.988698412698413
352.613,-1.8356,101.83676,3.3945586666666667,-6.992761904761904
352.663,-1.8366666666666667,101.8512,3.3950400000000003,-6.996825396825397
352.713,-1.8378,101.86563333333334,3.395521111111111,-7.001142857142857
352.763,-1.8389333333333333,101.88007333333333,3.396002444444444,-7.005460317460317
352.813,-1.8382,101.89454,3.396484666666667,-7.002666666666666
352.863,-1.8374666666666668,101.90900666666667,3.396966888888889,-6.999873015873016
352.913,-1.8359999999999999,101.92344666666666,3.397448222222222,-6.994285714285714
352.963,-1.8345333333333333,101.93788666666666,3.3979295555555553,-6.988698412698413
353.013,-1.8332000000000002,101.95232,3.3984106666666665,-6.983619047619048
353.063,-1.8318666666666668,101.96676000000001,3.3988920000000005,-6.978539682539682
353.113,-1.8306,101.98122666666667,3.3993742222222223,-6.973714285714285
353.163,-1.8293333333333335,101.99569333333334,3.3998564444444446,-6.968888888888889
353.213,-1.8277333333333334,102.01013333333334,3.400337777777778,-6.9627936507936505
353.263,-1.8258,102.02456666666667,3.4008188888888893,-6.9554285714285715
353.313,-1.8233333333333335,102.03900666666667,3.4013002222222224,-6.946031746031746
353.363,-1.8205333333333333,102.05347333333333,3.401782444444444,-6.935365079365079
353.413,-1.8177333333333332,102.06794,3.4022646666666665,-6.924698412698412
353.463,-1.817,102.08240666666667,3.402746888888889,-6.921904761904761
353.513,-1.8162666666666667,102.09684,3.403228,-6.9191111111111105
353.563,-1.8196,102.11127333333334,3.4037091111111115,-6.931809523809524
353.613,-1.8229333333333335,102.12571333333334,3.4041904444444446,-6.944507936507937
353.663,-1.8268,102.14018,3.404672666666667,-6.959238095238095
353.713,-1.8306666666666667,102.15464666666666,3.4051548888888887,-6.973968253968254
353.763,-1.8347333333333333,102.16912,3.4056373333333334,-6.989460317460317
353.813,-1.8388,102.18355333333334,3.4061184444444446,-7.004952380952381
353.863,-1.8432,102.19799333333334,3.406599777777778,-7.021714285714285
353.913,-1.8476,102.21243333333334,3.4070811111111112,-7.03847619047619
353.963,-1.8503333333333332,102.22689999999999,3.407563333333333,-7.048888888888888
354.013,-1.8534666666666666,102.24137333333333,3.4080457777777777,-7.060825396825396
354.064,-1.8566,102.25584,3.408528,-7.072761904761904
354.114,-1.8616666666666668,102.27030666666666,3.409010222222222,-7.092063492063493
354.164,-1.8667333333333334,102.28477333333333,3.4094924444444445,-7.111365079365079
354.214,-1.8704,102.29924666666666,3.4099748888888888,-7.125333333333333
354.264,-1.8740666666666668,102.31374666666667,3.4104582222222226,-7.1393015873015875
354.314,-1.8746666666666667,102.32824666666667,3.4109415555555556,-7.141587301587301
354.364,-1.8752666666666664,102.34271333333332,3.4114237777777774,-7.143873015873015
354.414,-1.8746666666666667,102.35718,3.411906,-7.141587301587301
354.464,-1.8740666666666668,102.37165333333334,3.412388444444445,-7.1393015873015875
354.514,-1.8727333333333334,102.38611999999999,3.412870666666666,-7.134222222222222
354.564,-1.8714000000000002,102.40061999999999,3.4133539999999996,-7.129142857142858
354.614,-1.8700666666666668,102.41511999999999,3.413837333333333,-7.124063492063492
354.664,-1.8687333333333334,102.42958666666667,3.4143195555555557,-7.1189841269841265
354.714,-1.8688,102.44406000000001,3.4148020000000003,-7.119238095238095
354.764,-1.8693333333333333,102.45852666666666,3.4152842222222217,-7.121269841269841
354.814,-1.8698666666666668,102.47299333333333,3.4157664444444444,-7.1233015873015875
354.864,-1.8705333333333334,102.48746,3.4162486666666667,-7.12584126984127
354.914,-1.8712000000000002,102.50193333333333,3.416731111111111,-7.128380952380953
354.964,-1.8726666666666667,102.51636666666667,3.4172122222222225,-7.133968253968254
355.014,-1.8741333333333334,102.53080666666666,3.4176935555555557,-7.139555555555556
355.064,-1.8758666666666668,102.54524666666666,3.4181748888888888,-7.146158730158731
355.114,-1.8776000000000002,102.55971333333333,3.418657111111111,-7.152761904761905
355.164,-1.8799333333333335,102.57418666666668,3.4191395555555557,-7.161650793650794
355.214,-1.8822666666666668,102.58865333333333,3.4196217777777775,-7.170539682539682
355.264,-1.8845999999999998,102.60309333333333,3.420103111111111,-7.179428571428571
355.314,-1.8869333333333331,102.61753333333333,3.420584444444444,-7.188317460317459
355.364,-1.8884,102.63196666666666,3.4210655555555554,-7.193904761904762
355.414,-1.8898666666666666,102.64644,3.421548,-7.1994920634920625
355.464,-1.8909333333333334,102.66090666666668,3.4220302222222228,-7.203555555555555
355.515,-1.8908666666666667,102.67537333333333,3.422512444444444,-7.2033015873015875
355.565,-1.8907999999999998,102.68984,3.422994666666667,-7.203047619047618
355.615,-1.8899333333333332,102.70431333333333,3.423477111111111,-7.199746031746031
355.665,-1.8890666666666667,102.71878,3.4239593333333334,-7.196444444444444
355.715,-1.8871333333333333,102.73328,3.4244426666666663,-7.1890793650793645
355.765,-1.8852,102.74777999999999,3.4249259999999997,-7.1817142857142855
355.815,-1.8835333333333333,102.76224666666667,3.4254082222222224,-7.175365079365079
355.865,-1.8818666666666666,102.77672,3.4258906666666666,-7.169015873015872
355.915,-1.8816666666666666,102.79118666666666,3.426372888888889,-7.168253968253968
355.965,-1.8814666666666668,102.80565333333334,3.426855111111111,-7.167492063492064
356.015,-1.8822666666666665,102.82015333333334,3.4273384444444446,-7.170539682539681
356.065,-1.8830666666666667,102.83465333333334,3.427821777777778,-7.173587301587301
356.115,-1.884,102.84912666666668,3.4283042222222226,-7.177142857142856
356.165,-1.8863999999999999,102.86359333333333,3.428786444444444,-7.186285714285713
356.215,-1.8892666666666666,102.87806,3.4292686666666667,-7.197206349206349
356.265,-1.893,102.89252666666667,3.429750888888889,-7.211428571428571
356.315,-1.8967333333333334,102.907,3.4302333333333332,-7.225650793650794
356.365,-1.8977333333333335,102.92146666666667,3.430715555555556,-7.229460317460318
356.415,-1.8987333333333334,102.93590666666667,3.431196888888889,-7.233269841269841
356.465,-1.8982666666666668,102.95034666666668,3.4316782222222226,-7.231492063492063
356.515,-1.8978,102.96478,3.4321593333333333,-7.2297142857142855
356.565,-1.8982666666666668,102.97925333333333,3.4326417777777776,-7.231492063492063
356.615,-1.8987333333333334,102.99372,3.433124,-7.233269841269841
356.665,-1.8988666666666667,103.00818666666667,3.4336062222222226,-7.233777777777777
356.715,-1.899,103.02262666666667,3.4340875555555557,-7.234285714285714
356.765,-1.8993333333333333,103.03706000000001,3.434568666666667,-7.235555555555555
356.815,-1.8996666666666668,103.0515,3.43505,-7.236825396825397
356.865,-1.9002000000000001,103.06596666666665,3.4355322222222218,-7.238857142857143
356.915,-1.8987333333333334,103.08043333333333,3.4360144444444445,-7.233269841269841
356.965,-1.8972666666666667,103.09487333333333,3.4364957777777776,-7.227682539682539
357.015,-1.8960666666666666,103.10931333333333,3.436977111111111,-7.223111111111111
357.065,-1.8948666666666665,103.12374666666666,3.437458222222222,-7.2185396825396815
357.115,-1.8957333333333333,103.13818666666666,3.437939555555555,-7.22184126984127
357.165,-1.8965999999999998,103.15265333333333,3.4384217777777777,-7.225142857142856
357.215,-1.8988666666666667,103.16712000000001,3.4389040000000004,-7.233777777777777
357.265,-1.9011333333333333,103.18156,3.4393853333333335,-7.242412698412698
357.315,-1.9028666666666667,103.19599333333333,3.4398664444444447,-7.249015873015873
357.365,-1.9045999999999998,103.21043333333334,3.4403477777777782,-7.255619047619047
357.415,-1.9056,103.22487333333333,3.4408291111111113,-7.259428571428571
357.465,-1.9066,103.23934,3.441311333333333,-7.263238095238095
357.515,-1.9068,103.25381333333333,3.4417937777777774,-7.264
357.565,-1.907,103.26824666666667,3.442274888888889,-7.2647619047619045
357.615,-1.9073333333333333,103.28268666666666,3.442756222222222,-7.266031746031746
357.665,-1.9087999999999998,103.29712666666666,3.443237555555555,-7.271619047619047
357.715,-1.9102666666666666,103.31159333333333,3.443719777777778,-7.277206349206349
357.765,-1.9103999999999999,103.32606000000001,3.444202,-7.277714285714285
357.815,-1.9105333333333334,103.34053333333333,3.444684444444444,-7.278222222222222
357.865,-1.9098,103.35496666666667,3.4451655555555556,-7.275428571428571
357.915,-1.9090666666666667,103.36940666666666,3.4456468888888887,-7.27263492063492
357.965,-1.9088666666666667,103.38384666666667,3.4461282222222223,-7.271873015873016
358.015,-1.9086666666666665,103.39831333333333,3.4466104444444445,-7.27111111111111
358.065,-1.9074666666666666,103.41278666666668,3.447092888888889,-7.266539682539682
358.115,-1.9062666666666668,103.42725333333333,3.447575111111111,-7.261968253968254
358.165,-1.9051333333333331,103.44169333333333,3.4480564444444446,-7.257650793650792
358.215,-1.904,103.45613333333334,3.448537777777778,-7.253333333333333
358.265,-1.9032666666666667,103.47056666666667,3.449018888888889,-7.250539682539682
358.315,-1.9025333333333334,103.48504,3.449501333333333,-7.247746031746032
358.365,-1.9019333333333333,103.49950666666668,3.449983555555556,-7.245460317460317
358.416,-1.9008666666666665,103.51397333333333,3.4504657777777776,-7.241396825396825
358.466,-1.8998,103.52844,3.450948,-7.237333333333333
358.516,-1.8999333333333333,103.54291333333335,3.451430444444445,-7.237841269841269
358.566,-1.9000666666666668,103.55738,3.4519126666666664,-7.2383492063492065
358.616,-1.9008666666666665,103.57188,3.452396,-7.241396825396825
358.666,-1.9016666666666666,103.58638,3.4528793333333336,-7.244444444444444
358.716,-1.9014666666666666,103.60084666666667,3.4533615555555555,-7.243682539682539
358.766,-1.9012666666666667,103.61532000000001,3.4538440000000006,-7.242920634920635
358.816,-1.9012666666666667,103.62978666666666,3.454326222222222,-7.242920634920635
358.866,-1.9012666666666667,103.64425333333334,3.4548084444444447,-7.242920634920635
358.916,-1.9006666666666665,103.65875333333334,3.455291777777778,-7.240634920634919
358.966,-1.9000666666666668,103.67325333333334,3.455775111111111,-7.2383492063492065
359.016,-1.8988,103.68772666666668,3.4562575555555557,-7.23352380952381
359.066,-1.8988,103.70219333333333,3.4567397777777775,-7.23352380952381
359.116,-1.8987333333333332,103.71666,3.4572220000000002,-7.23326984126984
359.166,-1.9002000000000001,103.73112666666665,3.4577042222222216,-7.238857142857143
359.216,-1.9016666666666666,103.7456,3.4581866666666667,-7.244444444444444
359.266,-1.9009333333333334,103.76006666666667,3.458668888888889,-7.241650793650794
359.316,-1.9002000000000001,103.77450666666667,3.459150222222222,-7.238857142857143
359.366,-1.8988,103.78894666666666,3.4596315555555552,-7.23352380952381
359.416,-1.8974,103.80338,3.460112666666667,-7.228190476190476
359.466,-1.8976,103.81785333333333,3.460595111111111,-7.22895238095238
359.516,-1.8978,103.83232,3.4610773333333333,-7.2297142857142855
359.566,-1.8968666666666667,103.84678666666667,3.4615595555555556,-7.22615873015873
359.616,-1.8959333333333332,103.86122666666667,3.4620408888888887,-7.222603174603174
359.666,-1.8951333333333333,103.87566,3.462522,-7.219555555555555
359.716,-1.8943333333333332,103.8901,3.4630033333333334,-7.216507936507936
359.766,-1.8948666666666665,103.90456666666667,3.4634855555555557,-7.2185396825396815
359.816,-1.8943333333333332,103.91903333333333,3.4639677777777775,-7.216507936507936
359.867,-1.8938,103.93350000000001,3.4644500000000003,-7.21447619047619
359.917,-1.8905999999999998,103.94797333333332,3.464932444444444,-7.202285714285713
359.967,-1.8874,103.96244,3.4654146666666668,-7.190095238095238
360.017,-1.8857333333333333,103.97690666666668,3.4658968888888895,-7.183746031746031
360.067,-1.8840666666666666,103.99140666666668,3.4663802222222224,-7.1773968253968246
360.117,-1.8836,104.00590666666668,3.466863555555556,-7.175619047619047
360.167,-1.8831333333333333,104.02037999999999,3.4673459999999996,-7.17384126984127
360.217,-1.8820666666666666,104.03484666666667,3.4678282222222223,-7.169777777777777
360.267,-1.881,104.04931333333334,3.468310444444445,-7.1657142857142855
360.317,-1.8809333333333333,104.06378666666666,3.468792888888889,-7.165460317460317
360.367,-1.8808666666666667,104.07828666666666,3.4692762222222218,-7.165206349206349
360.417,-1.8808666666666667,104.09278666666667,3.4697595555555556,-7.165206349206349
360.467,-1.8808666666666667,104.10725333333333,3.470241777777778,-7.165206349206349
360.517,-1.88,104.12172000000001,3.470724,-7.161904761904761
360.567,-1.879,104.13618666666666,3.471206222222222,-7.158095238095238
360.617,-1.878,104.15066,3.4716886666666666,-7.154285714285714
360.667,-1.878,104.16512666666668,3.4721708888888894,-7.154285714285714
360.717,-1.878,104.17959333333333,3.472653111111111,-7.154285714285714
360.767,-1.8782666666666665,104.19403333333334,3.4731344444444447,-7.155301587301587
360.817,-1.8785333333333334,104.20846666666667,3.4736155555555555,-7.15631746031746
360.867,-1.8789333333333333,104.22290666666666,3.4740968888888886,-7.15784126984127
360.917,-1.879333333333333,104.23737333333334,3.4745791111111113,-7.159365079365078
360.967,-1.8787999999999998,104.25183999999999,3.475061333333333,-7.157333333333332
361.017,-1.8782666666666665,104.26631333333333,3.475543777777778,-7.155301587301587
361.067,-1.8786666666666667,104.28074666666666,3.4760248888888885,-7.156825396825397
361.117,-1.8790666666666667,104.29518666666667,3.476506222222222,-7.1583492063492065
361.167,-1.8798666666666668,104.30962666666666,3.476987555555555,-7.161396825396825
361.217,-1.8809333333333333,104.32409333333334,3.477469777777778,-7.165460317460317
361.267,-1.8821333333333332,104.33856,3.477952,-7.1700317460317455
361.317,-1.883,104.35300000000001,3.4784333333333337,-7.173333333333333
361.367,-1.8838666666666666,104.36743333333334,3.4789144444444444,-7.17663492063492
361.417,-1.8845999999999998,104.38187333333333,3.4793957777777775,-7.179428571428571
361.467,-1.885333333333333,104.39631333333334,3.479877111111111,-7.182222222222221
361.517,-1.8860666666666668,104.41078,3.4803593333333334,-7.185015873015873
361.567,-1.8868,104.42525333333333,3.4808417777777776,-7.187809523809523
361.617,-1.8869333333333331,104.43968666666666,3.4813228888888887,-7.188317460317459
361.667,-1.8870666666666664,104.45412666666667,3.4818042222222223,-7.188825396825396
361.717,-1.8874666666666664,104.46856666666666,3.4822855555555554,-7.190349206349205
361.767,-1.8878666666666666,104.48299999999999,3.482766666666666,-7.191873015873015
361.817,-1.8876666666666666,104.49747333333333,3.4832491111111112,-7.191111111111111
361.867,-1.8874666666666664,104.51194000000001,3.4837313333333335,-7.190349206349205
361.917,-1.8868,104.52637333333334,3.4842124444444447,-7.187809523809523
361.967,-1.8863999999999999,104.54081333333333,3.484693777777778,-7.186285714285713
362.017,-1.886,104.55525333333334,3.4851751111111113,-7.1847619047619045
362.067,-1.8857333333333333,104.56972,3.4856573333333336,-7.183746031746031
362.117,-1.8854666666666666,104.58419333333333,3.486139777777778,-7.182730158730158
362.167,-1.8841333333333334,104.59866000000001,3.486622,-7.177650793650794
362.217,-1.8827999999999998,104.6131,3.487103333333333,-7.172571428571428
362.267,-1.8813333333333333,104.62754,3.4875846666666663,-7.166984126984127
362.317,-1.8798666666666668,104.64197333333333,3.4880657777777775,-7.161396825396825
362.367,-1.8790666666666667,104.65644666666667,3.488548222222222,-7.1583492063492065
362.417,-1.8782666666666665,104.67091333333333,3.4890304444444444,-7.155301587301587
362.467,-1.878,104.68538,3.4895126666666667,-7.154285714285714
362.517,-1.8777333333333333,104.69982,3.4899940000000003,-7.15326984126984
362.567,-1.8774666666666666,104.71425333333333,3.490475111111111,-7.152253968253968
362.617,-1.8772,104.72868666666666,3.490956222222222,-7.151238095238095
362.667,-1.8770666666666667,104.74316,3.491438666666667,-7.150730158730158
362.717,-1.8761333333333332,104.75762666666667,3.491920888888889,-7.147174603174602
362.768,-1.8752,104.77209333333333,3.492403111111111,-7.1436190476190475
362.818,-1.8742666666666667,104.78656666666667,3.4928855555555556,-7.140063492063492
362.868,-1.8733333333333335,104.80103333333334,3.493367777777778,-7.136507936507937
362.918,-1.8730666666666667,104.8155,3.49385,-7.135492063492063
362.968,-1.8728,104.83,3.494333333333333,-7.134476190476191
363.018,-1.871,104.8445,3.4948166666666665,-7.1276190476190475
363.068,-1.8692,104.85897333333334,3.495299111111111,-7.120761904761904
363.118,-1.8661999999999999,104.87344,3.4957813333333334,-7.109333333333333
363.168,-1.8632,104.88790666666667,3.4962635555555557,-7.097904761904761
363.218,-1.8601333333333334,104.90237333333333,3.4967457777777775,-7.086222222222222
363.268,-1.8570666666666669,104.91687333333333,3.497229111111111,-7.074539682539683
363.318,-1.854,104.93137333333334,3.4977124444444447,-7.062857142857143
363.368,-1.8509333333333333,104.94584666666667,3.498194888888889,-7.051174603174603
363.418,-1.848,104.96031333333333,3.4986771111111112,-7.04
363.468,-1.8454000000000002,104.97478,3.499159333333333,-7.030095238095238
363.518,-1.8428,104.98925333333334,3.4996417777777777,-7.020190476190476
363.568,-1.8396666666666666,105.00372,3.500124,-7.0082539682539675
363.618,-1.8365333333333334,105.01818666666667,3.5006062222222223,-6.99631746031746
363.668,-1.8334666666666666,105.03262666666666,3.5010875555555554,-6.98463492063492
363.718,-1.8304,105.04706,3.5015686666666666,-6.972952380952381
363.768,-1.8288666666666666,105.0615,3.5020499999999997,-6.967111111111111
363.818,-1.8273333333333333,105.07596666666667,3.5025322222222224,-6.961269841269841
363.868,-1.8271333333333333,105.09043333333334,3.5030144444444447,-6.960507936507936
363.918,-1.8269333333333333,105.1049,3.5034966666666665,-6.959746031746032
363.968,-1.8276000000000001,105.11934,3.5039779999999996,-6.962285714285715
364.018,-1.8282666666666667,105.13377333333332,3.5044591111111107,-6.964825396825397
364.068,-1.8290666666666666,105.14821333333333,3.5049404444444443,-6.967873015873016
364.118,-1.8296,105.16268,3.5054226666666666,-6.969904761904761
364.168,-1.8301333333333334,105.17714666666667,3.5059048888888893,-6.971936507936507
364.219,-1.8304,105.19162,3.5063873333333335,-6.972952380952381
364.269,-1.8306666666666667,105.20608666666666,3.5068695555555554,-6.973968253968254
364.319,-1.8308,105.22055333333333,3.5073517777777776,-6.9744761904761905
364.369,-1.8309333333333333,105.23502666666667,3.5078342222222223,-6.974984126984126
364.419,-1.8315333333333332,105.24952666666667,3.5083175555555557,-6.97726984126984
364.469,-1.8321333333333334,105.26402666666667,3.508800888888889,-6.979555555555556
364.519,-1.8334000000000001,105.27849333333333,3.509283111111111,-6.984380952380953
364.569,-1.8346666666666667,105.29296000000001,3.5097653333333336,-6.9892063492063485
364.619,-1.8356666666666668,105.30742666666667,3.510247555555556,-6.993015873015874
364.669,-1.8366666666666667,105.3219,3.51073,-6.996825396825397
364.719,-1.8368,105.3364,3.511213333333333,-6.997333333333333
364.769,-1.8369333333333335,105.3509,3.5116966666666665,-6.99784126984127
364.819,-1.8375333333333332,105.36536666666667,3.512178888888889,-7.000126984126983
364.869,-1.8382666666666667,105.37983333333334,3.5126611111111115,-7.002920634920635
364.919,-1.839,105.39430666666667,3.5131435555555557,-7.005714285714285
364.969,-1.8397333333333334,105.40877333333333,3.5136257777777775,-7.008507936507937
365.019,-1.8404666666666667,105.42324,3.5141080000000002,-7.011301587301587
365.069,-1.8419333333333334,105.43771333333333,3.5145904444444445,-7.0168888888888885
365.119,-1.8434,105.45214666666668,3.515071555555556,-7.02247619047619
365.169,-1.8446,105.46658666666667,3.515552888888889,-7.027047619047619
365.219,-1.8458,105.48102666666666,3.5160342222222223,-7.031619047619047
365.269,-1.8467333333333333,105.49549333333333,3.516516444444444,-7.035174603174603
365.319,-1.8476666666666666,105.50996,3.516998666666667,-7.038730158730158
365.369,-1.8484666666666667,105.52443333333333,3.517481111111111,-7.041777777777778
365.419,-1.8492666666666666,105.53886666666668,3.5179622222222227,-7.044825396825396
365.469,-1.8494666666666668,105.55330666666667,3.5184435555555558,-7.045587301587302
365.519,-1.8496666666666668,105.56774666666666,3.518924888888889,-7.046349206349206
365.569,-1.8488666666666667,105.58221333333334,3.5194071111111116,-7.043301587301587
365.619,-1.8483333333333334,105.59668666666667,3.519889555555556,-7.041269841269841
365.669,-1.8477999999999999,105.61112,3.5203706666666665,-7.039238095238095
365.719,-1.8484,105.62556,3.5208519999999996,-7.0415238095238095
365.769,-1.849,105.64,3.521333333333333,-7.043809523809523
365.819,-1.8494666666666668,105.65443333333333,3.5218144444444444,-7.045587301587302
365.869,-1.8499333333333332,105.66890666666667,3.522296888888889,-7.047365079365078
365.919,-1.8504666666666667,105.68337333333334,3.5227791111111113,-7.049396825396825
365.969,-1.851,105.69780666666666,3.523260222222222,-7.051428571428571
366.019,-1.8513333333333333,105.71224666666667,3.5237415555555556,-7.052698412698412
366.069,-1.8516666666666666,105.72668666666667,3.5242228888888887,-7.053968253968253
366.119,-1.8519333333333334,105.74112,3.524704,-7.054984126984127
366.169,-1.8522,105.75559333333334,3.5251864444444445,-7.056
366.219,-1.8526,105.77006,3.525668666666667,-7.0575238095238095
366.269,-1.8530000000000002,105.7845,3.52615,-7.05904761904762
366.319,-1.8533333333333333,105.79893999999999,3.526631333333333,-7.06031746031746
366.369,-1.8529333333333333,105.81337333333333,3.527112444444444,-7.058793650793651
366.419,-1.8525333333333334,105.82784666666666,3.527594888888889,-7.057269841269841
366.469,-1.8510666666666669,105.84231333333334,3.528077111111111,-7.05168253968254
366.519,-1.8496,105.85678,3.5285593333333334,-7.046095238095237
366.569,-1.849,105.87122,3.5290406666666665,-7.043809523809523
366.619,-1.8484,105.88565333333332,3.5295217777777776,-7.0415238095238095
366.669,-1.8488,105.90009333333334,3.5300031111111116,-7.043047619047619
366.719,-1.8492,105.91456666666666,3.5304855555555554,-7.0445714285714285
366.769,-1.8493333333333335,105.92903333333334,3.5309677777777777,-7.045079365079365
366.819,-1.8494666666666668,105.9435,3.53145,-7.045587301587302
366.869,-1.849,105.95794,3.531931333333333,-7.043809523809523
366.919,-1.8485333333333334,105.97237333333332,3.5324124444444442,-7.042031746031745
366.969,-1.8478666666666668,105.98681333333334,3.5328937777777782,-7.039492063492063
367.019,-1.8469333333333333,106.00128,3.5333759999999996,-7.0359365079365075
367.069,-1.8463333333333334,106.01574666666667,3.5338582222222223,-7.033650793650794
367.12,-1.8455333333333332,106.03022000000001,3.534340666666667,-7.030603174603174
367.17,-1.8447333333333333,106.04468666666666,3.534822888888889,-7.027555555555555
367.22,-1.8438666666666668,106.05915333333334,3.5353051111111116,-7.024253968253968
367.27,-1.843,106.07362666666667,3.535787555555556,-7.02095238095238
367.32,-1.841,106.08812666666667,3.5362708888888887,-7.013333333333333
367.37,-1.839,106.10262666666668,3.5367542222222226,-7.005714285714285
367.42,-1.8362666666666667,106.11709333333333,3.5372364444444444,-6.995301587301587
367.47,-1.8335333333333332,106.13156000000001,3.537718666666667,-6.9848888888888885
367.52,-1.8316000000000001,106.14602666666666,3.5382008888888885,-6.9775238095238095
367.57,-1.8296666666666668,106.1605,3.538683333333333,-6.97015873015873
367.62,-1.8286,106.175,3.5391666666666666,-6.966095238095238
367.67,-1.8275333333333335,106.1895,3.53965,-6.962031746031746
367.72,-1.8268,106.20396666666667,3.5401322222222222,-6.959238095238095
367.77,-1.826,106.21843333333332,3.540614444444444,-6.956190476190476
367.82,-1.8252,106.23290666666666,3.5410968888888887,-6.953142857142857
367.87,-1.825,106.24737333333334,3.5415791111111115,-6.952380952380952
367.92,-1.8248,106.26183999999999,3.5420613333333333,-6.951619047619047
367.97,-1.8250666666666668,106.27631333333333,3.542543777777778,-6.952634920634921
368.02,-1.8253333333333333,106.29074666666666,3.5430248888888887,-6.953650793650793
368.07,-1.8260666666666667,106.30518666666667,3.5435062222222222,-6.956444444444444
368.12,-1.8268,106.31962666666666,3.5439875555555553,-6.959238095238095
368.17,-1.8279333333333334,106.33409333333334,3.544469777777778,-6.963555555555556
368.22,-1.8290666666666666,106.34855999999999,3.544952,-6.967873015873016
368.27,-1.8304666666666667,106.36303333333333,3.5454344444444446,-6.973206349206349
368.32,-1.8318666666666668,106.37746666666666,3.5459155555555553,-6.978539682539682
368.37,-1.8337333333333334,106.39190666666667,3.546396888888889,-6.985650793650794
368.42,-1.8356,106.40634666666666,3.546878222222222,-6.992761904761904
368.47,-1.8376,106.42081333333334,3.5473604444444446,-7.000380952380952
368.52,-1.8395333333333332,106.43528666666666,3.5478428888888884,-7.007746031746031
368.571,-1.8414666666666666,106.44975333333333,3.548325111111111,-7.015111111111111
368.621,-1.8436666666666668,106.46422,3.5488073333333334,-7.023492063492063
368.671,-1.8458666666666668,106.47869333333333,3.5492897777777777,-7.031873015873016
368.721,-1.8479333333333334,106.49316,3.549772,-7.039746031746032
368.771,-1.85,106.50766,3.5502553333333333,-7.0476190476190474
368.821,-1.8519333333333334,106.52216,3.5507386666666667,-7.054984126984127
368.871,-1.8538666666666666,106.53662666666668,3.5512208888888894,-7.0623492063492055
368.921,-1.8559333333333332,106.55109333333333,3.551703111111111,-7.070222222222221
368.971,-1.858,106.56556666666667,3.5521855555555555,-7.078095238095238
369.021,-1.8606,106.58003333333333,3.5526677777777778,-7.088
369.071,-1.8632,106.59453333333335,3.5531511111111116,-7.097904761904761
369.121,-1.8652666666666666,106.60903333333334,3.553634444444445,-7.105777777777777
369.171,-1.8676,106.62349999999999,3.5541166666666664,-7.1146666666666665
369.221,-1.8698666666666668,106.63797333333333,3.554599111111111,-7.1233015873015875
369.271,-1.8722666666666667,106.65244,3.5550813333333333,-7.132444444444444
369.321,-1.8746666666666667,106.66690666666666,3.5555635555555556,-7.141587301587301
369.371,-1.8776666666666666,106.68138,3.5560460000000003,-7.153015873015873
369.421,-1.8806666666666667,106.69584666666667,3.556528222222222,-7.164444444444444
369.471,-1.8841333333333334,106.71028666666666,3.557009555555555,-7.177650793650794
369.521,-1.8876,106.72472666666665,3.5574908888888883,-7.190857142857142
369.571,-1.8909999999999998,106.73916,3.557972,-7.2038095238095226
369.621,-1.8944,106.75362666666666,3.558454222222222,-7.2167619047619045
369.671,-1.8970666666666667,106.7681,3.558936666666667,-7.226920634920635
369.721,-1.8997333333333333,106.78256666666667,3.559418888888889,-7.237079365079365
369.771,-1.9001333333333332,106.79700666666666,3.5599002222222222,-7.238603174603174
369.821,-1.9005333333333332,106.81144666666667,3.560381555555556,-7.2401269841269835
369.871,-1.9006666666666665,106.82588000000001,3.560862666666667,-7.240634920634919
369.921,-1.8999333333333333,106.84035333333333,3.5613451111111107,-7.237841269841269
369.971,-1.8992,106.85482,3.5618273333333335,-7.235047619047619
370.021,-1.8983999999999999,106.86926,3.5623086666666666,-7.231999999999999
370.071,-1.8976,106.8837,3.56279,-7.22895238095238
370.121,-1.8967333333333334,106.89813333333333,3.5632711111111113,-7.225650793650794
370.171,-1.8958666666666666,106.91257333333333,3.5637524444444444,-7.222349206349206
370.221,-1.8948666666666665,106.92704,3.5642346666666667,-7.2185396825396815
370.271,-1.8938666666666666,106.94150666666665,3.5647168888888885,-7.214730158730158
370.321,-1.8934666666666666,106.95594666666666,3.565198222222222,-7.213206349206349
370.371,-1.8930666666666667,106.97038666666667,3.5656795555555556,-7.211682539682539
370.421,-1.8932666666666667,106.98482,3.5661606666666668,-7.212444444444444
370.471,-1.8934666666666666,106.99926,3.5666420000000003,-7.213206349206349
370.521,-1.8944666666666665,107.01372666666666,3.5671242222222217,-7.217015873015872
370.571,-1.8954666666666666,107.02819333333333,3.5676064444444444,-7.220825396825396
370.621,-1.8955333333333333,107.04263333333333,3.5680877777777775,-7.2210793650793645
370.671,-1.8956666666666666,107.05706666666667,3.568568888888889,-7.221587301587301
370.721,-1.8958,107.07150666666666,3.5690502222222222,-7.222095238095237
370.771,-1.8954666666666666,107.08597333333334,3.569532444444445,-7.220825396825396
370.821,-1.8951333333333333,107.10043999999999,3.5700146666666663,-7.219555555555555
370.871,-1.8942,107.11491333333333,3.570497111111111,-7.216
370.921,-1.8932666666666667,107.12934666666666,3.570978222222222,-7.212444444444444
370.971,-1.8919333333333332,107.14378,3.5714593333333338,-7.207365079365078
371.021,-1.8905999999999998,107.15822,3.571940666666667,-7.202285714285713
371.071,-1.8888666666666665,107.17268666666668,3.572422888888889,-7.195682539682538
371.121,-1.8871333333333333,107.18715333333333,3.572905111111111,-7.1890793650793645
371.171,-1.885,107.20162666666667,3.5733875555555557,-7.18095238095238
371.221,-1.8828666666666665,107.21606,3.573868666666667,-7.172825396825396
371.271,-1.8808666666666667,107.23049999999999,3.57435,-7.165206349206349
371.321,-1.8788666666666667,107.24494,3.5748313333333335,-7.157587301587301
371.371,-1.8776666666666666,107.25940666666666,3.5753135555555553,-7.153015873015873
371.421,-1.8778,107.27388,3.575796,-7.153523809523809
371.472,-1.8779333333333335,107.28834666666667,3.5762782222222222,-7.154031746031746
371.522,-1.8805333333333332,107.30281333333333,3.5767604444444445,-7.163936507936507
371.572,-1.8831333333333333,107.31728666666666,3.5772428888888887,-7.17384126984127
371.622,-1.8854666666666666,107.33175333333334,3.5777251111111115,-7.182730158730158
371.672,-1.8878,107.34625333333334,3.5782084444444444,-7.191619047619047
371.722,-1.8888666666666665,107.36075333333334,3.578691777777778,-7.195682539682538
371.772,-1.8899333333333332,107.37522,3.579174,-7.199746031746031
371.822,-1.8909999999999998,107.38968666666666,3.579656222222222,-7.2038095238095226
371.872,-1.8920666666666668,107.40416,3.580138666666667,-7.207873015873016
371.922,-1.8930666666666667,107.41862666666665,3.5806208888888884,-7.211682539682539
371.972,-1.8940666666666666,107.43312666666667,3.5811042222222222,-7.2154920634920625
372.022,-1.8946666666666665,107.44762666666666,3.5815875555555556,-7.217777777777777
372.072,-1.8953333333333333,107.46209333333333,3.5820697777777775,-7.22031746031746
372.122,-1.8960666666666666,107.47656666666667,3.582552222222222,-7.223111111111111
372.172,-1.8962666666666665,107.49103333333332,3.583034444444444,-7.223873015873015
372.222,-1.8964666666666665,107.5055,3.5835166666666667,-7.224634920634919
372.272,-1.8958,107.51996666666668,3.5839988888888894,-7.222095238095237
372.322,-1.8951333333333333,107.53443333333333,3.584481111111111,-7.219555555555555
372.372,-1.8955333333333333,107.54886666666667,3.5849622222222224,-7.2210793650793645
372.422,-1.8959333333333332,107.56330666666666,3.5854435555555555,-7.222603174603174
372.472,-1.8970666666666667,107.57774666666666,3.5859248888888886,-7.226920634920635
372.522,-1.8981999999999999,107.59221333333333,3.5864071111111113,-7.231238095238094
372.572,-1.8989333333333331,107.60668666666668,3.586889555555556,-7.234031746031745
372.622,-1.8996666666666664,107.62115333333333,3.5873717777777774,-7.236825396825395
372.672,-1.9012666666666667,107.63559333333333,3.587853111111111,-7.242920634920635
372.722,-1.9028666666666667,107.65003333333334,3.5883344444444445,-7.249015873015873
372.772,-1.9045333333333332,107.66446666666667,3.5888155555555556,-7.255365079365078
372.822,-1.9059333333333333,107.67894,3.589298,-7.260698412698412
372.872,-1.9073333333333333,107.69340666666668,3.5897802222222226,-7.266031746031746
372.923,-1.9085333333333334,107.70787333333332,3.590262444444444,-7.270603174603175
372.973,-1.9097333333333333,107.72234,3.5907446666666667,-7.2751746031746025
373.023,-1.9104666666666668,107.73681333333334,3.5912271111111114,-7.277968253968254
373.073,-1.9112,107.75128,3.591709333333333,-7.2807619047619045
373.123,-1.9105333333333334,107.76577999999999,3.5921926666666666,-7.278222222222222
373.173,-1.9098666666666666,107.78027999999999,3.5926759999999995,-7.275682539682539
373.223,-1.9105333333333334,107.79474666666667,3.5931582222222223,-7.278222222222222
373.273,-1.9112,107.80922000000001,3.593640666666667,-7.2807619047619045
373.323,-1.9124666666666668,107.82368666666666,3.5941228888888888,-7.285587301587301
373.373,-1.9137333333333333,107.83815333333334,3.5946051111111115,-7.290412698412698
373.423,-1.9134666666666666,107.85265333333334,3.5950884444444444,-7.289396825396825
373.473,-1.9132,107.86715333333333,3.595571777777778,-7.288380952380952
373.523,-1.9126,107.88162666666668,3.5960542222222225,-7.286095238095238
373.573,-1.9122666666666668,107.89609333333333,3.5965364444444443,-7.284825396825397
373.623,-1.9119333333333333,107.91056,3.5970186666666666,-7.283555555555555
373.673,-1.9117333333333333,107.92502666666665,3.5975008888888884,-7.28279365079365
373.723,-1.9115333333333333,107.9395,3.597983333333333,-7.282031746031746
373.773,-1.912,107.95396666666667,3.598465555555556,-7.2838095238095235
373.823,-1.9124666666666665,107.96840666666667,3.598946888888889,-7.2855873015873005
373.873,-1.9162,107.98284666666667,3.5994282222222225,-7.2998095238095235
373.923,-1.9199333333333333,107.99728,3.5999093333333336,-7.314031746031746
373.973,-1.9245333333333332,108.01175333333335,3.6003917777777783,-7.331555555555555
374.023,-1.9291333333333331,108.02622,3.6008739999999997,-7.349079365079364
374.073,-1.9308666666666667,108.04068666666667,3.6013562222222224,-7.355682539682539
374.123,-1.9326,108.05512666666667,3.6018375555555555,-7.362285714285714
374.173,-1.933,108.06956,3.6023186666666667,-7.363809523809524
374.223,-1.9333999999999998,108.084,3.6028000000000002,-7.365333333333332
374.273,-1.9354,108.09846666666667,3.603282222222222,-7.3729523809523805
374.323,-1.9402666666666666,108.11293333333333,3.6037644444444443,-7.391492063492063
374.373,-1.9451333333333334,108.12737333333332,3.6042457777777774,-7.410031746031746
374.423,-1.9498666666666666,108.14181333333333,3.604727111111111,-7.428063492063492
374.473,-1.9546,108.15624666666666,3.605208222222222,-7.446095238095237
374.523,-1.9590666666666665,108.17068666666667,3.6056895555555557,-7.46311111111111
374.573,-1.9635333333333334,108.18515333333333,3.6061717777777775,-7.480126984126984
374.623,-1.9641333333333333,108.19962000000001,3.6066540000000002,-7.4824126984126975
374.673,-1.9647333333333334,108.21406,3.6071353333333334,-7.484698412698413
374.723,-1.9656666666666667,108.22849333333333,3.6076164444444445,-7.488253968253968
374.773,-1.9666,108.24293333333334,3.608097777777778,-7.491809523809523
374.823,-1.9784666666666666,108.25737333333333,3.608579111111111,-7.537015873015872
374.873,-1.9903333333333333,108.27184000000001,3.609061333333334,-7.582222222222222
374.923,-2.0038,108.28631333333333,3.6095437777777777,-7.633523809523809
374.973,-2.0124666666666666,108.30074666666665,3.6100248888888884,-7.666539682539682
375.023,-2.0201333333333333,108.31518,3.610506,-7.695746031746031
375.073,-2.0234,108.32962,3.6109873333333335,-7.7081904761904765
