Time (s),Force (N),Displacement (mm),Strain,Stress (MPa)
3.276,-22.162533333333332,0.0,0.0,0.0
3.327,-22.162466666666667,0.0,0.0,0.0
3.744,-22.162333333333333,0.0,0.0,0.0
3.795,-22.162133333333333,0.0,0.0,0.0
4.212,-22.161800000000003,0.0,0.0,0.0
4.263,-22.1616,0.0,0.0,0.0
4.68,-22.1614,0.0,0.0,0.0
4.731,-22.161066666666667,0.0,0.0,0.0
5.148,-22.1608,0.0,0.0,0.0
5.199,-22.160666666666664,0.0,0.0,0.0
5.616,-22.160533333333333,0.0,0.0,0.0
5.667,-22.160266666666665,0.0,0.0,0.0
6.084,-22.159733333333335,0.0,0.0,0.0
6.135,-22.159533333333332,0.0,0.0,0.0
6.552,-22.159333333333333,0.0,0.0,0.0
6.603,-22.158933333333334,0.0,0.0,0.0
7.02,-22.15853333333333,0.0,0.0,0.0
7.071,-22.1582,0.0,0.0,0.0
7.488,-22.157799999999998,0.0,0.0,0.0
7.539,-22.157533333333333,0.0,0.0,0.0
7.956,-22.157333333333334,0.0,0.0,0.0
8.007,-22.15713333333333,0.0,0.0,0.0
8.424,-22.15693333333333,0.0,0.0,0.0
8.475,-22.156666666666663,0.0,0.0,0.0
8.892,-22.156066666666668,0.0,0.0,0.0
8.943,-22.155466666666666,0.0,0.0,0.0
9.36,-22.155133333333332,0.0,0.0,0.0
9.411,-22.155066666666666,0.0,0.0,0.0
9.828,-22.154999999999998,0.0,0.0,0.0
9.879,-22.154933333333336,0.0,0.0,0.0
10.296,-22.154866666666667,0.0,0.0,0.0
10.347,-22.1548,0.0,0.0,0.0
10.764,-22.154733333333336,0.0,0.0,0.0
10.815,-22.154733333333336,0.0,0.0,0.0
11.232,-22.154733333333336,0.0,0.0,0.0
11.283,-22.154666666666667,0.0,0.0,-22.154666666666667
11.7,-22.154600000000002,0.0,0.0,-22.154600000000002
11.751,-22.154533333333333,0.0,0.0,-22.154533333333333
12.168,-22.154333333333334,0.0,0.0,-18.461944444444445
12.219,-22.154466666666668,0.0,0.0,-18.46205555555556
12.636,-22.154533333333333,0.0,0.0,-18.462111111111113
12.687,-22.154333333333334,0.0,0.0,-18.461944444444445
13.104,-22.1542,0.0,0.0,-18.461833333333335
13.155,-22.15406666666667,0.0,0.0,-18.461722222222225
13.572,-22.154,0.0,0.0,-18.461666666666666
13.623,-22.153933333333335,0.0,0.0,-18.461611111111115
14.039,-22.153866666666666,0.0,0.0,-18.461555555555556
14.091,-22.1538,0.0,0.0,-18.4615
14.507,-22.15373333333333,0.0,0.0,-18.461444444444442
14.559,-22.153666666666666,0.0,0.0,-18.46138888888889
14.975,-22.153666666666666,0.0,0.0,-18.46138888888889
15.027,-22.153666666666666,0.0,0.0,-18.46138888888889
15.443,-22.153599999999997,0.0,0.0,-18.461333333333332
15.495,-22.153666666666666,0.0,0.0,-18.46138888888889
15.91,-22.153666666666666,0.0,0.0,-18.46138888888889
15.963,-22.15373333333333,0.0,0.0,-18.461444444444442
16.378,-22.153666666666666,0.0,0.0,-18.46138888888889
16.431,-22.153533333333332,0.0,0.0,-18.461277777777777
16.846,-22.153533333333332,0.0,0.0,-18.461277777777777
16.898,-22.153466666666667,0.0,0.0,-18.461222222222222
17.314,-22.153466666666667,0.0,0.0,-18.461222222222222
17.366,-22.153466666666667,0.0,0.0,-18.461222222222222
17.782,-22.153466666666667,0.0,0.0,-18.461222222222222
18.718,-22.153466666666667,0.0,0.0,-18.461222222222222
18.77,-22.153466666666667,0.0,0.0,-18.461222222222222
19.186,-20.676466666666666,0.0,0.0,-17.23038888888889
19.238,-19.19946666666667,0.0,0.0,-15.999555555555558
19.654,-17.7226,0.0,0.0,-14.768833333333333
19.705,-16.245733333333334,0.0,0.0,-13.538111111111112
20.122,-14.768866666666666,0.0,0.0,-12.30738888888889
20.173,-13.292,0.0,0.0,-11.076666666666666
20.59,-11.815466666666667,0.0,0.0,-9.846222222222224
20.64,-10.338933333333333,0.00294,7.35e-05,-8.615777777777778
21.058,-8.8628,0.009193333333333333,0.00022983333333333333,-7.385666666666667
21.108,-7.386666666666667,0.019193333333333333,0.0004798333333333333,-6.155555555555556
21.526,-5.910466666666666,0.03250666666666666,0.0008126666666666666,-4.925388888888889
21.576,-4.434266666666667,0.04956666666666667,0.0012391666666666666,-3.6952222222222226
21.994,-2.957533333333333,0.06988,0.0017469999999999999,-2.464611111111111
22.044,-1.4808,0.09387999999999999,0.0023469999999999997,-1.234
22.462,-0.0031333333333333335,0.12113333333333333,0.0030283333333333334,-0.0026111111111111114
22.512,-0.0024,0.15207333333333334,0.0038018333333333333,-0.002
22.93,-0.0009999999999999998,0.18632666666666667,0.004658166666666666,-0.0008333333333333332
22.98,0.00046666666666666693,0.22432666666666667,0.005608166666666667,0.00038888888888888914
23.398,0.0031333333333333335,0.26557333333333333,0.006639333333333333,0.0026111111111111114
23.448,0.005733333333333334,0.31051333333333336,0.007762833333333334,0.004777777777777778
23.866,0.0094,0.35869999999999996,0.0089675,0.007833333333333335
23.916,0.013266666666666668,0.41064,0.010266,0.011055555555555556
24.334,0.017933333333333336,0.46288666666666667,0.011572166666666666,0.014944444444444448
24.384,0.023133333333333336,0.5155733333333333,0.012889333333333333,0.01927777777777778
24.802,0.028933333333333332,0.56776,0.014194000000000002,0.02411111111111111
24.852,0.03473333333333333,0.62032,0.015508,0.028944444444444443
25.27,0.0402,0.6723866666666667,0.016809666666666667,0.0335
25.32,0.04513333333333334,0.7249466666666666,0.018123666666666666,0.037611111111111116
25.738,0.05,0.7771333333333333,0.019428333333333332,0.04166666666666667
25.788,0.05393333333333334,0.82982,0.0207455,0.044944444444444454
26.206,0.05693333333333333,0.8820666666666667,0.022051666666666667,0.04744444444444444
26.256,0.05926666666666667,0.9347533333333333,0.023368833333333332,0.04938888888888889
26.674,0.06106666666666667,0.98694,0.0246735,0.05088888888888889
26.724,0.06166666666666667,1.0396333333333334,0.025990833333333335,0.051388888888888894
27.142,0.06193333333333333,1.0919400000000001,0.027298500000000003,0.051611111111111115
27.192,0.06113333333333334,1.1447533333333333,0.028618833333333333,0.05094444444444445
27.61,0.06046666666666667,1.19706,0.0299265,0.05038888888888889
27.66,0.059000000000000004,1.2498733333333334,0.031246833333333335,0.04916666666666667
28.078,0.05793333333333333,1.3021800000000001,0.0325545,0.048277777777777774
28.128,0.056266666666666666,1.3549933333333333,0.03387483333333333,0.04688888888888889
28.545,0.055,1.4073666666666669,0.03518416666666667,0.04583333333333334
28.595,0.054066666666666666,1.46018,0.0365045,0.04505555555555556
29.013,0.054400000000000004,1.5126199999999999,0.037815499999999995,0.04533333333333334
29.063,0.054799999999999995,1.5654333333333335,0.039135833333333335,0.04566666666666666
29.481,0.05606666666666667,1.6178066666666666,0.040445166666666664,0.04672222222222223
29.531,0.05826666666666667,1.67062,0.0417655,0.04855555555555556
29.949,0.06186666666666666,1.7229933333333334,0.04307483333333333,0.05155555555555555
29.999,0.066,1.7758066666666668,0.044395166666666666,0.05500000000000001
30.417,0.0708,1.82818,0.045704499999999995,0.059000000000000004
30.468,0.07593333333333334,1.8809933333333333,0.047024833333333335,0.06327777777777778
30.885,0.08220000000000001,1.9333066666666667,0.04833266666666667,0.0685
30.935,0.08833333333333333,1.98612,0.049653,0.07361111111111111
31.353,0.09486666666666667,2.0384333333333333,0.05096083333333333,0.07905555555555556
31.403,0.10099999999999999,2.0912466666666667,0.05228116666666667,0.08416666666666667
31.821,0.10753333333333333,2.14356,0.053589,0.08961111111111111
31.871,0.11366666666666667,2.1963733333333333,0.05490933333333333,0.09472222222222222
32.289,0.11939999999999999,2.248746666666667,0.056218666666666674,0.09949999999999999
32.339,0.12386666666666665,2.301493333333333,0.05753733333333333,0.10322222222222222
32.757,0.1282,2.3538066666666664,0.05884516666666666,0.10683333333333335
32.807,0.13166666666666665,2.4065533333333335,0.06016383333333334,0.10972222222222222
33.225,0.13473333333333332,2.4588666666666668,0.06147166666666667,0.11227777777777777
33.275,0.1364,2.5116133333333335,0.06279033333333334,0.11366666666666667
33.693,0.13766666666666666,2.5639266666666667,0.06409816666666666,0.11472222222222223
33.743,0.13826666666666665,2.6166733333333334,0.06541683333333334,0.11522222222222221
34.161,0.13906666666666664,2.6689266666666667,0.06672316666666667,0.11588888888888887
34.211,0.13873333333333332,2.7216733333333334,0.06804183333333333,0.11561111111111111
34.629,0.13859999999999997,2.7739266666666667,0.06934816666666667,0.11549999999999998
34.679,0.13806666666666667,2.8266733333333334,0.07066683333333333,0.11505555555555556
35.097,0.1378,2.8789266666666666,0.07197316666666667,0.11483333333333334
35.147,0.13713333333333333,2.9316733333333334,0.07329183333333333,0.11427777777777778
35.565,0.13726666666666668,2.9839266666666666,0.07459816666666666,0.1143888888888889
35.615,0.1378,3.0366733333333333,0.07591683333333334,0.11483333333333334
36.033,0.13920000000000002,3.0889266666666666,0.07722316666666666,0.11600000000000002
36.083,0.14073333333333335,3.141673333333333,0.07854183333333332,0.1172777777777778
36.501,0.14286666666666667,3.193926666666667,0.07984816666666668,0.11905555555555557
36.551,0.1454,3.2466733333333333,0.08116683333333333,0.12116666666666667
36.969,0.1484,3.2989266666666666,0.08247316666666667,0.12366666666666667
37.019,0.15180000000000002,3.3516733333333333,0.08379183333333333,0.12650000000000003
37.437,0.15693333333333334,3.4039266666666665,0.08509816666666667,0.1307777777777778
37.487,0.16186666666666666,3.4566733333333333,0.08641683333333333,0.1348888888888889
37.905,0.1676,3.5089266666666665,0.08772316666666666,0.13966666666666666
37.955,0.17313333333333333,3.56174,0.0890435,0.14427777777777778
38.373,0.1792,3.614053333333333,0.09035133333333333,0.14933333333333335
38.423,0.185,3.6668666666666665,0.09167166666666667,0.15416666666666667
38.841,0.19106666666666666,3.7191199999999998,0.09297799999999999,0.15922222222222224
38.891,0.19633333333333333,3.7718666666666665,0.09429666666666667,0.16361111111111112
39.309,0.2014,3.824053333333333,0.09560133333333333,0.16783333333333333
39.359,0.2056,3.87674,0.09691849999999999,0.17133333333333334
39.776,0.209,3.9288666666666665,0.09822166666666667,0.17416666666666666
39.826,0.21180000000000002,3.9814266666666662,0.09953566666666666,0.17650000000000002
40.244,0.21446666666666667,4.033493333333333,0.10083733333333333,0.17872222222222223
40.294,0.21666666666666667,4.085993333333333,0.10214983333333331,0.18055555555555558
40.712,0.2189333333333333,4.137993333333333,0.10344983333333332,0.18244444444444444
40.762,0.21946666666666664,4.190433333333333,0.10476083333333333,0.18288888888888888
41.18,0.21986666666666668,4.242373333333333,0.10605933333333332,0.18322222222222223
41.23,0.21946666666666664,4.294746666666667,0.10736866666666667,0.18288888888888888
41.648,0.21933333333333332,4.34662,0.1086655,0.1827777777777778
41.698,0.21866666666666665,4.398933333333333,0.10997333333333333,0.1822222222222222
42.116,0.21866666666666665,4.450746666666666,0.11126866666666665,0.1822222222222222
42.166,0.21839999999999998,4.5030600000000005,0.11257650000000001,0.182
42.583,0.21933333333333332,4.554873333333333,0.11387183333333332,0.1827777777777778
42.633,0.22046666666666667,4.607126666666667,0.11517816666666666,0.18372222222222223
43.051,0.22286666666666666,4.659000000000001,0.11647500000000002,0.18572222222222223
43.101,0.22606666666666667,4.711313333333334,0.11778283333333335,0.18838888888888888
43.519,0.22986666666666666,4.7633133333333335,0.11908283333333333,0.19155555555555556
43.569,0.2338,4.815686666666666,0.12039216666666666,0.19483333333333336
43.987,0.23853333333333332,4.867686666666667,0.12169216666666667,0.19877777777777778
44.037,0.2432,4.920066666666667,0.12300166666666668,0.20266666666666666
44.455,0.24873333333333333,4.97206,0.1243015,0.20727777777777778
44.505,0.2544,5.0244333333333335,0.12561083333333334,0.21200000000000002
44.923,0.2606,5.076433333333333,0.12691083333333333,0.21716666666666667
44.974,0.26653333333333334,5.128806666666666,0.12822016666666664,0.22211111111111112
45.391,0.27266666666666667,5.180746666666667,0.12951866666666667,0.22722222222222224
45.441,0.2781333333333333,5.2331199999999995,0.130828,0.23177777777777775
45.859,0.2828666666666667,5.285053333333334,0.13212633333333335,0.23572222222222228
45.909,0.28640000000000004,5.337493333333333,0.13343733333333332,0.23866666666666672
46.327,0.28973333333333334,5.389553333333334,0.13473883333333334,0.24144444444444446
46.377,0.2918,5.441993333333333,0.13604983333333331,0.24316666666666667
46.795,0.2939333333333333,5.494053333333333,0.13735133333333333,0.24494444444444444
46.845,0.29546666666666666,5.546493333333333,0.13866233333333333,0.24622222222222223
47.263,0.2967333333333333,5.598553333333333,0.13996383333333334,0.24727777777777776
47.313,0.2972,5.6510533333333335,0.14127633333333334,0.2476666666666667
47.731,0.2971333333333333,5.703173333333334,0.14257933333333334,0.2476111111111111
47.781,0.29619999999999996,5.75574,0.1438935,0.24683333333333332
48.199,0.29566666666666663,5.807926666666666,0.14519816666666666,0.24638888888888888
48.249,0.2946,5.860553333333333,0.14651383333333332,0.2455
48.667,0.29446666666666665,5.91274,0.14781850000000002,0.24538888888888888
48.717,0.2941333333333333,5.965426666666667,0.14913566666666667,0.24511111111111109
49.135,0.2946666666666667,6.017673333333334,0.15044183333333333,0.24555555555555558
49.185,0.2959333333333333,6.070426666666666,0.15176066666666665,0.24661111111111111
49.603,0.298,6.122673333333334,0.15306683333333335,0.24833333333333332
49.653,0.3002666666666666,6.175426666666667,0.15438566666666667,0.2502222222222222
50.071,0.304,6.227673333333333,0.1556918333333333,0.25333333333333335
50.121,0.3076666666666667,6.280426666666667,0.1570106666666667,0.25638888888888894
50.539,0.3122,6.332673333333333,0.15831683333333332,0.26016666666666666
50.589,0.317,6.385426666666667,0.15963566666666668,0.26416666666666666
51.007,0.3228,6.437673333333334,0.16094183333333334,0.269
51.057,0.32913333333333333,6.490426666666667,0.16226066666666666,0.2742777777777778
51.475,0.33626666666666666,6.542613333333334,0.16356533333333334,0.2802222222222222
51.525,0.34299999999999997,6.5953,0.1648825,0.28583333333333333
51.943,0.34986666666666666,6.647426666666666,0.16618566666666665,0.29155555555555557
51.993,0.3558,6.700053333333333,0.16750133333333334,0.29650000000000004
52.411,0.36173333333333335,6.752113333333333,0.16880283333333332,0.30144444444444446
52.461,0.36679999999999996,6.80468,0.17011700000000002,0.30566666666666664
52.878,0.37113333333333337,6.85668,0.17141699999999999,0.3092777777777778
52.928,0.37466666666666665,6.90912,0.172728,0.31222222222222223
53.346,0.37733333333333335,6.961119999999999,0.174028,0.31444444444444447
53.396,0.37853333333333333,7.01356,0.175339,0.31544444444444447
53.814,0.3797333333333333,7.0655,0.1766375,0.3164444444444444
53.864,0.3800666666666667,7.1178799999999995,0.177947,0.3167222222222223
54.282,0.38066666666666665,7.169753333333333,0.17924383333333332,0.31722222222222224
54.332,0.38026666666666664,7.222066666666667,0.18055166666666667,0.3168888888888889
54.75,0.38053333333333333,7.27388,0.181847,0.3171111111111111
54.8,0.38,7.326193333333333,0.18315483333333332,0.3166666666666667
55.218,0.38,7.378073333333333,0.18445183333333331,0.3166666666666667
55.268,0.3798666666666667,7.430506666666667,0.1857626666666667,0.3165555555555556
55.686,0.3806,7.482506666666667,0.18706266666666665,0.31716666666666665
55.736,0.3813333333333333,7.535073333333333,0.18837683333333333,0.31777777777777777
56.154,0.3834,7.5871933333333335,0.18967983333333333,0.3195
56.204,0.3862,7.639880000000001,0.19099700000000003,0.32183333333333336
56.622,0.38980000000000004,7.692193333333333,0.1923048333333333,0.32483333333333336
56.672,0.39426666666666665,7.74494,0.1936235,0.32855555555555555
57.089,0.4000666666666667,7.797313333333333,0.19493283333333333,0.3333888888888889
57.139,0.40586666666666665,7.85012,0.196253,0.3382222222222222
57.557,0.4126666666666667,7.90262,0.1975655,0.3438888888888889
57.607,0.4192,7.95556,0.198889,0.3493333333333334
58.025,0.4266666666666667,8.008186666666667,0.20020466666666667,0.35555555555555557
58.075,0.43346666666666667,8.061246666666667,0.20153116666666668,0.3612222222222222
58.493,0.4404,8.113993333333333,0.20284983333333334,0.36700000000000005
58.543,0.4468,8.167113333333333,0.20417783333333334,0.37233333333333335
58.961,0.4533333333333333,8.219866666666666,0.20549666666666666,0.37777777777777777
59.012,0.45899999999999996,8.273053333333333,0.20682633333333333,0.3825
59.429,0.46473333333333333,8.32574,0.20814349999999998,0.3872777777777778
59.479,0.46913333333333335,8.378866666666665,0.20947166666666664,0.3909444444444445
59.897,0.4734,8.431493333333332,0.2107873333333333,0.3945
59.947,0.47686666666666666,8.484553333333333,0.2121138333333333,0.3973888888888889
60.365,0.48046666666666665,8.53712,0.213428,0.4003888888888889
60.415,0.4827333333333333,8.59012,0.21475300000000003,0.40227777777777773
60.833,0.48486666666666667,8.642686666666666,0.21606716666666664,0.40405555555555556
60.883,0.486,8.69562,0.2173905,0.405
61.301,0.48766666666666664,8.74812,0.218703,0.40638888888888886
61.351,0.4884,8.800993333333334,0.22002483333333336,0.40700000000000003
61.769,0.48973333333333335,8.853433333333333,0.22133583333333334,0.40811111111111115
61.819,0.49093333333333333,8.906246666666668,0.2226561666666667,0.40911111111111115
62.237,0.49260000000000004,8.958626666666667,0.22396566666666667,0.41050000000000003
62.287,0.4941333333333333,9.011373333333333,0.22528433333333334,0.4117777777777778
62.705,0.4967333333333333,9.063626666666666,0.22659066666666666,0.41394444444444445
62.755,0.49926666666666664,9.116373333333334,0.22790933333333335,0.41605555555555557
63.173,0.5030666666666667,9.168626666666666,0.22921566666666665,0.4192222222222222
63.223,0.507,9.221373333333334,0.23053433333333334,0.42250000000000004
63.641,0.5118,9.273626666666667,0.23184066666666667,0.42650000000000005
63.691,0.5164666666666666,9.326373333333333,0.23315933333333333,0.4303888888888889
64.109,0.5222666666666667,9.378626666666666,0.23446566666666663,0.43522222222222223
64.159,0.5282,9.431373333333333,0.23578433333333332,0.4401666666666667
64.577,0.5349333333333334,9.483626666666668,0.2370906666666667,0.44577777777777783
64.627,0.5411333333333334,9.53644,0.238411,0.4509444444444445
65.045,0.5482666666666667,9.588753333333333,0.23971883333333333,0.4568888888888889
65.095,0.5548,9.641566666666668,0.2410391666666667,0.4623333333333333
65.513,0.5612666666666667,9.69388,0.242347,0.46772222222222226
65.563,0.5672666666666667,9.746753333333334,0.24366883333333336,0.47272222222222227
65.981,0.5730000000000001,9.799126666666666,0.24497816666666666,0.4775000000000001
66.031,0.5776666666666667,9.852,0.24630000000000002,0.4813888888888889
66.449,0.5818666666666666,9.904373333333332,0.2476093333333333,0.48488888888888887
66.499,0.5848,9.957306666666666,0.24893266666666664,0.48733333333333334
66.916,0.5881333333333333,10.009746666666667,0.25024366666666664,0.4901111111111111
66.966,0.5906,10.06262,0.2515655,0.4921666666666667
67.384,0.5933333333333334,10.11506,0.2528765,0.4944444444444445
67.434,0.5949333333333333,10.167933333333334,0.25419833333333336,0.49577777777777776
67.852,0.5967333333333333,10.220373333333333,0.2555093333333333,0.4972777777777778
67.902,0.5977333333333333,10.273246666666667,0.25683116666666667,0.4981111111111111
68.32,0.5998,10.325619999999999,0.2581405,0.49983333333333335
68.37,0.6009333333333333,10.378433333333334,0.25946083333333336,0.5007777777777778
68.788,0.6032,10.430806666666665,0.26077016666666664,0.5026666666666667
68.838,0.6055333333333334,10.48362,0.2620905,0.5046111111111111
69.256,0.6091333333333334,10.535933333333332,0.2633983333333333,0.5076111111111112
69.306,0.613,10.588746666666667,0.26471866666666666,0.5108333333333334
69.724,0.6185333333333334,10.64112,0.26602800000000004,0.5154444444444445
69.774,0.6245333333333334,10.693999999999999,0.26735,0.5204444444444445
70.192,0.6318,10.746313333333335,0.2686578333333334,0.5265000000000001
70.242,0.6386666666666667,10.799126666666666,0.26997816666666663,0.5322222222222223
70.66,0.6466,10.8515,0.2712875,0.5388333333333333
70.71,0.6542666666666667,10.904313333333333,0.2726078333333333,0.5452222222222223
71.127,0.6625333333333334,10.956686666666666,0.27391716666666666,0.5521111111111112
71.177,0.6706,11.009433333333334,0.27523583333333335,0.5588333333333333
71.595,0.6794666666666667,11.061873333333333,0.2765468333333333,0.5662222222222223
71.645,0.6872666666666666,11.114686666666667,0.27786716666666667,0.5727222222222221
72.063,0.6948666666666666,11.167186666666668,0.2791796666666667,0.5790555555555555
72.113,0.7013333333333333,11.220059999999998,0.28050149999999996,0.5844444444444444
72.531,0.7078666666666666,11.27262,0.2818155,0.5898888888888889
72.581,0.7131333333333333,11.325553333333334,0.28313883333333334,0.5942777777777778
72.999,0.718,11.378053333333332,0.2844513333333333,0.5983333333333334
73.049,0.7212,11.430926666666666,0.28577316666666663,0.601
73.467,0.7242666666666666,11.48336,0.287084,0.6035555555555555
73.518,0.7260666666666666,11.5363,0.28840750000000004,0.6050555555555556
73.935,0.7287333333333332,11.588733333333332,0.2897183333333333,0.6072777777777777
73.985,0.7303333333333334,11.641673333333333,0.29104183333333333,0.6086111111111112
74.403,0.7318666666666667,11.694106666666666,0.29235266666666665,0.6098888888888889
74.453,0.7327999999999999,11.747046666666668,0.2936761666666667,0.6106666666666666
74.871,0.7349333333333333,11.799546666666666,0.2949886666666667,0.6124444444444445
74.921,0.7362666666666667,11.85242,0.29631050000000003,0.6135555555555556
75.339,0.7386,11.904853333333334,0.29762133333333335,0.6155
75.389,0.7411333333333333,11.957666666666666,0.29894166666666666,0.6176111111111111
75.807,0.7446,12.01004,0.300251,0.6205
75.857,0.748,12.062793333333333,0.3015698333333333,0.6233333333333334
76.275,0.7525999999999999,12.115106666666666,0.30287766666666666,0.6271666666666667
76.325,0.7576,12.16786,0.3041965,0.6313333333333334
76.743,0.7639333333333334,12.220173333333333,0.3055043333333333,0.6366111111111111
76.793,0.7704000000000001,12.272926666666667,0.30682316666666665,0.6420000000000001
77.211,0.778,12.325173333333334,0.30812933333333337,0.6483333333333334
77.261,0.7847333333333334,12.377926666666667,0.3094481666666667,0.6539444444444446
77.679,0.7926666666666667,12.430173333333332,0.3107543333333333,0.6605555555555557
77.729,0.8006666666666666,12.482926666666666,0.3120731666666666,0.6672222222222223
78.147,0.8093333333333333,12.535173333333335,0.31337933333333334,0.6744444444444445
78.197,0.8168000000000001,12.587986666666666,0.31469966666666666,0.6806666666666668
78.615,0.8247333333333333,12.6403,0.3160075,0.6872777777777778
78.665,0.8316666666666667,12.693113333333335,0.31732783333333336,0.6930555555555555
79.083,0.8384,12.745426666666667,0.31863566666666665,0.6986666666666668
79.133,0.8442000000000001,12.798306666666667,0.3199576666666667,0.7035000000000001
79.55,0.8497333333333333,12.85068,0.321267,0.7081111111111111
79.6,0.8540666666666666,12.903493333333333,0.32258733333333334,0.7117222222222223
80.018,0.8581333333333333,12.955866666666667,0.32389666666666667,0.7151111111111111
80.068,0.8608666666666667,13.00868,0.325217,0.717388888888889
80.486,0.8638666666666667,13.061053333333332,0.3265263333333333,0.7198888888888889
80.536,0.8657333333333334,13.113866666666667,0.3278466666666667,0.7214444444444444
80.954,0.8670666666666667,13.16624,0.329156,0.7225555555555556
81.004,0.8672,13.21912,0.330478,0.7226666666666667
81.422,0.8680666666666668,13.271553333333333,0.3317888333333333,0.723388888888889
81.472,0.8682666666666666,13.324433333333333,0.33311083333333336,0.7235555555555555
81.89,0.8693333333333333,13.376806666666665,0.33442016666666663,0.7244444444444444
81.94,0.8699333333333333,13.42968,0.335742,0.7249444444444445
82.358,0.8722,13.48212,0.337053,0.7268333333333333
82.408,0.8746666666666666,13.534993333333334,0.33837483333333335,0.7288888888888888
82.826,0.878,13.587366666666666,0.3396841666666667,0.7316666666666667
82.876,0.8816,13.64024,0.34100600000000003,0.7346666666666667
83.294,0.8864666666666667,13.692739999999999,0.34231849999999997,0.7387222222222223
83.344,0.8916000000000001,13.74568,0.343642,0.7430000000000001
83.762,0.8982,13.79818,0.3449545,0.7485
83.812,0.9045333333333333,13.85112,0.346278,0.7537777777777778
84.23,0.9116,13.90362,0.3475905,0.7596666666666667
84.28,0.9192,13.95656,0.348914,0.766
84.698,0.9277333333333334,14.008993333333335,0.3502248333333334,0.7731111111111112
84.748,0.9355333333333333,14.061873333333333,0.3515468333333333,0.7796111111111111
85.166,0.9437333333333334,14.114306666666666,0.3528576666666666,0.7864444444444445
85.216,0.9510666666666666,14.167186666666668,0.35417966666666667,0.7925555555555556
85.633,0.9583999999999999,14.21956,0.355489,0.7986666666666666
85.683,0.9640666666666667,14.272306666666667,0.3568076666666667,0.8033888888888889
86.101,0.9694,14.324746666666666,0.35811866666666664,0.8078333333333334
86.151,0.9738666666666667,14.377559999999999,0.35943899999999995,0.8115555555555556
86.569,0.9776,14.429939999999998,0.36074849999999997,0.8146666666666668
86.619,0.9800666666666668,14.482693333333334,0.36206733333333335,0.8167222222222223
87.037,0.9824,14.535066666666667,0.3633766666666667,0.8186666666666668
87.087,0.9832666666666667,14.58788,0.364697,0.8193888888888889
87.505,0.9840666666666666,14.640253333333334,0.3660063333333333,0.8200555555555555
87.556,0.9841333333333334,14.693126666666668,0.3673281666666667,0.8201111111111112
87.973,0.9852000000000001,14.7455,0.3686375,0.8210000000000001
88.023,0.9853333333333333,14.798373333333334,0.36995933333333336,0.8211111111111111
88.441,0.9863333333333333,14.850746666666668,0.3712686666666667,0.8219444444444445
88.491,0.9869333333333333,14.90362,0.3725905,0.8224444444444444
88.909,0.9884666666666667,14.955993333333334,0.3738998333333333,0.8237222222222222
88.959,0.99,15.008866666666668,0.3752216666666667,0.8250000000000001
89.377,0.9923333333333333,15.061306666666667,0.3765326666666667,0.8269444444444445
89.427,0.9949999999999999,15.114113333333334,0.37785283333333336,0.8291666666666666
89.845,0.9984,15.166486666666666,0.37916216666666663,0.832
89.895,1.0025333333333333,15.219293333333333,0.3804823333333333,0.8354444444444444
90.313,1.0075333333333334,15.271666666666667,0.38179166666666664,0.8396111111111112
90.363,1.0126666666666666,15.324413333333332,0.38311033333333333,0.8438888888888889
90.781,1.0185333333333333,15.376726666666666,0.38441816666666667,0.8487777777777777
90.831,1.0244666666666666,15.429473333333334,0.38573683333333336,0.8537222222222223
91.249,1.0310666666666666,15.481666666666666,0.3870416666666666,0.8592222222222222
91.299,1.0366666666666666,15.534353333333334,0.3883588333333333,0.8638888888888889
91.717,1.043,15.58648,0.389662,0.8691666666666666
91.767,1.0484666666666667,15.639106666666667,0.39097766666666667,0.8737222222222223
92.185,1.0538,15.691233333333335,0.39228083333333336,0.8781666666666668
92.235,1.0582,15.74392,0.393598,0.8818333333333334
92.653,1.0622666666666667,15.796113333333333,0.3949028333333333,0.8852222222222222
92.703,1.0655333333333334,15.84886,0.3962215,0.8879444444444445
93.121,1.0683333333333331,15.901113333333333,0.3975278333333333,0.8902777777777776
93.171,1.0704,15.953926666666666,0.39884816666666667,0.892
93.588,1.0726666666666667,16.00624,0.40015599999999996,0.893888888888889
93.638,1.0740666666666667,16.05905333333333,0.40147633333333327,0.8950555555555556
94.056,1.0751333333333333,16.11143333333333,0.4027858333333333,0.8959444444444444
94.106,1.0754666666666668,16.164306666666665,0.40410766666666664,0.8962222222222224
94.524,1.0758666666666667,16.216746666666666,0.40541866666666665,0.8965555555555557
94.574,1.0756000000000001,16.269746666666666,0.40674366666666667,0.8963333333333334
94.992,1.0754,16.322306666666666,0.40805766666666665,0.8961666666666667
95.042,1.0744666666666667,16.375433333333334,0.40938583333333334,0.8953888888888889
95.46,1.0749333333333333,16.42812,0.410703,0.8957777777777778
95.51,1.0755333333333332,16.481306666666665,0.4120326666666666,0.8962777777777777
95.928,1.0771333333333333,16.53399333333333,0.4133498333333333,0.8976111111111111
95.978,1.0790666666666666,16.58718,0.4146795,0.8992222222222223
96.396,1.0820666666666667,16.639873333333334,0.41599683333333337,0.9017222222222223
96.446,1.0855333333333335,16.69306,0.4173265,0.9046111111111113
96.864,1.0900666666666665,16.745746666666665,0.41864366666666664,0.9083888888888888
96.914,1.0944,16.79893333333333,0.41997333333333325,0.912
97.332,1.0992,16.851679999999998,0.42129199999999994,0.916
97.382,1.1043333333333334,16.904866666666667,0.4226216666666667,0.9202777777777779
97.8,1.1100666666666668,16.95762,0.42394049999999994,0.9250555555555556
97.85,1.1157333333333335,17.010806666666664,0.4252701666666666,0.9297777777777779
98.268,1.1213333333333333,17.06355333333333,0.4265888333333333,0.9344444444444444
98.318,1.1268666666666667,17.116746666666664,0.4279186666666666,0.9390555555555556
98.736,1.1317333333333333,17.16949333333333,0.4292373333333333,0.9431111111111111
98.786,1.1352,17.22268,0.43056700000000003,0.9460000000000001
99.204,1.1386,17.275433333333336,0.4318858333333334,0.9488333333333334
99.254,1.1409999999999998,17.32862,0.43321550000000003,0.9508333333333332
99.671,1.1426,17.38136666666667,0.4345341666666667,0.9521666666666667
99.721,1.1431333333333333,17.434486666666665,0.4358621666666666,0.9526111111111112
100.139,1.1434666666666666,17.48724,0.437181,0.9528888888888889
100.189,1.1427333333333332,17.540366666666667,0.43850916666666667,0.9522777777777777
100.607,1.1421333333333332,17.59312,0.439828,0.9517777777777777
100.657,1.1410666666666667,17.646246666666666,0.4411561666666667,0.9508888888888889
101.075,1.1399333333333332,17.69899333333333,0.44247483333333326,0.9499444444444444
101.125,1.1382,17.752113333333334,0.44380283333333337,0.9485000000000001
101.543,1.1375333333333333,17.804866666666666,0.44512166666666664,0.9479444444444445
101.593,1.1369333333333331,17.857993333333333,0.4464498333333333,0.9474444444444443
102.011,1.1372,17.910739999999997,0.4477684999999999,0.9476666666666667
102.062,1.1381333333333332,17.963993333333335,0.44909983333333336,0.9484444444444444
102.479,1.1399333333333332,18.016740000000002,0.45041850000000005,0.9499444444444444
102.529,1.1418,18.069926666666667,0.4517481666666667,0.9515
102.947,1.1447333333333334,18.122613333333334,0.4530653333333333,0.9539444444444445
102.997,1.1484666666666667,18.17574,0.4543935,0.9570555555555557
103.415,1.1529999999999998,18.22843333333333,0.4557108333333333,0.9608333333333332
103.465,1.1577333333333333,18.28155333333333,0.4570388333333333,0.9647777777777777
103.883,1.1629333333333334,18.33424,0.45835600000000004,0.9691111111111111
103.933,1.168,18.387366666666665,0.4596841666666666,0.9733333333333333
104.351,1.1732,18.44005333333333,0.46100133333333326,0.9776666666666667
104.401,1.1784666666666666,18.49318,0.46232949999999995,0.9820555555555555
104.819,1.1842000000000001,18.545873333333336,0.4636468333333334,0.9868333333333335
104.869,1.1888666666666665,18.598993333333333,0.46497483333333334,0.9907222222222222
105.287,1.1938,18.65168,0.466292,0.9948333333333333
105.337,1.1978666666666666,18.704806666666666,0.46762016666666667,0.9982222222222222
105.755,1.2019333333333333,18.757366666666666,0.46893416666666665,1.0016111111111112
105.805,1.2051333333333334,18.810493333333334,0.47026233333333334,1.0042777777777778
106.223,1.2079333333333333,18.86312,0.47157799999999994,1.0066111111111111
106.273,1.2096666666666667,18.916313333333335,0.47290783333333336,1.0080555555555557
106.69,1.2098000000000002,18.969,0.474225,1.0081666666666669
106.74,1.2091333333333334,19.022186666666666,0.4755546666666667,1.0076111111111112
107.158,1.2084000000000001,19.074873333333336,0.4768718333333334,1.0070000000000001
107.208,1.2072,19.12806,0.47820150000000006,1.006
107.626,1.206,19.180746666666668,0.4795186666666667,1.0050000000000001
107.676,1.2046666666666668,19.233933333333333,0.4808483333333333,1.003888888888889
108.094,1.2038666666666666,19.286620000000003,0.4821655000000001,1.0032222222222222
108.144,1.2026000000000001,19.339806666666668,0.4834951666666667,1.0021666666666669
108.562,1.2019333333333333,19.3925,0.4848125,1.0016111111111112
108.612,1.201,19.445686666666667,0.48614216666666665,1.0008333333333335
109.03,1.2006666666666668,19.498373333333333,0.48745933333333336,1.0005555555555556
109.08,1.2003333333333333,19.55156,0.488789,1.0002777777777778
109.498,1.2009333333333332,19.604246666666665,0.4901061666666666,1.0007777777777778
109.548,1.2019333333333333,19.657433333333334,0.49143583333333335,1.0016111111111112
109.966,1.2038666666666666,19.71012,0.492753,1.0032222222222222
110.016,1.2074,19.763306666666665,0.4940826666666666,1.0061666666666667
110.434,1.2112666666666667,19.816053333333333,0.4954013333333333,1.009388888888889
110.484,1.2152,19.869246666666665,0.4967311666666666,1.0126666666666668
110.902,1.2195333333333334,19.921993333333333,0.4980498333333333,1.0162777777777778
110.952,1.2238666666666667,19.97518,0.49937950000000003,1.0198888888888888
111.37,1.2289333333333334,20.027933333333333,0.5006983333333334,1.0241111111111112
111.42,1.2334666666666665,20.08112,0.5020279999999999,1.0278888888888889
111.838,1.2381333333333333,20.133866666666666,0.5033466666666666,1.031777777777778
111.888,1.2422,20.18705333333333,0.5046763333333333,1.0351666666666668
112.306,1.2458,20.239806666666667,0.5059951666666667,1.0381666666666667
112.356,1.2488,20.292993333333335,0.5073248333333333,1.0406666666666666
112.774,1.2514,20.345686666666666,0.5086421666666666,1.0428333333333335
112.824,1.2530666666666666,20.398813333333333,0.5099703333333333,1.0442222222222222
113.242,1.2540666666666667,20.451439999999998,0.5112859999999999,1.0450555555555556
113.292,1.2541333333333333,20.5045,0.5126125,1.045111111111111
113.71,1.2542,20.557066666666667,0.5139266666666666,1.0451666666666668
113.76,1.2539333333333333,20.61006666666667,0.5152516666666667,1.0449444444444445
114.177,1.2531333333333334,20.662566666666667,0.5165641666666667,1.0442777777777779
114.227,1.2519333333333333,20.715446666666665,0.5178861666666666,1.0432777777777777
114.645,1.2508000000000001,20.767946666666667,0.5191986666666667,1.0423333333333336
114.695,1.2489333333333335,20.82082,0.5205205,1.040777777777778
115.113,1.2480666666666667,20.873260000000002,0.5218315,1.0400555555555555
115.163,1.2470666666666665,20.92607333333333,0.5231518333333333,1.0392222222222223
115.581,1.2464000000000002,20.978446666666667,0.5244611666666666,1.0386666666666668
115.631,1.2462000000000002,21.03119333333333,0.5257798333333332,1.0385000000000002
116.049,1.2467333333333335,21.083506666666665,0.5270876666666666,1.0389444444444447
116.1,1.2476666666666667,21.13638,0.5284095,1.0397222222222222
116.517,1.2489333333333335,21.188753333333334,0.5297188333333334,1.040777777777778
116.567,1.2508666666666668,21.241686666666666,0.5310421666666667,1.042388888888889
116.984,1.2535999999999998,21.294126666666667,0.5323531666666667,1.0446666666666666
117.034,1.2563333333333333,21.34706,0.5336765,1.0469444444444445
117.452,1.2588666666666666,21.39956,0.534989,1.0490555555555556
117.502,1.2619333333333331,21.452560000000002,0.5363140000000001,1.051611111111111
117.92,1.2651999999999999,21.50518,0.5376295,1.0543333333333333
117.97,1.2684,21.55818,0.5389545,1.057
118.388,1.2724,21.61080666666667,0.5402701666666667,1.0603333333333333
118.438,1.2754,21.663866666666667,0.5415966666666667,1.0628333333333335
118.856,1.2781999999999998,21.716553333333334,0.5429138333333333,1.0651666666666666
118.906,1.2806666666666666,21.76968,0.544242,1.0672222222222223
119.324,1.2826666666666666,21.822433333333333,0.5455608333333333,1.068888888888889
119.374,1.2839333333333334,21.87562,0.5468905000000001,1.0699444444444446
119.792,1.2841333333333333,21.928306666666668,0.5482076666666666,1.0701111111111112
119.842,1.284,21.981493333333333,0.5495373333333333,1.07
120.26,1.2833333333333334,22.03418,0.5508545,1.0694444444444446
120.31,1.2818666666666667,22.087366666666664,0.5521841666666666,1.0682222222222224
120.728,1.2804666666666666,22.140120000000003,0.5535030000000001,1.0670555555555556
120.778,1.2792666666666668,22.19330666666667,0.5548326666666668,1.0660555555555558
121.196,1.2781333333333333,22.246053333333336,0.5561513333333334,1.0651111111111111
121.246,1.2768000000000002,22.299246666666665,0.5574811666666666,1.0640000000000003
121.664,1.2758,22.35193333333333,0.5587983333333333,1.0631666666666668
121.714,1.274,22.40506,0.5601265,1.0616666666666668
122.132,1.2728,22.457686666666667,0.5614421666666667,1.0606666666666666
122.182,1.2717999999999998,22.510753333333334,0.5627688333333334,1.0598333333333332
122.6,1.2716666666666667,22.563373333333335,0.5640843333333334,1.0597222222222222
122.65,1.2719999999999998,22.616433333333337,0.5654108333333334,1.0599999999999998
123.068,1.2729333333333335,22.668993333333333,0.5667248333333333,1.060777777777778
123.118,1.2749333333333333,22.721993333333334,0.5680498333333334,1.0624444444444445
123.536,1.2775333333333334,22.774493333333336,0.5693623333333334,1.0646111111111112
123.586,1.2806666666666666,22.827493333333333,0.5706873333333333,1.0672222222222223
124.004,1.2843333333333333,22.879993333333335,0.5719998333333334,1.0702777777777779
124.054,1.2879333333333334,22.932993333333336,0.5733248333333334,1.0732777777777778
124.472,1.2922,22.985493333333334,0.5746373333333333,1.0768333333333333
124.522,1.2963999999999998,23.038493333333335,0.5759623333333334,1.0803333333333331
124.94,1.3006666666666666,23.090993333333333,0.5772748333333333,1.083888888888889
124.99,1.3046,23.144053333333332,0.5786013333333333,1.0871666666666666
125.408,1.3082,23.196613333333335,0.5799153333333333,1.0901666666666667
125.458,1.3112,23.24974,0.5812435,1.0926666666666667
125.875,1.3140666666666665,23.30236,0.582559,1.0950555555555554
125.925,1.3160666666666667,23.35542666666667,0.5838856666666667,1.0967222222222224
126.343,1.3168,23.408053333333335,0.5852013333333334,1.0973333333333333
126.393,1.3169333333333335,23.461180000000002,0.5865295,1.0974444444444447
126.811,1.317,23.51386666666667,0.5878466666666667,1.0975
126.861,1.3164666666666667,23.56706,0.5891765,1.0970555555555557
127.279,1.3161999999999998,23.619746666666668,0.5904936666666667,1.0968333333333333
127.329,1.3154,23.672933333333333,0.5918233333333334,1.0961666666666667
127.746,1.3141333333333334,23.72562,0.5931405,1.0951111111111111
127.796,1.3122,23.778746666666667,0.5944686666666666,1.0935000000000001
128.214,1.3108666666666666,23.831433333333333,0.5957858333333333,1.0923888888888889
128.264,1.3094666666666666,23.884553333333333,0.5971138333333333,1.091222222222222
128.682,1.3085999999999998,23.937246666666667,0.5984311666666666,1.0904999999999998
128.732,1.3080666666666665,23.99037333333333,0.5997593333333333,1.0900555555555556
129.15,1.3082,24.04306,0.6010765,1.0901666666666667
129.2,1.3084666666666667,24.096186666666668,0.6024046666666667,1.0903888888888889
129.618,1.3094666666666666,24.148933333333332,0.6037233333333333,1.091222222222222
129.668,1.3117333333333332,24.202053333333332,0.6050513333333333,1.0931111111111111
130.086,1.3150666666666666,24.254806666666664,0.6063701666666665,1.095888888888889
130.137,1.3184666666666667,24.307993333333336,0.6076998333333334,1.0987222222222224
130.554,1.3223999999999998,24.36068,0.6090169999999999,1.1019999999999999
130.604,1.3260666666666667,24.413806666666666,0.6103451666666666,1.1050555555555557
131.022,1.3299333333333334,24.46643333333333,0.6116608333333333,1.108277777777778
131.072,1.3342666666666667,24.519493333333333,0.6129873333333333,1.111888888888889
131.49,1.3388666666666666,24.57218,0.6143045,1.1157222222222223
131.54,1.3428666666666667,24.625246666666666,0.6156311666666666,1.1190555555555557
131.958,1.3470000000000002,24.677933333333332,0.6169483333333333,1.1225000000000003
132.008,1.3506,24.730993333333334,0.6182748333333333,1.1255000000000002
132.426,1.3536000000000001,24.78361333333333,0.6195903333333332,1.1280000000000001
132.476,1.3559333333333334,24.836613333333332,0.6209153333333333,1.1299444444444446
132.894,1.3572666666666668,24.889173333333336,0.6222293333333334,1.1310555555555557
132.944,1.3578666666666668,24.94211333333333,0.6235528333333333,1.1315555555555556
133.362,1.3581333333333334,24.994613333333334,0.6248653333333334,1.131777777777778
133.412,1.3573333333333333,25.047546666666666,0.6261886666666666,1.1311111111111112
133.83,1.3561333333333332,25.099986666666666,0.6274996666666667,1.130111111111111
133.88,1.3543999999999998,25.152986666666667,0.6288246666666667,1.1286666666666665
134.298,1.3521333333333334,25.205486666666665,0.6301371666666666,1.1267777777777779
134.348,1.3496666666666668,25.258546666666668,0.6314636666666666,1.1247222222222224
134.766,1.3474666666666666,25.31111333333333,0.6327778333333333,1.1228888888888888
134.816,1.345,25.364173333333333,0.6341043333333334,1.1208333333333333
135.234,1.3428,25.416733333333333,0.6354183333333333,1.119
135.284,1.3404666666666667,25.4698,0.636745,1.1170555555555557
135.702,1.3388,25.52236,0.6380589999999999,1.1156666666666668
135.752,1.3377333333333334,25.575486666666666,0.6393871666666666,1.1147777777777779
136.169,1.3376666666666668,25.62811333333333,0.6407028333333333,1.1147222222222224
136.219,1.3386,25.68124,0.642031,1.1155000000000002
136.637,1.3402666666666667,25.733926666666665,0.6433481666666666,1.116888888888889
136.687,1.3422666666666667,25.78712,0.6446780000000001,1.1185555555555557
137.105,1.3445333333333334,25.839806666666668,0.6459951666666667,1.1204444444444446
137.155,1.3472000000000002,25.892993333333333,0.6473248333333333,1.122666666666667
137.573,1.3506,25.94568,0.6486419999999999,1.1255000000000002
137.623,1.3545333333333334,25.998866666666668,0.6499716666666667,1.1287777777777779
138.041,1.358866666666667,26.051553333333334,0.6512888333333333,1.1323888888888891
138.091,1.3629333333333336,26.10474,0.6526185,1.135777777777778
138.509,1.3674,26.157433333333334,0.6539358333333334,1.1395
138.559,1.3716000000000002,26.21062,0.6552655,1.1430000000000002
138.977,1.3757333333333333,26.263306666666665,0.6565826666666666,1.1464444444444444
139.027,1.3792,26.31649333333333,0.6579123333333332,1.1493333333333333
139.445,1.3817333333333333,26.369179999999997,0.6592294999999999,1.1514444444444445
139.495,1.3832666666666666,26.422366666666665,0.6605591666666666,1.1527222222222222
139.913,1.3842666666666665,26.47512,0.661878,1.1535555555555554
139.963,1.3845333333333334,26.528306666666666,0.6632076666666666,1.1537777777777778
140.381,1.3843333333333334,26.581053333333333,0.6645263333333333,1.1536111111111111
140.431,1.3838666666666666,26.634246666666666,0.6658561666666667,1.1532222222222221
140.849,1.3832666666666666,26.68699333333333,0.6671748333333333,1.1527222222222222
140.899,1.3819333333333332,26.74018,0.6685045,1.1516111111111111
141.317,1.3806,26.792866666666665,0.6698216666666666,1.1505
141.367,1.3788666666666667,26.845993333333336,0.6711498333333334,1.1490555555555557
141.785,1.3778000000000001,26.89868,0.6724669999999999,1.1481666666666668
141.835,1.3763333333333334,26.9518,0.6737949999999999,1.1469444444444445
142.252,1.375,27.004426666666667,0.6751106666666666,1.1458333333333335
142.302,1.3737333333333335,27.057426666666668,0.6764356666666667,1.144777777777778
142.72,1.3728666666666667,27.110053333333333,0.6777513333333334,1.1440555555555556
142.77,1.3729333333333333,27.163053333333334,0.6790763333333334,1.144111111111111
143.188,1.3730666666666667,27.215680000000003,0.6803920000000001,1.1442222222222223
143.238,1.3737333333333335,27.26868,0.681717,1.144777777777778
143.656,1.3751333333333333,27.321246666666664,0.6830311666666666,1.1459444444444444
143.706,1.377,27.374186666666667,0.6843546666666667,1.1475
144.124,1.3796666666666666,27.42668666666667,0.6856671666666667,1.1497222222222223
144.174,1.3824666666666665,27.479566666666663,0.6869891666666665,1.1520555555555554
144.592,1.3860666666666668,27.532006666666668,0.6883001666666667,1.1550555555555557
144.642,1.3896666666666666,27.58500666666667,0.6896251666666667,1.1580555555555556
145.06,1.3933333333333333,27.637506666666663,0.6909376666666666,1.1611111111111112
145.11,1.3963333333333334,27.690506666666668,0.6922626666666667,1.1636111111111112
145.528,1.3992,27.743006666666666,0.6935751666666666,1.1660000000000001
145.578,1.4019333333333333,27.796066666666665,0.6949016666666666,1.1682777777777777
145.996,1.404,27.848693333333333,0.6962173333333334,1.17
146.046,1.4056666666666666,27.90176,0.6975439999999999,1.1713888888888888
146.464,1.4065333333333332,27.954386666666664,0.6988596666666667,1.172111111111111
146.514,1.4073333333333333,28.007446666666667,0.7001861666666667,1.172777777777778
146.932,1.4077333333333333,28.060066666666668,0.7015016666666667,1.1731111111111112
146.982,1.4074,28.113186666666664,0.7028296666666666,1.1728333333333334
147.4,1.4064666666666665,28.16587333333333,0.7041468333333333,1.1720555555555554
147.45,1.4047333333333332,28.21906,0.7054765,1.170611111111111
147.867,1.4033333333333333,28.271806666666667,0.7067951666666666,1.1694444444444445
147.917,1.4011333333333333,28.324993333333335,0.7081248333333334,1.1676111111111112
148.335,1.3997333333333333,28.377686666666666,0.7094421666666666,1.1664444444444444
148.385,1.3982666666666668,28.430873333333334,0.7107718333333334,1.1652222222222224
148.803,1.3970666666666667,28.48356,0.712089,1.1642222222222223
148.853,1.396,28.536746666666666,0.7134186666666666,1.1633333333333333
149.271,1.3955333333333333,28.589433333333332,0.7147358333333333,1.1629444444444446
149.321,1.3957333333333333,28.64262,0.7160655,1.1631111111111112
149.739,1.3971333333333333,28.695306666666667,0.7173826666666667,1.1642777777777777
149.789,1.3993333333333333,28.748493333333332,0.7187123333333333,1.166111111111111
150.207,1.4023333333333334,28.80118,0.7200295,1.1686111111111113
150.257,1.4057333333333333,28.854373333333335,0.7213593333333334,1.1714444444444445
150.675,1.4096,28.90706,0.7226765,1.1746666666666667
150.725,1.4140666666666666,28.960246666666666,0.7240061666666666,1.178388888888889
151.143,1.4189333333333332,29.012933333333333,0.7253233333333333,1.1824444444444444
151.193,1.4234666666666667,29.06612,0.726653,1.1862222222222223
151.611,1.4282666666666666,29.11886666666667,0.7279716666666667,1.1902222222222223
151.661,1.4322666666666666,29.172053333333334,0.7293013333333334,1.1935555555555555
152.079,1.4359333333333335,29.224806666666666,0.7306201666666666,1.1966111111111113
152.129,1.4393333333333334,29.27799333333333,0.7319498333333333,1.1994444444444445
152.547,1.4419333333333335,29.330746666666666,0.7332686666666667,1.2016111111111114
152.597,1.4439333333333333,29.383933333333335,0.7345983333333334,1.203277777777778
153.015,1.4448666666666667,29.436680000000003,0.735917,1.2040555555555557
153.065,1.4446,29.489866666666668,0.7372466666666667,1.2038333333333335
153.483,1.4437333333333333,29.542553333333334,0.7385638333333333,1.2031111111111112
153.533,1.4420666666666666,29.59568,0.739892,1.2017222222222221
153.951,1.4403333333333335,29.6483,0.7412075,1.200277777777778
154.001,1.4381333333333333,29.70136666666667,0.7425341666666667,1.1984444444444444
154.419,1.436,29.753926666666665,0.7438481666666666,1.1966666666666668
154.469,1.4334666666666667,29.806986666666667,0.7451746666666667,1.1945555555555556
154.887,1.4316666666666669,29.859553333333334,0.7464888333333334,1.1930555555555558
154.937,1.4296,29.91262,0.7478155,1.1913333333333334
155.355,1.4279333333333333,29.96518,0.7491295,1.1899444444444445
155.405,1.4266,30.01824,0.750456,1.1888333333333334
155.823,1.4259333333333333,30.070800000000002,0.75177,1.1882777777777778
155.873,1.4260666666666668,30.123859999999997,0.7530965,1.1883888888888892
156.29,1.4268666666666665,30.176426666666664,0.7544106666666666,1.1890555555555555
156.34,1.4287333333333334,30.229366666666667,0.7557341666666667,1.1906111111111113
156.757,1.4316,30.281866666666666,0.7570466666666666,1.193
156.807,1.4350666666666667,30.334746666666668,0.7583686666666667,1.195888888888889
157.225,1.4392666666666665,30.387246666666666,0.7596811666666666,1.1993888888888888
157.275,1.4435333333333333,30.440126666666668,0.7610031666666667,1.2029444444444446
157.693,1.4483333333333335,30.49262666666667,0.7623156666666667,1.2069444444444446
157.743,1.4530666666666667,30.545506666666665,0.7636376666666667,1.210888888888889
158.161,1.4578,30.597946666666665,0.7649486666666666,1.2148333333333334
158.212,1.4618,30.65082,0.7662705,1.2181666666666666
158.629,1.4653333333333334,30.703126666666666,0.7675781666666667,1.2211111111111113
158.679,1.4684666666666668,30.75588,0.768897,1.2237222222222224
159.097,1.4714666666666667,30.808066666666665,0.7702016666666667,1.2262222222222223
159.147,1.4738,30.860693333333334,0.7715173333333334,1.2281666666666666
159.565,1.4754666666666667,30.91276,0.7728189999999999,1.2295555555555557
159.615,1.4764666666666668,30.965320000000002,0.7741330000000001,1.230388888888889
160.033,1.4764666666666668,31.017446666666668,0.7754361666666667,1.230388888888889
160.083,1.4754666666666667,31.070006666666664,0.7767501666666666,1.2295555555555557
160.501,1.474,31.122193333333332,0.7780548333333333,1.2283333333333333
160.551,1.4718000000000002,31.174753333333335,0.7793688333333334,1.2265000000000001
160.969,1.4692666666666667,31.22694,0.7806735,1.224388888888889
161.019,1.4662000000000002,31.2795,0.7819875,1.2218333333333335
161.437,1.4634,31.331686666666666,0.7832921666666667,1.2195
161.487,1.4606,31.384246666666666,0.7846061666666666,1.2171666666666667
161.905,1.458,31.436373333333332,0.7859093333333333,1.215
161.955,1.4558666666666666,31.488999999999997,0.787225,1.2132222222222222
162.373,1.4546,31.541186666666665,0.7885296666666666,1.2121666666666666
162.423,1.4534666666666667,31.59387333333333,0.7898468333333333,1.2112222222222222
162.841,1.4535333333333333,31.646126666666664,0.7911531666666666,1.211277777777778
162.891,1.4542666666666666,31.69887333333333,0.7924718333333333,1.2118888888888888
163.309,1.4562,31.751126666666668,0.7937781666666667,1.2135
163.359,1.4591333333333334,31.80394,0.7950985,1.2159444444444445
163.776,1.4626666666666668,31.85625333333333,0.7964063333333333,1.2188888888888891
163.826,1.4666666666666666,31.909,0.797725,1.222222222222222
164.244,1.4711333333333334,31.961313333333337,0.7990328333333334,1.2259444444444445
164.294,1.4759333333333333,32.01406,0.8003515,1.2299444444444445
164.712,1.4811333333333332,32.06637333333334,0.8016593333333335,1.2342777777777778
164.762,1.4860666666666666,32.11912,0.8029780000000001,1.238388888888889
165.18,1.4908666666666666,32.17143333333333,0.8042858333333334,1.2423888888888888
165.23,1.4954666666666665,32.224246666666666,0.8056061666666666,1.2462222222222221
165.648,1.4996,32.27662,0.8069155,1.2496666666666667
165.698,1.5028666666666666,32.32949333333333,0.8082373333333333,1.2523888888888888
166.116,1.5054,32.38186666666667,0.8095466666666666,1.2545000000000002
166.166,1.5067333333333333,32.43474,0.8108685,1.255611111111111
166.584,1.5070000000000001,32.48711333333333,0.8121778333333334,1.2558333333333336
166.634,1.5060666666666667,32.53998666666667,0.8134996666666667,1.2550555555555556
167.052,1.5041333333333333,32.59229333333334,0.8148073333333334,1.2534444444444446
167.102,1.5016,32.64510666666667,0.8161276666666668,1.2513333333333334
167.52,1.4986666666666666,32.69748,0.817437,1.248888888888889
167.57,1.4952666666666665,32.75029333333333,0.8187573333333333,1.2460555555555555
167.988,1.4922666666666666,32.80267333333333,0.8200668333333333,1.2435555555555555
168.038,1.4888666666666666,32.855486666666664,0.8213871666666666,1.2407222222222223
168.456,1.4864,32.90786,0.8226964999999999,1.2386666666666666
168.506,1.4840666666666666,32.96067333333333,0.8240168333333333,1.2367222222222223
168.924,1.4825333333333333,33.01298,0.8253245,1.2354444444444443
168.974,1.4814666666666667,33.065733333333334,0.8266433333333334,1.2345555555555556
169.392,1.481,33.11798,0.8279495000000001,1.2341666666666669
169.442,1.4812666666666667,33.17073333333333,0.8292683333333333,1.234388888888889
169.86,1.4824,33.22298,0.8305745,1.2353333333333334
169.91,1.4846,33.27573333333333,0.8318933333333332,1.2371666666666667
170.327,1.4873333333333332,33.32798,0.8331994999999999,1.2394444444444443
170.377,1.4910666666666665,33.380673333333334,0.8345168333333334,1.2425555555555554
170.795,1.495,33.432919999999996,0.8358229999999999,1.2458333333333336
170.845,1.4993333333333332,33.48561333333333,0.8371403333333334,1.2494444444444444
171.262,1.504333333333333,33.53786,0.8384465000000001,1.253611111111111
171.312,1.5089333333333335,33.59048,0.839762,1.2574444444444446
171.73,1.5135333333333334,33.64273333333333,0.8410683333333333,1.261277777777778
171.78,1.5171999999999999,33.69536,0.842384,1.2643333333333333
172.198,1.5205333333333333,33.747613333333334,0.8436903333333333,1.267111111111111
172.249,1.5230666666666666,33.800306666666664,0.8450076666666666,1.2692222222222223
172.666,1.5252666666666665,33.85255333333333,0.8463138333333333,1.2710555555555556
172.716,1.5268666666666666,33.90524666666667,0.8476311666666667,1.2723888888888888
173.134,1.5274666666666665,33.95749333333333,0.8489373333333333,1.2728888888888887
173.184,1.5272000000000001,34.01024666666667,0.8502561666666667,1.2726666666666668
173.602,1.5263333333333333,34.062493333333336,0.8515623333333334,1.2719444444444445
173.652,1.5249333333333333,34.115246666666664,0.8528811666666666,1.2707777777777778
174.07,1.523,34.16755333333333,0.8541888333333333,1.2691666666666666
174.12,1.5208666666666666,34.22030666666667,0.8555076666666668,1.267388888888889
174.538,1.5192666666666665,34.27261333333333,0.8568153333333333,1.2660555555555555
174.588,1.517,34.32536666666667,0.8581341666666666,1.2641666666666667
175.006,1.5154666666666665,34.37774,0.8594435,1.2628888888888887
175.056,1.5139333333333334,34.43048666666667,0.8607621666666667,1.2616111111111112
175.474,1.5128666666666666,34.48286666666666,0.8620716666666665,1.2607222222222223
175.524,1.5121333333333333,34.53561333333334,0.8633903333333335,1.2601111111111112
175.942,1.5122,34.58792666666667,0.8646981666666667,1.2601666666666667
175.992,1.5126,34.640679999999996,0.8660169999999999,1.2605
176.41,1.5141333333333333,34.69298666666667,0.8673246666666667,1.2617777777777779
176.46,1.5166666666666666,34.74574,0.8686434999999999,1.2638888888888888
176.878,1.5204,34.79798666666667,0.8699496666666666,1.2670000000000001
176.928,1.5247333333333333,34.8508,0.87127,1.2706111111111111
177.345,1.5295333333333334,34.90311333333333,0.8725778333333333,1.2746111111111111
177.395,1.5348666666666666,34.955866666666665,0.8738966666666667,1.2790555555555556
177.813,1.5409333333333335,35.00818,0.8752045,1.2841111111111112
177.863,1.5464666666666667,35.06093333333333,0.8765233333333333,1.2887222222222223
178.281,1.5518,35.11324666666667,0.8778311666666667,1.2931666666666668
178.331,1.5564,35.166000000000004,0.8791500000000001,1.2970000000000002
178.749,1.5604,35.21831333333333,0.8804578333333332,1.3003333333333333
178.799,1.5639333333333334,35.27112,0.8817780000000001,1.303277777777778
179.217,1.5668666666666666,35.32349333333333,0.8830873333333333,1.3057222222222222
179.267,1.569,35.37636666666666,0.8844091666666666,1.3075
179.685,1.57,35.42880666666667,0.8857201666666666,1.3083333333333333
179.735,1.5698666666666667,35.481746666666666,0.8870436666666667,1.3082222222222224
180.153,1.5694666666666668,35.53424666666667,0.8883561666666667,1.307888888888889
180.203,1.5678666666666667,35.58724666666667,0.8896811666666669,1.3065555555555557
180.621,1.5658666666666667,35.63968666666666,0.8909921666666666,1.304888888888889
180.671,1.5634000000000001,35.692620000000005,0.8923155000000002,1.3028333333333335
181.089,1.5608666666666666,35.74512,0.893628,1.3007222222222223
181.139,1.5576,35.79806,0.8949515,1.298
181.557,1.5546,35.850559999999994,0.8962639999999998,1.2955
181.607,1.5518,35.90349333333334,0.8975873333333334,1.2931666666666668
182.025,1.5497333333333332,35.95599333333333,0.8988998333333333,1.2914444444444444
182.075,1.5482666666666667,36.00892666666667,0.9002231666666667,1.2902222222222224
182.493,1.5476666666666667,36.061366666666665,0.9015341666666666,1.2897222222222224
182.543,1.5476666666666667,36.11424,0.9028560000000001,1.2897222222222224
182.961,1.5486666666666666,36.16661333333333,0.9041653333333333,1.2905555555555557
183.011,1.5508,36.21942,0.9054854999999999,1.2923333333333333
183.429,1.5539333333333334,36.27173333333334,0.9067933333333335,1.2949444444444445
183.479,1.5573333333333332,36.32448,0.908112,1.2977777777777777
183.897,1.5612666666666668,36.37673333333333,0.9094183333333332,1.3010555555555556
183.947,1.5655999999999999,36.42954666666667,0.9107386666666667,1.3046666666666666
184.363,1.5702,36.48186,0.9120465,1.3085
184.413,1.5748666666666666,36.534546666666664,0.9133636666666666,1.3123888888888888
184.831,1.5793333333333335,36.58685333333334,0.9146713333333334,1.3161111111111112
184.881,1.5835333333333332,36.639540000000004,0.9159885000000001,1.319611111111111
185.299,1.5871333333333333,36.691853333333334,0.9172963333333334,1.3226111111111112
185.349,1.59,36.74454,0.9186135,1.3250000000000002
185.767,1.5926,36.79685333333334,0.9199213333333335,1.3271666666666668
185.817,1.5943333333333334,36.849540000000005,0.9212385000000001,1.3286111111111112
186.235,1.5953333333333333,36.90185333333333,0.9225463333333332,1.3294444444444444
186.286,1.5953333333333333,36.95466666666667,0.9238666666666667,1.3294444444444444
186.703,1.5947333333333333,37.00698,0.9251745,1.3289444444444445
186.753,1.5931333333333333,37.05979333333333,0.9264948333333333,1.327611111111111
187.171,1.5914666666666666,37.11210666666667,0.9278026666666668,1.3262222222222222
187.221,1.5892666666666666,37.16492,0.929123,1.3243888888888888
187.639,1.5866666666666667,37.217166666666664,0.9304291666666666,1.3222222222222222
187.689,1.5838,37.26992,0.931748,1.3198333333333334
188.107,1.5808666666666666,37.32229333333333,0.9330573333333332,1.317388888888889
188.157,1.5781333333333334,37.37504666666667,0.9343761666666668,1.3151111111111111
188.575,1.5763333333333334,37.42742,0.9356855,1.3136111111111113
188.625,1.5751333333333333,37.48017333333333,0.9370043333333333,1.3126111111111112
189.043,1.5745333333333333,37.53254666666667,0.9383136666666667,1.3121111111111112
189.093,1.5742,37.5853,0.9396324999999999,1.3118333333333334
189.511,1.5746666666666667,37.63767333333333,0.9409418333333333,1.3122222222222222
189.561,1.5758666666666667,37.69042666666667,0.9422606666666666,1.3132222222222223
189.979,1.5777333333333334,37.74267333333333,0.9435668333333332,1.3147777777777778
190.029,1.5802,37.79542666666667,0.9448856666666667,1.3168333333333335
190.447,1.5834000000000001,37.84767333333333,0.9461918333333333,1.3195000000000001
190.497,1.5866666666666667,37.900486666666666,0.9475121666666666,1.3222222222222222
190.915,1.5902,37.9528,0.9488200000000001,1.3251666666666668
190.965,1.5941333333333332,38.005613333333336,0.9501403333333334,1.3284444444444443
191.382,1.5988,38.05792666666667,0.9514481666666667,1.3323333333333334
191.432,1.6035333333333335,38.11068,0.952767,1.336277777777778
191.85,1.6079333333333332,38.16299333333333,0.9540748333333333,1.3399444444444444
191.9,1.6114,38.21580666666667,0.9553951666666668,1.3428333333333333
192.318,1.6146,38.26818,0.9567045000000001,1.3455000000000001
192.368,1.6172,38.32106,0.9580265000000001,1.3476666666666668
192.786,1.6191333333333333,38.373493333333336,0.9593373333333334,1.3492777777777778
192.836,1.6202666666666665,38.426433333333335,0.9606608333333334,1.3502222222222222
193.254,1.6211333333333333,38.47886666666667,0.9619716666666667,1.3509444444444445
193.304,1.6213333333333333,38.53180666666667,0.9632951666666667,1.3511111111111112
193.722,1.6205333333333334,38.58424,0.9646060000000001,1.3504444444444446
193.772,1.619,38.63718000000001,0.9659295000000002,1.3491666666666666
194.19,1.6176,38.689553333333336,0.9672388333333334,1.348
194.24,1.6159333333333334,38.74242666666667,0.9685606666666666,1.3466111111111112
194.658,1.6144666666666665,38.7948,0.96987,1.3453888888888887
194.708,1.6122666666666667,38.84767333333333,0.9711918333333334,1.3435555555555556
195.126,1.6109333333333333,38.90011333333334,0.9725028333333334,1.3424444444444446
195.176,1.6099333333333334,38.95298666666667,0.9738246666666667,1.3416111111111113
195.594,1.6099333333333334,39.00536,0.9751340000000001,1.3416111111111113
195.644,1.6101999999999999,39.058173333333336,0.9764543333333334,1.3418333333333332
196.062,1.6112666666666666,39.11048,0.977762,1.3427222222222222
196.112,1.613,39.16323333333333,0.9790808333333333,1.3441666666666667
196.53,1.6152666666666666,39.21548,0.980387,1.3460555555555556
196.58,1.6178,39.268233333333335,0.9817058333333334,1.3481666666666667
196.998,1.621,39.320479999999996,0.9830119999999999,1.3508333333333333
197.048,1.6252,39.373293333333336,0.9843323333333334,1.3543333333333334
197.466,1.6291333333333333,39.42560666666667,0.9856401666666667,1.357611111111111
197.516,1.6329333333333333,39.47842,0.9869605,1.3607777777777779
197.932,1.6368,39.53073333333334,0.9882683333333334,1.364
197.982,1.6404666666666665,39.58342666666667,0.9895856666666667,1.3670555555555555
198.4,1.6441333333333332,39.635740000000006,0.9908935000000001,1.370111111111111
198.45,1.6469333333333334,39.68842666666667,0.9922106666666668,1.3724444444444446
198.868,1.6496,39.740739999999995,0.9935184999999999,1.3746666666666667
198.918,1.6512666666666667,39.79343333333334,0.9948358333333335,1.3760555555555556
199.336,1.6525333333333334,39.84574666666666,0.9961436666666665,1.3771111111111112
199.386,1.6529999999999998,39.89844,0.997461,1.3775
199.804,1.6525999999999998,39.95075333333333,0.9987688333333333,1.3771666666666667
199.854,1.6516666666666666,40.00344666666667,1.0000861666666667,1.3763888888888889
200.272,1.6499333333333333,40.05576,1.001394,1.3749444444444445
200.322,1.6475333333333333,40.10857333333333,1.0027143333333333,1.3729444444444445
200.74,1.6449333333333334,40.16082666666667,1.004020666666667,1.3707777777777779
200.79,1.6426,40.213573333333336,1.0053393333333334,1.3688333333333333
201.208,1.6411333333333333,40.26582666666666,1.0066456666666665,1.367611111111111
201.258,1.6396000000000002,40.31857333333333,1.0079643333333332,1.3663333333333336
201.676,1.6386666666666665,40.37094666666667,1.0092736666666666,1.3655555555555554
201.726,1.6377333333333333,40.42369333333333,1.0105923333333333,1.3647777777777779
202.144,1.6372666666666666,40.47606666666666,1.0119016666666665,1.3643888888888889
202.194,1.6369333333333331,40.52881333333333,1.0132203333333334,1.364111111111111
202.612,1.6371333333333333,40.58118666666667,1.0145296666666668,1.364277777777778
202.662,1.6377333333333333,40.63393333333333,1.0158483333333332,1.3647777777777779
203.08,1.6392,40.68630666666666,1.0171576666666664,1.366
203.13,1.6415333333333335,40.73905333333333,1.0184763333333333,1.3679444444444446
203.548,1.6444,40.791426666666666,1.0197856666666667,1.3703333333333334
203.598,1.6480666666666666,40.84417333333333,1.0211043333333332,1.3733888888888888
204.016,1.6520666666666666,40.89642666666667,1.0224106666666668,1.3767222222222222
204.066,1.6562666666666668,40.949173333333334,1.0237293333333333,1.3802222222222225
204.483,1.6603999999999999,41.00142666666667,1.0250356666666667,1.3836666666666666
204.533,1.6636666666666666,41.05411333333333,1.0263528333333334,1.386388888888889
204.951,1.6673333333333331,41.106366666666666,1.0276591666666666,1.3894444444444443
205.001,1.6704,41.15905333333333,1.0289763333333333,1.3920000000000001
205.419,1.6726666666666667,41.211306666666665,1.0302826666666667,1.393888888888889
205.469,1.6744666666666668,41.26399333333334,1.0315998333333334,1.395388888888889
205.887,1.6756,41.316246666666665,1.0329061666666666,1.3963333333333334
205.937,1.6762000000000001,41.368993333333336,1.0342248333333335,1.3968333333333336
206.355,1.6758666666666666,41.421306666666666,1.0355326666666667,1.3965555555555556
206.405,1.6746666666666665,41.47412,1.036853,1.3955555555555554
206.823,1.6727999999999998,41.52643333333333,1.0381608333333332,1.394
206.873,1.6703999999999999,41.57924666666667,1.0394811666666668,1.392
207.291,1.6676,41.63156,1.040789,1.3896666666666666
207.341,1.6644666666666665,41.68437333333333,1.0421093333333333,1.3870555555555555
207.759,1.662,41.736686666666664,1.0434171666666665,1.385
207.809,1.6596,41.7895,1.0447374999999999,1.383
208.227,1.6581333333333332,41.84187333333333,1.0460468333333333,1.3817777777777778
208.277,1.6562666666666666,41.894686666666665,1.0473671666666666,1.3802222222222222
208.695,1.6548666666666667,41.94706,1.0486765,1.3790555555555557
208.745,1.6542666666666668,41.99987333333333,1.0499968333333334,1.3785555555555558
209.163,1.6548666666666667,42.05224666666666,1.0513061666666665,1.3790555555555557
209.213,1.6561333333333332,42.10506,1.0526265000000001,1.380111111111111
209.631,1.6587333333333334,42.15737333333333,1.0539343333333333,1.382277777777778
209.681,1.6622666666666668,42.21012666666666,1.0552531666666665,1.3852222222222224
210.099,1.6662666666666666,42.262373333333336,1.0565593333333334,1.3885555555555555
210.149,1.6709333333333334,42.315126666666664,1.0578781666666666,1.3924444444444446
210.567,1.676,42.36737333333333,1.0591843333333333,1.3966666666666667
210.617,1.6814666666666667,42.42018666666667,1.0605046666666669,1.4012222222222224
211.035,1.6874,42.4725,1.0618124999999998,1.4061666666666668
211.085,1.6926666666666668,42.52531333333333,1.0631328333333332,1.4105555555555558
211.502,1.6984,42.57762666666667,1.0644406666666666,1.4153333333333333
211.552,1.7032,42.630379999999995,1.0657595,1.4193333333333333
211.969,1.7071333333333334,42.68269333333333,1.0670673333333334,1.4226111111111113
212.019,1.7106,42.73538,1.0683845,1.4255
212.437,1.7134666666666667,42.78769333333333,1.0696923333333332,1.427888888888889
212.487,1.7151333333333334,42.84044666666667,1.0710111666666668,1.4292777777777779
212.905,1.7158666666666667,42.89282,1.0723205,1.429888888888889
212.955,1.7152666666666667,42.94563333333333,1.0736408333333334,1.429388888888889
213.373,1.7146666666666666,42.998066666666666,1.0749516666666667,1.4288888888888889
213.423,1.7136,43.05094,1.0762734999999999,1.4280000000000002
213.841,1.7126,43.10344,1.077586,1.4271666666666667
213.892,1.7112,43.156439999999996,1.078911,1.4260000000000002
214.309,1.7095999999999998,43.20888,1.080222,1.4246666666666665
214.359,1.7075333333333333,43.26181333333333,1.0815453333333331,1.4229444444444446
214.777,1.7076,43.31425333333333,1.0828563333333334,1.423
214.827,1.7072,43.36718666666666,1.0841796666666665,1.4226666666666667
215.245,1.7173333333333332,43.419686666666664,1.0854921666666666,1.431111111111111
215.295,1.7283333333333333,43.47262,1.0868155,1.4402777777777778
215.713,1.7372666666666667,43.52518666666666,1.0881296666666667,1.4477222222222224
215.763,1.7468,43.57812,1.089453,1.4556666666666667
216.181,1.7790666666666666,43.63062,1.0907655,1.4825555555555556
216.231,1.8122666666666667,43.68349333333333,1.0920873333333332,1.5102222222222224
216.649,1.8744,43.735933333333335,1.0933983333333335,1.562
216.699,1.9365333333333332,43.78874666666666,1.0947186666666666,1.6137777777777778
217.117,1.9402666666666666,43.84112666666667,1.0960281666666667,1.6168888888888888
217.167,1.9439333333333333,43.89394,1.0973485,1.6199444444444444
217.584,1.9991333333333332,43.94625333333333,1.0986563333333332,1.6659444444444444
217.634,2.054533333333333,43.999,1.0999750000000001,1.712111111111111
218.052,2.0738,44.05131333333333,1.1012828333333333,1.7281666666666666
218.102,2.0909333333333335,44.10406,1.1026015,1.7424444444444447
218.52,2.0921333333333334,44.156373333333335,1.1039093333333334,1.7434444444444446
218.57,2.0828,44.20918666666667,1.1052296666666668,1.735666666666667
218.988,2.0736,44.26156,1.1065390000000002,1.728
219.038,2.0664666666666665,44.314433333333334,1.1078608333333333,1.7220555555555555
219.456,2.0586666666666664,44.36687333333334,1.1091718333333334,1.7155555555555555
219.506,2.0281333333333333,44.419806666666666,1.1104951666666667,1.6901111111111111
219.924,1.9965333333333333,44.47224666666667,1.1118061666666668,1.6637777777777778
219.974,1.936,44.52518,1.1131294999999999,1.6133333333333333
220.392,1.8748666666666667,44.57762,1.1144405000000002,1.562388888888889
220.442,1.8721333333333334,44.63055333333333,1.1157638333333333,1.5601111111111112
220.86,1.8690666666666667,44.68292666666666,1.1170731666666665,1.5575555555555556
220.91,1.8144666666666667,44.735800000000005,1.118395,1.5120555555555557
221.328,1.7603333333333333,44.788239999999995,1.1197059999999999,1.4669444444444444
221.378,1.7423333333333335,44.84111333333333,1.1210278333333332,1.4519444444444447
221.796,1.7256,44.89355333333333,1.1223388333333333,1.4380000000000002
221.846,1.7247999999999999,44.94642666666667,1.1236606666666666,1.4373333333333334
222.264,1.7246,44.998799999999996,1.1249699999999998,1.4371666666666667
222.314,1.7242666666666666,45.05161333333333,1.1262903333333332,1.4368888888888889
222.732,1.7242666666666666,45.103926666666666,1.1275981666666666,1.4368888888888889
222.782,1.7249333333333332,45.15667333333333,1.1289168333333333,1.4374444444444443
223.199,1.7261333333333333,45.20892666666667,1.1302231666666667,1.4384444444444444
223.249,1.7284000000000002,45.26161333333334,1.1315403333333334,1.4403333333333335
223.667,1.7310666666666668,45.31386666666666,1.1328466666666666,1.4425555555555556
223.717,1.7343333333333333,45.36655333333333,1.1341638333333333,1.4452777777777779
224.135,1.7376666666666667,45.41880666666667,1.1354701666666667,1.4480555555555557
224.185,1.7413333333333334,45.471493333333335,1.1367873333333334,1.4511111111111112
224.603,1.7454,45.52374666666667,1.1380936666666668,1.4545000000000001
224.653,1.7489999999999999,45.57649333333334,1.1394123333333335,1.4575
225.071,1.7528000000000001,45.628746666666665,1.1407186666666667,1.4606666666666668
225.121,1.7553333333333332,45.681493333333336,1.1420373333333333,1.4627777777777777
225.538,1.7576666666666665,45.73374666666667,1.1433436666666668,1.464722222222222
225.588,1.7593999999999999,45.786433333333335,1.1446608333333335,1.4661666666666666
226.006,1.7609333333333332,45.838746666666665,1.1459686666666666,1.4674444444444443
226.056,1.7621333333333333,45.89149333333333,1.1472873333333333,1.4684444444444444
226.474,1.7622,45.94380666666667,1.1485951666666667,1.4685000000000001
226.524,1.7617333333333332,45.99655333333333,1.1499138333333332,1.468111111111111
226.942,1.7609333333333335,46.04892666666667,1.1512231666666666,1.4674444444444446
226.992,1.7597333333333334,46.10167333333333,1.1525418333333333,1.4664444444444444
227.41,1.7584666666666666,46.154046666666666,1.1538511666666666,1.4653888888888889
227.46,1.7571333333333332,46.20679333333333,1.1551698333333333,1.4642777777777778
227.878,1.7558666666666667,46.25916666666667,1.1564791666666667,1.4632222222222222
227.929,1.7542,46.31198,1.1577994999999999,1.4618333333333333
228.346,1.7532,46.36429333333333,1.1591073333333333,1.461
228.396,1.752,46.41710666666667,1.1604276666666666,1.46
228.813,1.7514666666666665,46.46942,1.1617355,1.4595555555555555
228.863,1.7511333333333332,46.522166666666664,1.1630541666666665,1.4592777777777777
229.281,1.7510000000000001,46.57454,1.1643634999999999,1.4591666666666667
229.331,1.7510666666666668,46.627226666666665,1.1656806666666666,1.4592222222222224
229.749,1.7517333333333334,46.679539999999996,1.1669885,1.4597777777777778
229.799,1.7535333333333334,46.73222666666666,1.1683056666666665,1.461277777777778
230.217,1.7558666666666667,46.78454,1.1696135,1.4632222222222222
230.267,1.7585333333333333,46.837293333333335,1.1709323333333335,1.4654444444444445
230.685,1.7611999999999999,46.889673333333334,1.1722418333333333,1.4676666666666667
230.735,1.7639333333333334,46.94248666666667,1.1735621666666667,1.4699444444444445
231.153,1.7670666666666668,46.99486666666667,1.1748716666666668,1.4725555555555556
231.203,1.7701333333333333,47.04768,1.176192,1.4751111111111113
231.621,1.7733999999999999,47.09999333333334,1.1774998333333335,1.4778333333333333
231.671,1.776,47.15280666666667,1.1788201666666667,1.48
232.089,1.7790666666666666,47.20512,1.180128,1.4825555555555556
232.139,1.7814666666666668,47.257933333333334,1.1814483333333334,1.4845555555555556
232.557,1.7831333333333332,47.31031333333333,1.1827578333333333,1.4859444444444445
232.607,1.7846,47.363126666666666,1.1840781666666667,1.4871666666666667
233.025,1.785,47.41550666666667,1.1853876666666667,1.4875
233.075,1.7848,47.46832,1.1867079999999999,1.4873333333333334
233.493,1.7836,47.520700000000005,1.1880175000000002,1.4863333333333335
233.543,1.7818666666666667,47.57351333333334,1.1893378333333335,1.484888888888889
233.961,1.78,47.62582666666666,1.1906456666666665,1.4833333333333334
234.011,1.7781333333333333,47.67857333333333,1.1919643333333334,1.4817777777777779
234.429,1.7760666666666665,47.730826666666665,1.1932706666666666,1.4800555555555555
234.479,1.7735999999999998,47.783633333333334,1.1945908333333333,1.478
234.896,1.7714666666666665,47.835946666666665,1.1958986666666667,1.476222222222222
234.946,1.7691333333333332,47.888693333333336,1.1972173333333334,1.4742777777777778
235.364,1.7673999999999999,47.94100666666667,1.1985251666666668,1.4728333333333332
235.414,1.7651999999999999,47.99375333333333,1.1998438333333332,1.4709999999999999
235.832,1.7636,48.04606666666667,1.2011516666666666,1.4696666666666667
235.882,1.7627333333333333,48.09887333333334,1.2024718333333335,1.4689444444444444
236.3,1.7621333333333333,48.151246666666665,1.2037811666666667,1.4684444444444444
236.35,1.7626,48.204119999999996,1.2051029999999998,1.4688333333333334
236.768,1.7644666666666666,48.25656,1.206414,1.470388888888889
236.818,1.7673333333333332,48.30949333333333,1.2077373333333332,1.4727777777777777
237.236,1.7706000000000002,48.36199333333333,1.2090498333333333,1.4755000000000003
237.286,1.774,48.414993333333335,1.2103748333333333,1.4783333333333335
237.704,1.7775333333333334,48.46749333333333,1.2116873333333333,1.481277777777778
237.754,1.7812666666666668,48.520493333333334,1.2130123333333334,1.484388888888889
238.172,1.7853999999999999,48.57293333333334,1.2143233333333334,1.4878333333333333
238.222,1.7892000000000001,48.62587333333333,1.2156468333333332,1.491
238.64,1.7932666666666668,48.67837333333333,1.2169593333333333,1.494388888888889
238.69,1.7967333333333333,48.73131333333333,1.2182828333333333,1.4972777777777777
239.108,1.7999333333333332,48.783813333333335,1.2195953333333334,1.4999444444444443
239.158,1.8025333333333333,48.836753333333334,1.2209188333333334,1.5021111111111112
239.575,1.8046666666666666,48.88919333333333,1.2222298333333332,1.5038888888888888
239.625,1.8065333333333333,48.942006666666664,1.2235501666666666,1.5054444444444446
240.043,1.8087333333333333,48.99438,1.2248595,1.5072777777777777
240.093,1.8095333333333334,49.04712666666667,1.2261781666666667,1.5079444444444445
240.511,1.8063333333333333,49.099439999999994,1.2274859999999999,1.505277777777778
240.561,1.8027333333333333,49.15212666666666,1.2288031666666666,1.5022777777777778
240.979,1.7367333333333332,49.204373333333336,1.2301093333333335,1.4472777777777777
241.029,1.6705999999999999,49.25706,1.2314265,1.3921666666666666
241.446,1.4423333333333332,49.309306666666664,1.2327326666666667,1.2019444444444445
241.499,1.2136666666666664,49.35837333333333,1.2339593333333334,1.0113888888888887
241.914,0.9336,49.403686666666665,1.2350921666666665,0.778
241.967,0.6532666666666667,49.44575333333333,1.2361438333333332,0.5443888888888889
242.382,0.49406666666666665,49.48406666666666,1.2371016666666665,0.4117222222222222
242.434,0.33513333333333334,49.519133333333336,1.2379783333333334,0.2792777777777778
242.85,0.32966666666666666,49.550446666666666,1.2387611666666667,0.27472222222222226
242.902,0.32466666666666666,49.57851333333333,1.2394628333333333,0.27055555555555555
243.318,0.31873333333333337,49.602893333333334,1.2400723333333334,0.26561111111111113
243.37,0.31246666666666667,49.62396,1.240599,0.2603888888888889
243.786,0.30493333333333333,49.64134,1.2410335,0.2541111111111111
243.837,0.30140000000000006,49.655406666666664,1.2413851666666667,0.2511666666666667
244.254,0.29673333333333335,49.66578666666667,1.2416446666666667,0.2472777777777778
244.305,0.35446666666666665,49.672853333333336,1.2418213333333334,0.29538888888888887
244.722,0.4113333333333334,49.676233333333336,1.2419058333333335,0.34277777777777785
244.773,0.6303333333333333,49.6763,1.2419075,0.5252777777777777
245.19,0.8484,49.6763,1.2419075,0.7070000000000001
245.241,1.1178666666666668,49.6763,1.2419075,0.9315555555555557
245.658,1.3866,49.6763,1.2419075,1.1555000000000002
245.709,1.5342,49.6763,1.2419075,1.2785
246.126,1.6810666666666667,49.6763,1.2419075,1.400888888888889
246.177,1.6744666666666668,49.6763,1.2419075,1.395388888888889
246.594,1.6671333333333331,49.6763,1.2419075,1.3892777777777776
246.645,1.6607333333333334,49.6763,1.2419075,1.3839444444444446
247.062,1.6534,49.6763,1.2419075,1.3778333333333335
247.113,1.6473333333333333,49.6763,1.2419075,1.3727777777777779
247.53,1.6407333333333334,49.6763,1.2419075,1.3672777777777778
247.581,1.6352666666666666,49.6763,1.2419075,1.3627222222222222
247.998,1.629133333333333,49.6763,1.2419075,1.3576111111111109
248.049,1.6238666666666668,49.6763,1.2419075,1.3532222222222223
248.465,1.6179999999999999,49.6763,1.2419075,1.3483333333333334
248.517,1.6130666666666664,49.6763,1.2419075,1.344222222222222
248.933,1.6074,49.6763,1.2419075,1.3395
248.985,1.6024666666666667,49.6763,1.2419075,1.335388888888889
249.401,1.5972,49.6763,1.2419075,1.331
249.453,1.5926666666666667,49.6763,1.2419075,1.3272222222222223
249.869,1.5878,49.6763,1.2419075,1.3231666666666668
249.921,1.5836666666666666,49.6763,1.2419075,1.3197222222222222
250.337,1.5787333333333333,49.6763,1.2419075,1.315611111111111
250.389,1.5747333333333333,49.6763,1.2419075,1.3122777777777779
250.805,1.5704666666666667,49.6763,1.2419075,1.3087222222222223
250.856,1.5667333333333333,49.6763,1.2419075,1.305611111111111
251.273,1.5628,49.6763,1.2419075,1.3023333333333333
251.324,1.5595333333333334,49.6763,1.2419075,1.2996111111111113
251.741,1.5555999999999999,49.6763,1.2419075,1.2963333333333333
251.792,1.5522666666666667,49.6763,1.2419075,1.2935555555555556
252.209,1.6239999999999999,49.6763,1.2419075,1.3533333333333333
252.26,1.6964666666666666,49.6763,1.2419075,1.413722222222222
252.677,2.106733333333333,49.6763,1.2419075,1.755611111111111
252.728,2.517333333333333,49.6763,1.2419075,2.097777777777778
253.145,2.920533333333333,49.6763,1.2419075,2.433777777777778
253.196,3.3240666666666665,49.6763,1.2419075,2.7700555555555555
253.612,3.3491333333333335,49.6763,1.2419075,2.790944444444445
253.664,3.375,49.6763,1.2419075,2.8125
254.08,3.3697999999999997,49.6763,1.2419075,2.8081666666666667
254.132,3.3648666666666665,49.6763,1.2419075,2.8040555555555553
254.548,3.3581999999999996,49.6763,1.2419075,2.7984999999999998
254.6,3.3517333333333337,49.6763,1.2419075,2.7931111111111115
255.016,3.344533333333333,49.6763,1.2419075,2.787111111111111
255.068,3.338,49.6763,1.2419075,2.7816666666666667
255.484,3.3310666666666666,49.6763,1.2419075,2.775888888888889
255.536,3.2490666666666663,49.6763,1.2419075,2.7075555555555555
255.952,3.166533333333333,49.6763,1.2419075,2.638777777777778
256.004,2.7462,49.6763,1.2419075,2.2885
256.42,2.3254666666666663,49.6763,1.2419075,1.9378888888888888
256.471,1.9121333333333332,49.6763,1.2419075,1.5934444444444444
256.887,1.4985333333333335,49.6763,1.2419075,1.248777777777778
256.939,1.4634,49.6763,1.2419075,1.2195
257.355,1.428,49.6763,1.2419075,1.19
257.407,1.4236666666666666,49.6763,1.2419075,1.186388888888889
257.823,1.4187333333333332,49.6763,1.2419075,1.1822777777777778
257.875,1.4155333333333333,49.6763,1.2419075,1.1796111111111112
258.291,1.4123333333333332,49.6763,1.2419075,1.1769444444444443
258.343,1.4098666666666666,49.6763,1.2419075,1.1748888888888889
258.759,1.4072666666666664,49.6763,1.2419075,1.172722222222222
258.811,1.4050666666666667,49.6763,1.2419075,1.1708888888888889
259.227,1.4021333333333332,49.6763,1.2419075,1.1684444444444444
259.278,1.3997333333333333,49.6763,1.2419075,1.1664444444444444
259.695,1.3974,49.6763,1.2419075,1.1645
259.746,1.3954666666666666,49.6763,1.2419075,1.1628888888888889
260.163,1.3934666666666666,49.6763,1.2419075,1.1612222222222222
260.214,1.3917333333333333,49.6763,1.2419075,1.1597777777777778
260.631,1.3896666666666666,49.6763,1.2419075,1.1580555555555556
260.682,1.3878666666666666,49.6763,1.2419075,1.1565555555555556
261.099,1.3854,49.6763,1.2419075,1.1545
261.15,1.3835333333333333,49.6763,1.2419075,1.1529444444444445
261.567,1.3817333333333333,49.6763,1.2419075,1.1514444444444445
261.618,1.3799333333333332,49.6763,1.2419075,1.1499444444444444
262.035,1.3779333333333335,49.6763,1.2419075,1.148277777777778
262.086,1.3760666666666665,49.6763,1.2419075,1.1467222222222222
262.503,1.3738666666666668,49.6763,1.2419075,1.144888888888889
262.554,1.3723999999999998,49.6763,1.2419075,1.1436666666666666
262.971,1.3708666666666667,49.6763,1.2419075,1.142388888888889
263.022,1.3692666666666669,49.6763,1.2419075,1.1410555555555557
263.439,1.3676666666666668,49.6763,1.2419075,1.1397222222222223
263.49,1.3661333333333334,49.6763,1.2419075,1.1384444444444446
263.907,1.3641333333333334,49.6763,1.2419075,1.1367777777777779
263.958,1.3624666666666667,49.6763,1.2419075,1.135388888888889
264.375,1.3608666666666667,49.6763,1.2419075,1.1340555555555556
264.426,1.3599333333333334,49.6763,1.2419075,1.1332777777777778
264.842,1.3586,49.6763,1.2419075,1.1321666666666668
264.894,1.3572,49.6763,1.2419075,1.131
265.31,1.3561333333333332,49.6763,1.2419075,1.130111111111111
265.362,1.3552666666666666,49.6763,1.2419075,1.129388888888889
265.778,1.354,49.6763,1.2419075,1.1283333333333334
265.83,1.3530666666666666,49.6763,1.2419075,1.1275555555555556
266.246,1.3514666666666668,49.6763,1.2419075,1.1262222222222225
266.298,1.3499333333333334,49.6763,1.2419075,1.1249444444444445
266.714,1.3481333333333334,49.6763,1.2419075,1.1234444444444445
266.766,1.3463333333333334,49.6763,1.2419075,1.1219444444444446
267.182,1.3443333333333334,49.6763,1.2419075,1.120277777777778
267.234,1.3428,49.6763,1.2419075,1.119
267.649,1.3410000000000002,49.6763,1.2419075,1.1175000000000002
267.701,1.3391333333333333,49.6763,1.2419075,1.1159444444444444
268.117,1.3370666666666666,49.6763,1.2419075,1.1142222222222222
268.169,1.3354,49.6763,1.2419075,1.1128333333333333
268.585,1.3337333333333334,49.6763,1.2419075,1.1114444444444447
268.637,1.3317333333333332,49.6763,1.2419075,1.1097777777777778
269.053,1.3293333333333335,49.6763,1.2419075,1.107777777777778
269.105,1.3273333333333333,49.6763,1.2419075,1.106111111111111
269.521,1.3254666666666668,49.6763,1.2419075,1.1045555555555557
269.573,1.3242666666666667,49.6763,1.2419075,1.1035555555555556
269.989,1.3226666666666667,49.6763,1.2419075,1.1022222222222222
270.041,1.3213333333333332,49.6763,1.2419075,1.1011111111111112
270.457,1.3198,49.6763,1.2419075,1.0998333333333334
270.508,1.3184666666666667,49.6763,1.2419075,1.0987222222222224
270.925,1.3170666666666666,49.6763,1.2419075,1.0975555555555556
270.976,1.3159333333333334,49.6763,1.2419075,1.0966111111111112
271.393,1.3146666666666667,49.6763,1.2419075,1.0955555555555556
271.444,1.3136,49.6763,1.2419075,1.094666666666667
271.861,1.3122666666666667,49.6763,1.2419075,1.0935555555555556
271.912,1.3109333333333335,49.6763,1.2419075,1.0924444444444446
272.329,1.3097333333333334,49.6763,1.2419075,1.0914444444444447
272.38,1.3089333333333333,49.6763,1.2419075,1.0907777777777778
272.797,1.3074000000000001,49.6763,1.2419075,1.0895000000000001
272.848,1.3057333333333332,49.6763,1.2419075,1.088111111111111
273.264,1.3039333333333334,49.6763,1.2419075,1.0866111111111112
273.316,1.3025333333333333,49.6763,1.2419075,1.0854444444444444
273.732,1.3011333333333333,49.6763,1.2419075,1.0842777777777777
273.784,1.2999333333333332,49.6763,1.2419075,1.0832777777777778
274.2,1.2986666666666666,49.6763,1.2419075,1.0822222222222222
274.252,1.2974666666666665,49.6763,1.2419075,1.081222222222222
274.668,1.2961333333333334,49.6763,1.2419075,1.0801111111111112
274.72,1.2949333333333333,49.6763,1.2419075,1.0791111111111111
275.136,1.2936,49.6763,1.2419075,1.078
275.188,1.2925333333333333,49.6763,1.2419075,1.0771111111111111
275.604,1.2915333333333334,49.6763,1.2419075,1.0762777777777779
275.655,1.2903999999999998,49.6763,1.2419075,1.0753333333333333
276.072,1.2890000000000001,49.6763,1.2419075,1.074166666666667
276.123,1.2883333333333333,49.6763,1.2419075,1.073611111111111
276.54,1.2876,49.6763,1.2419075,1.0730000000000002
276.591,1.287,49.6763,1.2419075,1.0725
277.008,1.2860666666666667,49.6763,1.2419075,1.0717222222222222
277.059,1.2851333333333335,49.6763,1.2419075,1.0709444444444447
277.476,1.2839333333333334,49.6763,1.2419075,1.0699444444444446
277.527,1.2828000000000002,49.6763,1.2419075,1.0690000000000002
277.944,1.2813333333333332,49.6763,1.2419075,1.0677777777777777
277.995,1.28,49.6763,1.2419075,1.0666666666666667
278.412,1.2784666666666666,49.6763,1.2419075,1.065388888888889
278.463,1.2770666666666666,49.6763,1.2419075,1.0642222222222222
278.88,1.2756666666666665,49.6763,1.2419075,1.0630555555555554
278.931,1.2742,49.6763,1.2419075,1.0618333333333334
279.348,1.2724666666666666,49.6763,1.2419075,1.0603888888888888
279.399,1.271,49.6763,1.2419075,1.0591666666666666
279.816,1.2692666666666665,49.6763,1.2419075,1.0577222222222222
279.867,1.2676,49.6763,1.2419075,1.0563333333333333
280.284,1.2660666666666667,49.6763,1.2419075,1.0550555555555556
280.335,1.2648666666666666,49.6763,1.2419075,1.0540555555555555
280.752,1.2635333333333334,49.6763,1.2419075,1.0529444444444445
280.803,1.2624666666666664,49.6763,1.2419075,1.0520555555555553
281.22,1.2613999999999999,49.6763,1.2419075,1.0511666666666666
281.271,1.2606666666666666,49.6763,1.2419075,1.0505555555555555
281.686,1.2597999999999998,49.6763,1.2419075,1.0498333333333332
281.739,1.2591333333333332,49.6763,1.2419075,1.0492777777777778
282.154,1.2583333333333333,49.6763,1.2419075,1.0486111111111112
282.207,1.2575333333333334,49.6763,1.2419075,1.0479444444444446
282.622,1.2567999999999997,49.6763,1.2419075,1.0473333333333332
282.675,1.2563333333333333,49.6763,1.2419075,1.0469444444444445
283.09,1.2556,49.6763,1.2419075,1.0463333333333333
283.143,1.2551333333333332,49.6763,1.2419075,1.0459444444444443
283.558,1.2547333333333333,49.6763,1.2419075,1.045611111111111
283.611,1.2542,49.6763,1.2419075,1.0451666666666668
284.026,1.2534666666666667,49.6763,1.2419075,1.0445555555555557
284.078,1.2528666666666666,49.6763,1.2419075,1.0440555555555555
284.494,1.2520666666666667,49.6763,1.2419075,1.043388888888889
284.545,1.2512666666666665,49.6763,1.2419075,1.042722222222222
284.962,1.2507333333333333,49.6763,1.2419075,1.0422777777777779
285.013,1.2503333333333333,49.6763,1.2419075,1.0419444444444446
285.43,1.2498,49.6763,1.2419075,1.0415
285.481,1.2494,49.6763,1.2419075,1.0411666666666668
285.898,1.2490666666666668,49.6763,1.2419075,1.040888888888889
285.949,1.2486666666666666,49.6763,1.2419075,1.0405555555555555
286.366,1.2482,49.6763,1.2419075,1.0401666666666667
286.417,1.248,49.6763,1.2419075,1.04
286.834,1.2476666666666667,49.6763,1.2419075,1.0397222222222222
286.885,1.2472666666666667,49.6763,1.2419075,1.039388888888889
287.302,1.2468000000000001,49.6763,1.2419075,1.0390000000000001
287.353,1.2465333333333333,49.6763,1.2419075,1.0387777777777778
287.77,1.2462000000000002,49.6763,1.2419075,1.0385000000000002
287.821,1.2460666666666669,49.6763,1.2419075,1.038388888888889
288.238,1.2460666666666669,49.6763,1.2419075,1.038388888888889
288.289,1.2458,49.6763,1.2419075,1.0381666666666667
288.706,1.2452,49.6763,1.2419075,1.0376666666666667
288.757,1.2447333333333332,49.6763,1.2419075,1.0372777777777777
289.174,1.2440666666666667,49.6763,1.2419075,1.0367222222222223
289.225,1.2433333333333334,49.6763,1.2419075,1.0361111111111112
289.642,1.2425333333333335,49.6763,1.2419075,1.0354444444444446
289.693,1.2418000000000002,49.6763,1.2419075,1.0348333333333335
290.109,1.2406666666666666,49.6763,1.2419075,1.0338888888888889
290.161,1.2396666666666667,49.6763,1.2419075,1.0330555555555556
290.577,1.2386000000000001,49.6763,1.2419075,1.032166666666667
290.629,1.2376,49.6763,1.2419075,1.0313333333333334
291.045,1.2366666666666668,49.6763,1.2419075,1.0305555555555557
291.097,1.2358,49.6763,1.2419075,1.0298333333333334
291.513,1.2347333333333335,49.6763,1.2419075,1.0289444444444447
291.565,1.2335333333333334,49.6763,1.2419075,1.0279444444444445
291.981,1.2324666666666668,49.6763,1.2419075,1.0270555555555558
292.033,1.2317333333333333,49.6763,1.2419075,1.0264444444444445
292.449,1.2309333333333334,49.6763,1.2419075,1.025777777777778
292.5,1.2303333333333335,49.6763,1.2419075,1.025277777777778
292.917,1.2298,49.6763,1.2419075,1.0248333333333335
292.968,1.2293333333333334,49.6763,1.2419075,1.0244444444444445
293.385,1.2287333333333335,49.6763,1.2419075,1.0239444444444445
293.436,1.2285333333333335,49.6763,1.2419075,1.023777777777778
293.853,1.2280000000000002,49.6763,1.2419075,1.0233333333333337
293.904,1.2275333333333334,49.6763,1.2419075,1.0229444444444444
294.321,1.2271333333333334,49.6763,1.2419075,1.0226111111111111
294.372,1.2266666666666668,49.6763,1.2419075,1.0222222222222224
294.789,1.2262666666666668,49.6763,1.2419075,1.021888888888889
294.84,1.2260666666666669,49.6763,1.2419075,1.0217222222222224
295.257,1.2257333333333333,49.6763,1.2419075,1.0214444444444446
295.308,1.2252666666666667,49.6763,1.2419075,1.0210555555555556
295.724,1.2246666666666668,49.6763,1.2419075,1.0205555555555557
295.776,1.2241333333333335,49.6763,1.2419075,1.0201111111111114
296.192,1.2236666666666667,49.6763,1.2419075,1.0197222222222222
296.244,1.2231333333333334,49.6763,1.2419075,1.019277777777778
296.66,1.2227333333333334,49.6763,1.2419075,1.0189444444444447
296.712,1.2224666666666666,49.6763,1.2419075,1.0187222222222223
297.128,1.2222000000000002,49.6763,1.2419075,1.0185000000000002
297.18,1.2222666666666666,49.6763,1.2419075,1.0185555555555557
297.595,1.2222000000000002,49.6763,1.2419075,1.0185000000000002
297.648,1.2220666666666666,49.6763,1.2419075,1.018388888888889
298.063,1.2215333333333334,49.6763,1.2419075,1.0179444444444445
298.116,1.2209333333333334,49.6763,1.2419075,1.0174444444444446
298.531,1.2203333333333333,49.6763,1.2419075,1.0169444444444444
298.583,1.2198666666666669,49.6763,1.2419075,1.0165555555555559
298.999,1.2194,49.6763,1.2419075,1.0161666666666667
299.051,1.2190666666666667,49.6763,1.2419075,1.015888888888889
299.467,1.2187333333333334,49.6763,1.2419075,1.0156111111111112
299.519,1.2183333333333335,49.6763,1.2419075,1.015277777777778
299.935,1.218,49.6763,1.2419075,1.0150000000000001
299.987,1.2175333333333334,49.6763,1.2419075,1.0146111111111111
300.403,1.2168666666666668,49.6763,1.2419075,1.0140555555555557
300.454,1.2162000000000002,49.6763,1.2419075,1.0135000000000003
300.871,1.2152,49.6763,1.2419075,1.0126666666666668
300.922,1.2143333333333333,49.6763,1.2419075,1.0119444444444445
301.339,1.213666666666667,49.6763,1.2419075,1.0113888888888891
301.39,1.2134,49.6763,1.2419075,1.0111666666666668
301.807,1.2148666666666665,49.6763,1.2419075,1.0123888888888888
301.858,1.2163333333333335,49.6763,1.2419075,1.0136111111111112
302.275,1.2181333333333335,49.6763,1.2419075,1.0151111111111113
302.326,1.2199333333333333,49.6763,1.2419075,1.0166111111111111
302.743,1.2192666666666667,49.6763,1.2419075,1.0160555555555557
302.794,1.2186,49.6763,1.2419075,1.0155
303.211,1.2290666666666668,49.6763,1.2419075,1.0242222222222224
303.262,1.2394666666666667,49.6763,1.2419075,1.032888888888889
303.679,1.2429333333333334,49.6763,1.2419075,1.035777777777778
303.73,1.2466000000000002,49.6763,1.2419075,1.0388333333333335
304.147,1.2455333333333334,49.6763,1.2419075,1.0379444444444446
304.198,1.2448000000000001,49.6763,1.2419075,1.0373333333333334
304.615,1.2441333333333333,49.6763,1.2419075,1.0367777777777778
304.666,1.2432666666666667,49.6763,1.2419075,1.0360555555555557
305.083,1.242,49.6763,1.2419075,1.0350000000000001
305.134,1.239,49.6763,1.2419075,1.0325000000000002
305.551,1.2362,49.6763,1.2419075,1.0301666666666667
305.602,1.2330666666666668,49.6763,1.2419075,1.0275555555555558
306.019,1.2299333333333335,49.6763,1.2419075,1.0249444444444447
306.07,1.2292666666666667,49.6763,1.2419075,1.024388888888889
306.487,1.2285333333333335,49.6763,1.2419075,1.023777777777778
306.538,1.2166666666666666,49.6763,1.2419075,1.0138888888888888
306.955,1.2047333333333334,49.6763,1.2419075,1.0039444444444445
307.006,1.1997333333333333,49.6763,1.2419075,0.9997777777777778
307.423,1.1945333333333332,49.6763,1.2419075,0.9954444444444444
307.474,1.1940666666666668,49.6763,1.2419075,0.9950555555555557
307.891,1.1937333333333333,49.6763,1.2419075,0.9947777777777778
307.942,1.1933333333333331,49.6763,1.2419075,0.9944444444444444
308.358,1.1929333333333332,49.6763,1.2419075,0.9941111111111111
308.41,1.1929333333333332,49.6763,1.2419075,0.9941111111111111
308.826,1.1929333333333332,49.6763,1.2419075,0.9941111111111111
308.878,1.1927333333333332,49.6763,1.2419075,0.9939444444444444
309.294,1.1924,49.6763,1.2419075,0.9936666666666666
309.346,1.1920666666666666,49.6763,1.2419075,0.9933888888888889
309.761,1.191733333333333,49.6763,1.2419075,0.993111111111111
309.814,1.1914666666666667,49.6763,1.2419075,0.9928888888888889
310.229,1.1909999999999998,49.6763,1.2419075,0.9924999999999999
310.282,1.1905999999999999,49.6763,1.2419075,0.9921666666666666
310.697,1.1902,49.6763,1.2419075,0.9918333333333333
310.75,1.1900000000000002,49.6763,1.2419075,0.9916666666666668
311.165,1.1896666666666667,49.6763,1.2419075,0.9913888888888889
311.217,1.1892,49.6763,1.2419075,0.9910000000000001
311.633,1.1886666666666665,49.6763,1.2419075,0.9905555555555555
311.685,1.1881333333333333,49.6763,1.2419075,0.990111111111111
312.101,1.1876,49.6763,1.2419075,0.9896666666666667
312.153,1.1870666666666667,49.6763,1.2419075,0.9892222222222223
312.569,1.1864,49.6763,1.2419075,0.9886666666666666
312.62,1.1858666666666666,49.6763,1.2419075,0.9882222222222222
313.037,1.1853333333333333,49.6763,1.2419075,0.9877777777777779
313.088,1.1847999999999999,49.6763,1.2419075,0.9873333333333333
313.505,1.1842666666666666,49.6763,1.2419075,0.9868888888888888
313.556,1.1839333333333333,49.6763,1.2419075,0.9866111111111111
313.973,1.1835999999999998,49.6763,1.2419075,0.9863333333333332
314.024,1.1832666666666667,49.6763,1.2419075,0.9860555555555556
314.441,1.1827333333333334,49.6763,1.2419075,0.9856111111111112
314.492,1.1823333333333332,49.6763,1.2419075,0.9852777777777777
314.909,1.1818666666666666,49.6763,1.2419075,0.9848888888888889
314.96,1.1814666666666664,49.6763,1.2419075,0.9845555555555554
315.377,1.1810666666666667,49.6763,1.2419075,0.9842222222222223
315.428,1.1806666666666668,49.6763,1.2419075,0.983888888888889
315.845,1.1802,49.6763,1.2419075,0.9834999999999999
315.896,1.1798666666666666,49.6763,1.2419075,0.9832222222222222
316.313,1.1794666666666667,49.6763,1.2419075,0.9828888888888889
316.364,1.1790666666666667,49.6763,1.2419075,0.9825555555555556
316.781,1.1786666666666668,49.6763,1.2419075,0.9822222222222223
316.832,1.1782666666666666,49.6763,1.2419075,0.9818888888888888
317.249,1.1778666666666666,49.6763,1.2419075,0.9815555555555555
317.3,1.1774666666666667,49.6763,1.2419075,0.9812222222222222
317.717,1.1768,49.6763,1.2419075,0.9806666666666668
317.768,1.1763333333333332,49.6763,1.2419075,0.9802777777777777
318.185,1.1758666666666666,49.6763,1.2419075,0.9798888888888889
318.236,1.1754666666666664,49.6763,1.2419075,0.9795555555555554
318.653,1.175,49.6763,1.2419075,0.9791666666666667
318.704,1.1745333333333332,49.6763,1.2419075,0.9787777777777777
319.121,1.1741333333333333,49.6763,1.2419075,0.9784444444444444
319.172,1.1738,49.6763,1.2419075,0.9781666666666666
319.588,1.1733333333333331,49.6763,1.2419075,0.9777777777777776
319.64,1.1729333333333332,49.6763,1.2419075,0.9774444444444443
320.056,1.1725999999999999,49.6763,1.2419075,0.9771666666666666
320.108,1.1722666666666666,49.6763,1.2419075,0.9768888888888888
320.524,1.1716666666666666,49.6763,1.2419075,0.9763888888888889
320.576,1.1710666666666667,49.6763,1.2419075,0.9758888888888889
320.992,1.1702000000000001,49.6763,1.2419075,0.9751666666666668
321.044,1.1696,49.6763,1.2419075,0.9746666666666667
321.46,1.1692,49.6763,1.2419075,0.9743333333333334
321.512,1.1688,49.6763,1.2419075,0.9740000000000001
321.928,1.1684666666666668,49.6763,1.2419075,0.9737222222222224
321.98,1.1682,49.6763,1.2419075,0.9734999999999999
322.396,1.1677333333333333,49.6763,1.2419075,0.9731111111111111
322.448,1.1672,49.6763,1.2419075,0.9726666666666667
322.864,1.1667999999999998,49.6763,1.2419075,0.9723333333333333
322.916,1.1665333333333334,49.6763,1.2419075,0.9721111111111113
323.332,1.1662,49.6763,1.2419075,0.9718333333333333
323.383,1.1658,49.6763,1.2419075,0.9715
323.799,1.1654000000000002,49.6763,1.2419075,0.9711666666666668
323.851,1.1652666666666667,49.6763,1.2419075,0.9710555555555556
324.267,1.1647333333333334,49.6763,1.2419075,0.9706111111111112
324.319,1.1644666666666665,49.6763,1.2419075,0.9703888888888889
324.735,1.1642000000000001,49.6763,1.2419075,0.9701666666666668
324.787,1.1637333333333333,49.6763,1.2419075,0.9697777777777777
325.203,1.1631333333333334,49.6763,1.2419075,0.9692777777777778
325.255,1.1624666666666668,49.6763,1.2419075,0.9687222222222224
325.671,1.1617333333333333,49.6763,1.2419075,0.9681111111111111
325.723,1.1612,49.6763,1.2419075,0.9676666666666667
326.139,1.1607999999999998,49.6763,1.2419075,0.9673333333333333
326.191,1.1602666666666666,49.6763,1.2419075,0.9668888888888888
326.607,1.1596666666666666,49.6763,1.2419075,0.9663888888888889
326.658,1.1591333333333333,49.6763,1.2419075,0.9659444444444445
327.075,1.1584666666666665,49.6763,1.2419075,0.9653888888888889
327.126,1.1578000000000002,49.6763,1.2419075,0.9648333333333335
327.543,1.1570666666666667,49.6763,1.2419075,0.9642222222222223
327.594,1.1567333333333332,49.6763,1.2419075,0.9639444444444444
328.011,1.1565333333333332,49.6763,1.2419075,0.9637777777777777
328.062,1.1563333333333332,49.6763,1.2419075,0.9636111111111111
328.479,1.1562,49.6763,1.2419075,0.9634999999999999
328.53,1.1562,49.6763,1.2419075,0.9634999999999999
328.947,1.1560666666666668,49.6763,1.2419075,0.9633888888888891
328.998,1.156,49.6763,1.2419075,0.9633333333333333
329.415,1.1560666666666668,49.6763,1.2419075,0.9633888888888891
329.466,1.156,49.6763,1.2419075,0.9633333333333333
329.883,1.1557333333333333,49.6763,1.2419075,0.9631111111111111
329.934,1.1555333333333333,49.6763,1.2419075,0.9629444444444445
330.351,1.1556666666666666,49.6763,1.2419075,0.9630555555555556
330.402,1.1559333333333333,49.6763,1.2419075,0.9632777777777778
330.819,1.1559333333333333,49.6763,1.2419075,0.9632777777777778
330.87,1.156,49.6763,1.2419075,0.9633333333333333
331.287,1.1561333333333332,49.6763,1.2419075,0.9634444444444444
331.338,1.1561333333333332,49.6763,1.2419075,0.9634444444444444
331.755,1.1558666666666668,49.6763,1.2419075,0.9632222222222224
331.806,1.1555333333333333,49.6763,1.2419075,0.9629444444444445
332.222,1.1553333333333333,49.6763,1.2419075,0.9627777777777778
332.274,1.1552666666666667,49.6763,1.2419075,0.9627222222222223
332.69,1.1549333333333331,49.6763,1.2419075,0.9624444444444443
332.742,1.1544666666666668,49.6763,1.2419075,0.9620555555555557
333.158,1.1540666666666666,49.6763,1.2419075,0.9617222222222221
333.21,1.1538666666666666,49.6763,1.2419075,0.9615555555555555
333.626,1.1537333333333335,49.6763,1.2419075,0.9614444444444447
333.678,1.1532666666666667,49.6763,1.2419075,0.9610555555555556
334.094,1.1526666666666665,49.6763,1.2419075,0.9605555555555555
334.146,1.1523333333333334,49.6763,1.2419075,0.9602777777777779
334.562,1.152,49.6763,1.2419075,0.96
334.614,1.1515999999999997,49.6763,1.2419075,0.9596666666666664
335.03,1.1510666666666665,49.6763,1.2419075,0.9592222222222221
335.081,1.1508,49.6763,1.2419075,0.9590000000000001
335.498,1.1505333333333332,49.6763,1.2419075,0.9587777777777777
335.55,1.1501333333333332,49.6763,1.2419075,0.9584444444444444
335.966,1.1499333333333333,49.6763,1.2419075,0.9582777777777778
336.017,1.15,49.6763,1.2419075,0.9583333333333333
336.434,1.1498666666666666,49.6763,1.2419075,0.9582222222222222
336.485,1.1496666666666664,49.6763,1.2419075,0.9580555555555553
336.902,1.1493333333333333,49.6763,1.2419075,0.9577777777777778
336.953,1.1489333333333331,49.6763,1.2419075,0.9574444444444443
337.37,1.1483333333333332,49.6763,1.2419075,0.9569444444444444
337.421,1.1478666666666666,49.6763,1.2419075,0.9565555555555555
337.838,1.1476,49.6763,1.2419075,0.9563333333333334
337.889,1.1473333333333333,49.6763,1.2419075,0.9561111111111111
338.305,1.1469333333333334,49.6763,1.2419075,0.9557777777777778
338.357,1.1466666666666667,49.6763,1.2419075,0.9555555555555556
338.773,1.1463999999999999,49.6763,1.2419075,0.9553333333333333
338.825,1.1461333333333334,49.6763,1.2419075,0.9551111111111112
339.241,1.1459333333333332,49.6763,1.2419075,0.9549444444444444
339.293,1.1455333333333333,49.6763,1.2419075,0.9546111111111111
339.709,1.1449333333333334,49.6763,1.2419075,0.9541111111111111
339.761,1.1445333333333332,49.6763,1.2419075,0.9537777777777777
340.177,1.144,49.6763,1.2419075,0.9533333333333333
340.229,1.1436,49.6763,1.2419075,0.953
340.645,1.1432,49.6763,1.2419075,0.9526666666666667
340.697,1.143,49.6763,1.2419075,0.9525
341.113,1.1429333333333331,49.6763,1.2419075,0.9524444444444443
341.164,1.1426666666666667,49.6763,1.2419075,0.9522222222222223
341.581,1.1422666666666668,49.6763,1.2419075,0.951888888888889
341.632,1.142,49.6763,1.2419075,0.9516666666666667
342.048,1.1418,49.6763,1.2419075,0.9515
342.1,1.1416,49.6763,1.2419075,0.9513333333333334
342.516,1.141333333333333,49.6763,1.2419075,0.9511111111111109
342.568,1.1409999999999998,49.6763,1.2419075,0.9508333333333332
342.984,1.1403999999999999,49.6763,1.2419075,0.9503333333333333
343.036,1.14,49.6763,1.2419075,0.95
343.452,1.1397333333333333,49.6763,1.2419075,0.9497777777777777
343.504,1.1396,49.6763,1.2419075,0.9496666666666667
343.92,1.1395333333333333,49.6763,1.2419075,0.9496111111111111
343.972,1.1394666666666666,49.6763,1.2419075,0.9495555555555556
344.388,1.1393333333333333,49.6763,1.2419075,0.9494444444444444
344.44,1.1390666666666667,49.6763,1.2419075,0.9492222222222223
344.856,1.1386,49.6763,1.2419075,0.9488333333333334
344.907,1.1382666666666665,49.6763,1.2419075,0.9485555555555555
345.324,1.1380000000000001,49.6763,1.2419075,0.9483333333333335
345.375,1.1376666666666666,49.6763,1.2419075,0.9480555555555555
345.792,1.1373333333333333,49.6763,1.2419075,0.9477777777777778
345.843,1.1370666666666664,49.6763,1.2419075,0.9475555555555554
346.26,1.1369333333333331,49.6763,1.2419075,0.9474444444444443
346.311,1.1370666666666664,49.6763,1.2419075,0.9475555555555554
346.728,1.137,49.6763,1.2419075,0.9475
346.779,1.1368,49.6763,1.2419075,0.9473333333333334
347.196,1.1367333333333332,49.6763,1.2419075,0.9472777777777777
347.247,1.1366,49.6763,1.2419075,0.9471666666666667
347.664,1.1361999999999999,49.6763,1.2419075,0.9468333333333333
347.715,1.1358666666666666,49.6763,1.2419075,0.9465555555555555
348.132,1.1356,49.6763,1.2419075,0.9463333333333334
348.183,1.1355333333333333,49.6763,1.2419075,0.9462777777777778
348.6,1.135333333333333,49.6763,1.2419075,0.9461111111111109
348.651,1.1350666666666667,49.6763,1.2419075,0.9458888888888889
349.068,1.1347999999999998,49.6763,1.2419075,0.9456666666666665
349.119,1.1345333333333334,49.6763,1.2419075,0.9454444444444445
349.536,1.1341333333333334,49.6763,1.2419075,0.9451111111111112
349.587,1.1336,49.6763,1.2419075,0.9446666666666667
350.004,1.1333333333333333,49.6763,1.2419075,0.9444444444444444
350.055,1.1332666666666666,49.6763,1.2419075,0.9443888888888889
350.472,1.1330666666666667,49.6763,1.2419075,0.9442222222222223
350.523,1.1327333333333334,49.6763,1.2419075,0.9439444444444445
350.94,1.1321999999999999,49.6763,1.2419075,0.9434999999999999
350.991,1.1319333333333332,49.6763,1.2419075,0.9432777777777778
351.408,1.1314666666666666,49.6763,1.2419075,0.9428888888888889
351.459,1.1309333333333333,49.6763,1.2419075,0.9424444444444445
351.876,1.1303333333333332,49.6763,1.2419075,0.9419444444444444
351.927,1.1298666666666668,49.6763,1.2419075,0.9415555555555557
352.342,1.1292,49.6763,1.2419075,0.9410000000000001
352.395,1.1285333333333334,49.6763,1.2419075,0.9404444444444445
352.81,1.1281333333333334,49.6763,1.2419075,0.9401111111111112
352.863,1.1278666666666666,49.6763,1.2419075,0.9398888888888889
353.278,1.1275333333333333,49.6763,1.2419075,0.9396111111111111
353.331,1.1269333333333333,49.6763,1.2419075,0.9391111111111111
353.746,1.1262,49.6763,1.2419075,0.9385000000000001
353.799,1.1256,49.6763,1.2419075,0.938
354.214,1.1250666666666667,49.6763,1.2419075,0.9375555555555556
354.267,1.1247333333333331,49.6763,1.2419075,0.9372777777777777
354.682,1.1242666666666667,49.6763,1.2419075,0.936888888888889
354.735,1.1239999999999999,49.6763,1.2419075,0.9366666666666666
355.15,1.1239333333333335,49.6763,1.2419075,0.9366111111111113
355.201,1.1239333333333335,49.6763,1.2419075,0.9366111111111113
355.618,1.1239999999999999,49.6763,1.2419075,0.9366666666666666
355.669,1.1242666666666667,49.6763,1.2419075,0.936888888888889
356.086,1.1241999999999999,49.6763,1.2419075,0.9368333333333333
356.137,1.1238666666666668,49.6763,1.2419075,0.9365555555555557
356.554,1.1235333333333335,49.6763,1.2419075,0.936277777777778
356.605,1.1232666666666666,49.6763,1.2419075,0.9360555555555555
357.022,1.123,49.6763,1.2419075,0.9358333333333334
357.073,1.1228666666666667,49.6763,1.2419075,0.9357222222222222
357.49,1.123,49.6763,1.2419075,0.9358333333333334
357.541,1.1230666666666667,49.6763,1.2419075,0.9358888888888889
357.958,1.1228,49.6763,1.2419075,0.9356666666666668
358.009,1.1226666666666667,49.6763,1.2419075,0.9355555555555556
358.426,1.1225333333333334,49.6763,1.2419075,0.9354444444444445
358.477,1.1221999999999999,49.6763,1.2419075,0.9351666666666666
358.894,1.1219333333333334,49.6763,1.2419075,0.9349444444444446
358.945,1.1216000000000002,49.6763,1.2419075,0.9346666666666669
359.362,1.1212666666666666,49.6763,1.2419075,0.9343888888888889
359.413,1.1212666666666666,49.6763,1.2419075,0.9343888888888889
359.83,1.1212666666666666,49.6763,1.2419075,0.9343888888888889
359.881,1.1212666666666666,49.6763,1.2419075,0.9343888888888889
360.298,1.121,49.6763,1.2419075,0.9341666666666667
360.349,1.1207333333333334,49.6763,1.2419075,0.9339444444444445
360.766,1.1204,49.6763,1.2419075,0.9336666666666668
360.817,1.1198000000000001,49.6763,1.2419075,0.9331666666666668
361.234,1.1193333333333333,49.6763,1.2419075,0.9327777777777778
361.285,1.1192,49.6763,1.2419075,0.9326666666666666
361.702,1.1192,49.6763,1.2419075,0.9326666666666666
361.753,1.1192,49.6763,1.2419075,0.9326666666666666
362.17,1.1192,49.6763,1.2419075,0.9326666666666666
362.221,1.1191333333333333,49.6763,1.2419075,0.9326111111111112
362.637,1.1188666666666667,49.6763,1.2419075,0.9323888888888889
362.689,1.1186,49.6763,1.2419075,0.9321666666666667
363.105,1.1183333333333334,49.6763,1.2419075,0.9319444444444446
363.157,1.1180666666666668,49.6763,1.2419075,0.9317222222222223
363.573,1.1178,49.6763,1.2419075,0.9315
363.625,1.1178,49.6763,1.2419075,0.9315
364.041,1.1178,49.6763,1.2419075,0.9315
364.093,1.1178666666666668,49.6763,1.2419075,0.9315555555555557
364.509,1.1176,49.6763,1.2419075,0.9313333333333333
364.561,1.1172,49.6763,1.2419075,0.931
364.977,1.1168000000000002,49.6763,1.2419075,0.9306666666666669
365.029,1.1162666666666667,49.6763,1.2419075,0.9302222222222223
365.445,1.1158000000000001,49.6763,1.2419075,0.9298333333333335
365.496,1.1153333333333333,49.6763,1.2419075,0.9294444444444444
365.913,1.1148666666666667,49.6763,1.2419075,0.9290555555555556
365.964,1.1146,49.6763,1.2419075,0.9288333333333334
366.38,1.1143333333333334,49.6763,1.2419075,0.9286111111111112
366.432,1.1140666666666665,49.6763,1.2419075,0.9283888888888888
366.848,1.1139333333333332,49.6763,1.2419075,0.9282777777777778
366.9,1.1138000000000001,49.6763,1.2419075,0.9281666666666668
367.316,1.1136666666666668,49.6763,1.2419075,0.9280555555555557
367.368,1.1135333333333333,49.6763,1.2419075,0.9279444444444445
367.784,1.1133333333333333,49.6763,1.2419075,0.9277777777777778
367.836,1.1134666666666668,49.6763,1.2419075,0.9278888888888891
368.252,1.1133333333333333,49.6763,1.2419075,0.9277777777777778
368.304,1.1132,49.6763,1.2419075,0.9276666666666666
368.72,1.1132666666666668,49.6763,1.2419075,0.9277222222222224
368.772,1.1132666666666668,49.6763,1.2419075,0.9277222222222224
369.188,1.113,49.6763,1.2419075,0.9275
369.239,1.1127333333333334,49.6763,1.2419075,0.9272777777777779
