Time (s),Force (N),Displacement (mm),Strain,Stress (MPa)
3.275,-0.008466666666666667,0.12656,0.003164,-0.007055555555555556
3.325,-0.009066666666666667,0.15811999999999998,0.003953,-0.007555555555555557
3.743,-0.009466666666666667,0.19299333333333332,0.004824833333333333,-0.00788888888888889
3.793,-0.01,0.23155333333333333,0.005788833333333333,-0.008333333333333333
4.211,-0.009933333333333332,0.2733666666666667,0.006834166666666667,-0.008277777777777778
4.261,-0.010133333333333333,0.3188666666666667,0.007971666666666667,-0.008444444444444444
4.679,-0.009333333333333332,0.3676133333333333,0.009190333333333332,-0.0077777777777777776
4.729,-0.007866666666666666,0.42011333333333334,0.010502833333333333,-0.006555555555555555
5.147,-0.0057333333333333325,0.47211333333333333,0.011802833333333334,-0.0047777777777777775
5.197,-0.0034,0.5246133333333334,0.013115333333333335,-0.002833333333333333
5.615,-0.0006666666666666664,0.57668,0.014417,-0.0005555555555555553
5.665,0.002533333333333333,0.62912,0.015728,0.002111111111111111
6.083,0.006933333333333333,0.68112,0.017027999999999998,0.0057777777777777775
6.133,0.0112,0.73362,0.018340500000000003,0.009333333333333334
6.551,0.016066666666666667,0.7856799999999999,0.019642,0.01338888888888889
6.601,0.020733333333333333,0.8382466666666667,0.020956166666666668,0.017277777777777777
7.019,0.025733333333333334,0.8903733333333332,0.022259333333333332,0.021444444444444447
7.069,0.030533333333333336,0.94294,0.0235735,0.025444444444444447
7.487,0.034666666666666665,0.9950666666666667,0.024876666666666665,0.028888888888888888
7.537,0.0382,1.0477533333333333,0.026193833333333333,0.03183333333333333
7.955,0.0412,1.1,0.027500000000000004,0.034333333333333334
8.005,0.0432,1.1528133333333335,0.028820333333333337,0.036000000000000004
8.423,0.04426666666666667,1.205126666666667,0.03012816666666667,0.036888888888888895
8.473,0.04466666666666667,1.2580066666666667,0.03145016666666667,0.037222222222222226
8.89,0.04526666666666667,1.3103799999999999,0.0327595,0.037722222222222226
8.94,0.04546666666666666,1.3631866666666668,0.03407966666666667,0.03788888888888889
9.358,0.04526666666666667,1.41562,0.035390500000000005,0.037722222222222226
9.408,0.04386666666666667,1.4684933333333334,0.03671233333333333,0.03655555555555556
9.826,0.0426,1.5209266666666668,0.03802316666666667,0.035500000000000004
9.876,0.04073333333333333,1.5737999999999999,0.039345,0.033944444444444444
10.294,0.039066666666666666,1.6261733333333335,0.040654333333333334,0.03255555555555556
10.344,0.03706666666666667,1.6789866666666666,0.04197466666666667,0.030888888888888893
10.762,0.035666666666666666,1.7313599999999998,0.043283999999999996,0.029722222222222223
10.812,0.03493333333333334,1.7842333333333333,0.04460583333333333,0.029111111111111115
11.229,0.03493333333333334,1.8365466666666668,0.04591366666666667,0.029111111111111115
11.279,0.03546666666666667,1.8893,0.0472325,0.029555555555555557
11.697,0.036533333333333334,1.9416133333333332,0.04854033333333333,0.030444444444444448
11.747,0.03853333333333333,1.99436,0.049859,0.03211111111111111
12.165,0.04073333333333333,2.046673333333333,0.05116683333333333,0.033944444444444444
12.215,0.04273333333333333,2.0994266666666666,0.05248566666666667,0.035611111111111114
12.633,0.045533333333333335,2.1518066666666664,0.05379516666666666,0.03794444444444445
12.683,0.04873333333333333,2.20456,0.055113999999999996,0.04061111111111111
13.101,0.052866666666666666,2.2569999999999997,0.05642499999999999,0.044055555555555556
13.151,0.05686666666666666,2.309813333333333,0.05774533333333333,0.04738888888888889
13.569,0.061000000000000006,2.3622533333333333,0.059056333333333336,0.05083333333333334
13.62,0.06493333333333333,2.4151866666666666,0.060379666666666665,0.05411111111111111
14.037,0.0688,2.4676866666666664,0.06169216666666666,0.05733333333333333
14.087,0.07206666666666667,2.5206266666666663,0.06301566666666666,0.060055555555555556
14.505,0.07453333333333333,2.5730666666666666,0.06432666666666667,0.06211111111111111
14.555,0.07626666666666666,2.626,0.06565,0.06355555555555556
14.973,0.07719999999999999,2.6785,0.06696250000000001,0.06433333333333333
15.023,0.07759999999999999,2.73138,0.0682845,0.06466666666666666
15.441,0.07793333333333334,2.78382,0.0695955,0.06494444444444446
15.491,0.07806666666666667,2.8366333333333333,0.07091583333333333,0.06505555555555556
15.909,0.07793333333333334,2.8890066666666665,0.07222516666666666,0.06494444444444446
15.959,0.077,2.94182,0.0735455,0.06416666666666666
16.377,0.0762,2.9941933333333335,0.07485483333333334,0.0635
16.427,0.07446666666666667,3.0469466666666665,0.07617366666666667,0.06205555555555556
16.845,0.07286666666666666,3.09926,0.07748150000000001,0.06072222222222222
16.895,0.07113333333333333,3.1520133333333336,0.07880033333333333,0.059277777777777776
17.313,0.06953333333333332,3.204266666666667,0.08010666666666667,0.05794444444444444
17.363,0.068,3.25708,0.081427,0.05666666666666667
17.78,0.06766666666666668,3.3093866666666667,0.08273466666666666,0.056388888888888905
17.83,0.06813333333333334,3.3621333333333334,0.08405333333333334,0.05677777777777778
18.248,0.06939999999999999,3.414446666666667,0.08536116666666668,0.05783333333333333
18.298,0.07146666666666666,3.4671933333333333,0.08667983333333333,0.059555555555555556
18.716,0.07400000000000001,3.5195,0.0879875,0.061666666666666675
18.766,0.0766,3.5723133333333332,0.08930783333333334,0.06383333333333334
19.184,0.07993333333333334,3.624686666666667,0.09061716666666667,0.06661111111111112
19.234,0.08353333333333333,3.6775,0.0919375,0.06961111111111111
19.652,0.08753333333333332,3.7298066666666667,0.09324516666666667,0.07294444444444444
19.702,0.0914,3.7825533333333334,0.09456383333333333,0.07616666666666666
20.12,0.09546666666666666,3.8348,0.09587,0.07955555555555555
20.17,0.0994,3.8874866666666668,0.09718716666666667,0.08283333333333334
20.588,0.10266666666666667,3.9396733333333334,0.09849183333333333,0.08555555555555557
20.638,0.10579999999999999,3.9923,0.09980750000000001,0.08816666666666666
21.056,0.10886666666666667,4.04436,0.101109,0.09072222222222223
21.106,0.11073333333333334,4.09686,0.10242150000000001,0.09227777777777778
21.524,0.112,4.148926666666666,0.10372316666666666,0.09333333333333334
21.574,0.11246666666666667,4.201366666666667,0.10503416666666668,0.09372222222222223
21.992,0.1118,4.253373333333333,0.10633433333333334,0.09316666666666666
22.042,0.11066666666666666,4.305813333333333,0.10764533333333333,0.09222222222222222
22.46,0.10946666666666666,4.357753333333333,0.10894383333333332,0.09122222222222222
22.51,0.10753333333333333,4.410126666666667,0.11025316666666667,0.08961111111111111
22.928,0.1054,4.462066666666667,0.11155166666666667,0.08783333333333333
22.978,0.10286666666666666,4.514506666666667,0.11286266666666667,0.08572222222222223
23.396,0.10053333333333334,4.566513333333333,0.11416283333333332,0.08377777777777778
23.446,0.098,4.619013333333333,0.11547533333333333,0.08166666666666668
23.864,0.09586666666666667,4.67108,0.11677699999999999,0.0798888888888889
23.914,0.0944,4.7236400000000005,0.11809100000000002,0.07866666666666666
24.332,0.09366666666666666,4.77576,0.119394,0.07805555555555556
24.382,0.093,4.828386666666666,0.12070966666666665,0.0775
24.8,0.09313333333333333,4.880573333333333,0.12201433333333334,0.07761111111111112
24.85,0.09386666666666667,4.933260000000001,0.12333150000000001,0.07822222222222222
25.268,0.09546666666666666,4.985446666666666,0.12463616666666666,0.07955555555555555
25.318,0.0982,5.038133333333334,0.12595333333333333,0.08183333333333333
25.735,0.10173333333333333,5.09026,0.1272565,0.08477777777777777
25.785,0.10533333333333333,5.14282,0.1285705,0.08777777777777779
26.203,0.1098,5.194946666666667,0.12987366666666667,0.0915
26.253,0.11446666666666667,5.247506666666666,0.13118766666666665,0.0953888888888889
26.67,0.11953333333333332,5.299633333333333,0.13249083333333334,0.09961111111111111
26.72,0.12440000000000001,5.352133333333333,0.13380333333333333,0.10366666666666668
27.138,0.12926666666666667,5.40426,0.1351065,0.10772222222222223
27.188,0.13373333333333334,5.45676,0.136419,0.11144444444444446
27.606,0.13793333333333332,5.508886666666667,0.13772216666666667,0.11494444444444445
27.656,0.1414,5.561453333333334,0.13903633333333335,0.11783333333333333
28.074,0.14406666666666668,5.613513333333333,0.14033783333333333,0.12005555555555557
28.124,0.14593333333333333,5.6660200000000005,0.1416505,0.12161111111111111
28.542,0.14733333333333334,5.718019999999999,0.14295049999999998,0.12277777777777779
28.592,0.14786666666666667,5.77052,0.144263,0.12322222222222223
29.01,0.14766666666666667,5.82252,0.145563,0.12305555555555556
29.06,0.14666666666666667,5.87502,0.1468755,0.12222222222222223
29.478,0.14533333333333334,5.92708,0.148177,0.12111111111111113
29.528,0.1431333333333333,5.979513333333333,0.14948783333333332,0.11927777777777776
29.946,0.1396,6.031513333333334,0.15078783333333334,0.11633333333333334
29.996,0.13566666666666669,6.083886666666667,0.15209716666666667,0.11305555555555558
30.414,0.13206666666666667,6.13588,0.153397,0.11005555555555556
30.464,0.12846666666666667,6.188253333333334,0.15470633333333333,0.10705555555555557
30.882,0.12533333333333332,6.240246666666667,0.15600616666666667,0.10444444444444444
30.932,0.12246666666666667,6.29262,0.1573155,0.10205555555555557
31.35,0.12126666666666666,6.344553333333334,0.15861383333333334,0.10105555555555555
31.4,0.12086666666666666,6.3969933333333335,0.15992483333333335,0.10072222222222223
31.818,0.12126666666666666,6.448986666666667,0.16122466666666668,0.10105555555555555
31.868,0.12213333333333334,6.501486666666667,0.16253716666666668,0.10177777777777779
32.286,0.12366666666666666,6.553546666666667,0.16383866666666666,0.10305555555555555
32.336,0.12593333333333334,6.606106666666666,0.16515266666666667,0.10494444444444445
32.754,0.1288,6.658226666666667,0.16645566666666667,0.10733333333333334
32.804,0.132,6.710853333333334,0.16777133333333333,0.11000000000000001
33.222,0.13553333333333334,6.76304,0.169076,0.11294444444444446
33.272,0.1404,6.8157266666666665,0.17039316666666665,0.117
33.69,0.14553333333333332,6.867913333333333,0.17169783333333333,0.12127777777777778
33.74,0.15033333333333332,6.920606666666667,0.17301516666666666,0.12527777777777777
34.158,0.1548,6.972733333333333,0.17431833333333333,0.129
34.208,0.1588,7.02536,0.175634,0.13233333333333333
34.626,0.16253333333333334,7.07742,0.1769355,0.13544444444444445
34.676,0.1646,7.1299866666666665,0.17824966666666667,0.13716666666666666
35.093,0.16593333333333332,7.181986666666666,0.17954966666666666,0.13827777777777778
35.143,0.16646666666666665,7.234426666666667,0.18086066666666667,0.13872222222222222
35.561,0.1662,7.286366666666667,0.18215916666666668,0.13849999999999998
35.611,0.16526666666666667,7.338746666666666,0.18346866666666667,0.13772222222222225
36.029,0.16406666666666667,7.390686666666666,0.18476716666666665,0.13672222222222222
36.079,0.16226666666666664,7.443126666666667,0.18607816666666668,0.13522222222222222
36.497,0.16053333333333333,7.495126666666667,0.18737816666666668,0.13377777777777777
36.547,0.15846666666666664,7.547626666666667,0.18869066666666667,0.13205555555555554
36.965,0.15626666666666666,7.599686666666667,0.18999216666666668,0.13022222222222224
37.015,0.1538,7.652313333333334,0.19130783333333334,0.12816666666666668
37.433,0.15193333333333334,7.7044999999999995,0.1926125,0.12661111111111112
37.483,0.15039999999999998,7.757246666666666,0.19393116666666665,0.12533333333333332
37.901,0.1498,7.8095,0.1952375,0.12483333333333332
37.951,0.14946666666666666,7.862313333333333,0.19655783333333332,0.12455555555555556
38.369,0.14973333333333333,7.914626666666666,0.19786566666666666,0.12477777777777778
38.419,0.15073333333333333,7.9675,0.19918750000000002,0.12561111111111112
38.837,0.15246666666666667,8.01994,0.2004985,0.12705555555555556
38.887,0.15499999999999997,8.072873333333334,0.20182183333333334,0.12916666666666665
39.304,0.15739999999999998,8.125373333333334,0.20313433333333336,0.13116666666666665
39.354,0.16006666666666666,8.178246666666666,0.20445616666666666,0.1333888888888889
39.772,0.16366666666666668,8.230686666666667,0.20576716666666667,0.13638888888888892
39.822,0.1672,8.2835,0.2070875,0.13933333333333334
40.24,0.17106666666666664,8.33588,0.208397,0.14255555555555555
40.29,0.17506666666666665,8.388633333333333,0.20971583333333332,0.14588888888888887
40.708,0.1791333333333333,8.440946666666667,0.21102366666666666,0.14927777777777776
40.758,0.18259999999999998,8.493633333333333,0.21234083333333334,0.15216666666666667
41.176,0.18586666666666668,8.545886666666666,0.21364716666666667,0.1548888888888889
41.226,0.1882,8.598573333333333,0.2149643333333333,0.15683333333333335
41.644,0.18966666666666668,8.650826666666667,0.21627066666666667,0.15805555555555556
41.695,0.19053333333333333,8.703573333333333,0.21758933333333333,0.1587777777777778
42.111,0.1906,8.755826666666668,0.21889566666666668,0.15883333333333333
42.161,0.18993333333333334,8.808513333333334,0.22021283333333336,0.1582777777777778
42.579,0.18913333333333335,8.860766666666667,0.22151916666666666,0.15761111111111112
42.629,0.18846666666666667,8.913453333333333,0.22283633333333333,0.15705555555555556
43.047,0.18780000000000002,8.965766666666667,0.22414416666666667,0.15650000000000003
43.097,0.1862,9.018453333333333,0.22546133333333335,0.15516666666666667
43.515,0.18473333333333333,9.070766666666666,0.22676916666666663,0.15394444444444444
43.565,0.18293333333333334,9.123513333333333,0.22808783333333332,0.15244444444444447
43.983,0.18133333333333335,9.175886666666665,0.22939716666666662,0.15111111111111114
44.033,0.17966666666666667,9.2287,0.2307175,0.14972222222222223
44.451,0.17833333333333332,9.281073333333332,0.2320268333333333,0.1486111111111111
44.501,0.1772,9.333886666666666,0.23334716666666666,0.14766666666666667
44.919,0.1766,9.38626,0.2346565,0.14716666666666667
44.969,0.17686666666666667,9.439073333333333,0.23597683333333333,0.1473888888888889
45.387,0.17813333333333334,9.491386666666667,0.23728466666666667,0.14844444444444446
45.437,0.1802,9.5442,0.238605,0.15016666666666667
45.855,0.18266666666666664,9.596573333333334,0.23991433333333334,0.1522222222222222
45.905,0.18526666666666666,9.649386666666667,0.24123466666666665,0.15438888888888888
46.323,0.18853333333333333,9.70176,0.242544,0.15711111111111112
46.373,0.1918,9.754573333333333,0.24386433333333332,0.15983333333333333
46.791,0.19586666666666666,9.806946666666667,0.24517366666666668,0.1632222222222222
46.841,0.1998,9.85976,0.246494,0.1665
47.259,0.20346666666666666,9.912073333333334,0.24780183333333333,0.16955555555555554
47.309,0.20693333333333333,9.964826666666665,0.24912066666666663,0.17244444444444446
47.727,0.20966666666666667,10.017073333333334,0.2504268333333334,0.17472222222222222
47.777,0.21206666666666668,10.069826666666668,0.2517456666666667,0.17672222222222225
48.195,0.2132,10.122073333333333,0.2530518333333333,0.17766666666666667
48.245,0.2138,10.174826666666666,0.25437066666666663,0.17816666666666667
48.663,0.213,10.227073333333333,0.25567683333333335,0.1775
48.713,0.2112,10.279826666666667,0.2569956666666667,0.17600000000000002
49.131,0.20946666666666666,10.332073333333334,0.25830183333333334,0.17455555555555555
49.181,0.20733333333333331,10.384826666666667,0.25962066666666667,0.17277777777777778
49.599,0.20486666666666667,10.437073333333334,0.26092683333333333,0.17072222222222222
49.649,0.20173333333333332,10.489826666666666,0.26224566666666665,0.1681111111111111
50.066,0.19933333333333333,10.542073333333333,0.2635518333333333,0.16611111111111113
50.116,0.19613333333333335,10.59476,0.264869,0.16344444444444448
50.534,0.1932,10.647006666666666,0.26617516666666663,0.161
50.584,0.19053333333333333,10.699693333333332,0.26749233333333333,0.1587777777777778
51.002,0.1886,10.75194,0.2687985,0.15716666666666668
51.052,0.18739999999999998,10.804626666666667,0.2701156666666667,0.15616666666666665
51.47,0.187,10.856873333333334,0.27142183333333336,0.15583333333333335
51.52,0.18786666666666668,10.90956,0.272739,0.1565555555555556
51.938,0.1896,10.961746666666667,0.2740436666666667,0.158
51.988,0.19273333333333334,11.014433333333333,0.27536083333333333,0.16061111111111112
52.406,0.19646666666666668,11.06662,0.2766655,0.16372222222222224
52.456,0.20013333333333333,11.119306666666667,0.27798266666666666,0.16677777777777777
52.874,0.20433333333333334,11.171493333333332,0.27928733333333333,0.17027777777777778
52.924,0.20886666666666667,11.224179999999999,0.2806045,0.17405555555555557
53.341,0.21386666666666668,11.276366666666666,0.28190916666666666,0.17822222222222223
53.391,0.21813333333333335,11.328926666666666,0.28322316666666664,0.1817777777777778
53.809,0.222,11.381113333333333,0.2845278333333333,0.185
53.859,0.2256,11.433673333333333,0.28584183333333335,0.188
54.277,0.22906666666666667,11.48586,0.2871465,0.19088888888888889
54.327,0.23179999999999998,11.53842,0.2884605,0.19316666666666665
54.745,0.2344,11.590606666666668,0.2897651666666667,0.19533333333333333
54.795,0.23620000000000002,11.643166666666668,0.29107916666666667,0.19683333333333336
55.213,0.23706666666666668,11.695353333333333,0.29238383333333334,0.19755555555555557
55.263,0.23706666666666668,11.747973333333332,0.2936993333333333,0.19755555555555557
55.681,0.23673333333333335,11.80016,0.295004,0.1972777777777778
55.732,0.23579999999999998,11.852846666666666,0.29632116666666664,0.19649999999999998
56.149,0.23413333333333333,11.905033333333334,0.29762583333333337,0.19511111111111112
56.199,0.23193333333333335,11.95772,0.298943,0.1932777777777778
56.617,0.22946666666666665,12.009906666666666,0.30024766666666663,0.1912222222222222
56.667,0.2265333333333333,12.062593333333332,0.3015648333333333,0.18877777777777777
57.085,0.224,12.114906666666666,0.3028726666666667,0.18666666666666668
57.135,0.22186666666666666,12.167660000000001,0.30419150000000006,0.18488888888888888
57.553,0.22026666666666667,12.219973333333334,0.30549933333333334,0.18355555555555556
57.603,0.2188,12.272726666666667,0.30681816666666667,0.18233333333333335
58.02,0.21746666666666667,12.32504,0.308126,0.18122222222222223
58.07,0.21626666666666666,12.377726666666666,0.30944316666666666,0.18022222222222223
58.488,0.21613333333333334,12.43004,0.310751,0.18011111111111114
58.538,0.21693333333333334,12.482726666666668,0.3120681666666667,0.1807777777777778
58.956,0.21866666666666665,12.53504,0.313376,0.1822222222222222
59.006,0.22073333333333334,12.587726666666667,0.3146931666666667,0.18394444444444447
59.424,0.22326666666666664,12.639973333333334,0.31599933333333335,0.18605555555555553
59.474,0.22653333333333334,12.69266,0.3173165,0.1887777777777778
59.892,0.2304,12.744906666666667,0.31862266666666667,0.192
59.942,0.23453333333333332,12.79766,0.3199415,0.19544444444444445
60.36,0.23893333333333333,12.849906666666667,0.3212476666666667,0.19911111111111113
60.41,0.24293333333333333,12.90266,0.3225665,0.20244444444444445
60.828,0.24673333333333333,12.954906666666666,0.32387266666666664,0.2056111111111111
60.878,0.25,13.00766,0.32519149999999997,0.20833333333333334
61.296,0.25326666666666664,13.059906666666667,0.3264976666666667,0.21105555555555555
61.346,0.2564,13.11266,0.3278165,0.2136666666666667
61.764,0.25866666666666666,13.164973333333334,0.32912433333333335,0.21555555555555556
61.814,0.2598666666666667,13.217726666666666,0.3304431666666666,0.21655555555555558
62.232,0.26006666666666667,13.27004,0.331751,0.21672222222222223
62.282,0.25933333333333336,13.322793333333333,0.33306983333333334,0.21611111111111114
62.7,0.25873333333333337,13.375106666666666,0.33437766666666663,0.21561111111111114
62.75,0.25766666666666665,13.42786,0.3356965,0.21472222222222223
63.168,0.25633333333333336,13.480173333333333,0.33700433333333335,0.21361111111111114
63.218,0.2544,13.532926666666667,0.3383231666666667,0.21200000000000002
63.636,0.25266666666666665,13.585173333333334,0.33962933333333334,0.21055555555555555
63.686,0.25066666666666665,13.637926666666667,0.34094816666666666,0.20888888888888887
64.104,0.24913333333333335,13.690173333333332,0.3422543333333333,0.20761111111111114
64.154,0.2478,13.742926666666667,0.3435731666666667,0.2065
64.572,0.24713333333333332,13.795173333333334,0.34487933333333337,0.20594444444444443
64.622,0.24646666666666667,13.847926666666666,0.34619816666666664,0.2053888888888889
65.04,0.24639999999999998,13.900173333333333,0.3475043333333333,0.2053333333333333
65.09,0.2472,13.952926666666666,0.3488231666666667,0.20600000000000002
65.508,0.24853333333333333,14.005173333333333,0.35012933333333335,0.2071111111111111
65.558,0.2508666666666667,14.057926666666667,0.3514481666666667,0.20905555555555558
65.976,0.25326666666666664,14.110173333333334,0.35275433333333334,0.21105555555555555
66.026,0.25553333333333333,14.162926666666666,0.35407316666666666,0.21294444444444446
66.444,0.2582666666666667,14.215173333333333,0.3553793333333333,0.21522222222222226
66.494,0.26126666666666665,14.267926666666666,0.35669816666666665,0.2177222222222222
66.912,0.2650666666666667,14.320173333333333,0.3580043333333333,0.2208888888888889
66.962,0.26866666666666666,14.372926666666666,0.35932316666666664,0.2238888888888889
67.378,0.2718,14.425173333333333,0.36062933333333336,0.2265
67.428,0.2744666666666667,14.4778,0.361945,0.22872222222222224
67.846,0.2769333333333333,14.530046666666667,0.3632511666666667,0.23077777777777778
67.896,0.27873333333333333,14.582673333333334,0.36456683333333334,0.23227777777777778
68.314,0.2799333333333333,14.63492,0.365873,0.23327777777777778
68.364,0.28053333333333336,14.687546666666666,0.36718866666666666,0.2337777777777778
68.782,0.28046666666666664,14.739793333333333,0.3684948333333333,0.23372222222222222
68.832,0.2798666666666667,14.79242,0.3698105,0.23322222222222228
69.25,0.27899999999999997,14.844666666666665,0.37111666666666665,0.23249999999999998
69.3,0.2780666666666667,14.897293333333332,0.3724323333333333,0.23172222222222225
69.718,0.27706666666666663,14.94954,0.37373850000000003,0.23088888888888887
69.768,0.2756,15.002226666666667,0.3750556666666667,0.22966666666666669
70.186,0.27413333333333334,15.054413333333335,0.37636033333333335,0.22844444444444445
70.236,0.2718666666666667,15.107040000000001,0.377676,0.2265555555555556
70.654,0.26966666666666667,15.159166666666666,0.37897916666666664,0.22472222222222224
70.704,0.26793333333333336,15.211733333333333,0.3802933333333333,0.2232777777777778
71.122,0.26693333333333336,15.26392,0.381598,0.22244444444444447
71.172,0.26613333333333333,15.316419999999999,0.3829105,0.2217777777777778
71.59,0.2657333333333333,15.368546666666667,0.3842136666666667,0.22144444444444444
71.64,0.26593333333333335,15.420986666666666,0.3855246666666666,0.22161111111111115
72.058,0.267,15.473046666666667,0.3868261666666667,0.22250000000000003
72.108,0.2687333333333334,15.525426666666668,0.3881356666666667,0.2239444444444445
72.526,0.2710666666666667,15.577426666666668,0.3894356666666667,0.22588888888888892
72.576,0.27366666666666667,15.629806666666667,0.3907451666666667,0.22805555555555557
72.994,0.2769333333333333,15.681806666666667,0.39204516666666667,0.23077777777777778
73.044,0.28026666666666666,15.734186666666666,0.39335466666666663,0.23355555555555557
73.462,0.2844666666666667,15.786126666666666,0.39465316666666667,0.2370555555555556
73.512,0.2886666666666667,15.838566666666669,0.39596416666666673,0.24055555555555558
73.93,0.29300000000000004,15.890566666666667,0.39726416666666664,0.2441666666666667
73.98,0.2972666666666666,15.943066666666668,0.3985766666666667,0.2477222222222222
74.398,0.30119999999999997,15.995126666666666,0.39987816666666665,0.251
74.448,0.3044,16.047753333333333,0.4011938333333333,0.2536666666666667
74.866,0.3072,16.09994,0.4024985,0.256
74.916,0.3096,16.152686666666668,0.40381716666666667,0.258
75.334,0.3107333333333333,16.205,0.40512499999999996,0.2589444444444444
75.384,0.311,16.25788,0.406447,0.25916666666666666
75.802,0.3106666666666667,16.310313333333333,0.4077578333333333,0.25888888888888895
75.852,0.3097333333333333,16.363313333333334,0.40908283333333334,0.2581111111111111
76.269,0.30820000000000003,16.415813333333332,0.41039533333333333,0.25683333333333336
76.319,0.306,16.468813333333333,0.41172033333333335,0.255
76.737,0.30433333333333334,16.521373333333333,0.41303433333333334,0.2536111111111111
76.787,0.3018,16.574433333333335,0.4143608333333334,0.2515
77.205,0.2998,16.627053333333333,0.4156763333333333,0.24983333333333335
77.255,0.29766666666666663,16.68018,0.4170045,0.24805555555555553
77.673,0.296,16.732866666666666,0.41832166666666665,0.24666666666666667
77.723,0.2946666666666667,16.78605333333333,0.41965133333333327,0.24555555555555558
78.141,0.2937333333333333,16.838739999999998,0.42096849999999997,0.24477777777777776
78.191,0.29319999999999996,16.891933333333334,0.42229833333333333,0.24433333333333332
78.609,0.2933333333333333,16.94462,0.42361550000000003,0.2444444444444444
78.659,0.29473333333333335,16.997806666666666,0.42494516666666665,0.24561111111111114
79.077,0.2967333333333333,17.050493333333332,0.4262623333333333,0.24727777777777776
79.127,0.29933333333333334,17.10368,0.427592,0.24944444444444447
79.545,0.3026,17.156366666666667,0.4289091666666667,0.25216666666666665
79.595,0.3064666666666666,17.209553333333336,0.4302388333333334,0.25538888888888883
80.013,0.3114,17.262240000000002,0.43155600000000005,0.2595
80.063,0.3158,17.315366666666666,0.4328841666666666,0.2631666666666667
80.481,0.3204666666666667,17.367993333333335,0.43419983333333334,0.2670555555555556
80.531,0.3246,17.42106,0.43552650000000004,0.2705
80.949,0.3284,17.47362,0.4368405,0.2736666666666667
80.999,0.3317333333333333,17.526619999999998,0.43816549999999993,0.27644444444444444
81.416,0.3344,17.57912,0.439478,0.2786666666666667
81.466,0.33666666666666667,17.631993333333334,0.44079983333333334,0.28055555555555556
81.884,0.33866666666666667,17.684493333333332,0.44211233333333333,0.28222222222222226
81.934,0.33999999999999997,17.737373333333334,0.4434343333333334,0.2833333333333333
82.352,0.3405333333333333,17.78981333333333,0.44474533333333327,0.28377777777777774
82.402,0.3404666666666667,17.842626666666668,0.4460656666666667,0.28372222222222226
82.82,0.33980000000000005,17.895006666666667,0.44737516666666666,0.28316666666666673
82.87,0.33846666666666664,17.947760000000002,0.44869400000000004,0.28205555555555556
83.288,0.3368,18.000073333333333,0.4500018333333333,0.2806666666666667
83.338,0.3340666666666667,18.052886666666666,0.45132216666666664,0.2783888888888889
83.755,0.3310666666666667,18.105259999999998,0.45263149999999996,0.2758888888888889
83.805,0.3278,18.158133333333335,0.4539533333333334,0.27316666666666667
84.223,0.32466666666666666,18.21056666666667,0.4552641666666667,0.27055555555555555
84.273,0.3218666666666667,18.263506666666668,0.4565876666666667,0.26822222222222225
84.691,0.3203333333333333,18.316006666666667,0.45790016666666666,0.26694444444444443
84.741,0.3194666666666667,18.369006666666667,0.4592251666666667,0.26622222222222225
85.159,0.3191333333333333,18.421633333333332,0.4605408333333333,0.26594444444444443
85.209,0.3190666666666667,18.474633333333333,0.4618658333333333,0.26588888888888895
85.627,0.3198,18.52725333333333,0.4631813333333333,0.2665
85.677,0.32133333333333336,18.580313333333333,0.46450783333333334,0.26777777777777784
86.095,0.3232666666666667,18.633,0.465825,0.26938888888888896
86.145,0.3258,18.68612,0.467153,0.2715
86.563,0.3296,18.738866666666663,0.46847166666666656,0.27466666666666667
86.613,0.3337333333333333,18.792053333333335,0.4698013333333334,0.27811111111111114
87.031,0.3383333333333333,18.844806666666667,0.4711201666666667,0.28194444444444444
87.081,0.3432,18.897993333333332,0.4724498333333333,0.28600000000000003
87.499,0.3480666666666667,18.950746666666664,0.4737686666666666,0.29005555555555557
87.549,0.3528,19.003933333333332,0.4750983333333333,0.29400000000000004
87.967,0.35706666666666664,19.056679999999997,0.4764169999999999,0.2975555555555556
88.017,0.36006666666666665,19.109866666666665,0.47774666666666665,0.3000555555555556
88.435,0.36206666666666665,19.16255333333333,0.4790638333333333,0.3017222222222222
88.485,0.3635333333333334,19.21568,0.480392,0.3029444444444445
88.903,0.3644,19.2683,0.4817075,0.3036666666666667
88.953,0.36446666666666666,19.321366666666666,0.48303416666666665,0.3037222222222222
89.371,0.3637333333333333,19.373926666666666,0.48434816666666664,0.3031111111111111
89.421,0.3626,19.426986666666668,0.4856746666666667,0.30216666666666664
89.839,0.3615333333333333,19.479553333333335,0.48698883333333337,0.30127777777777776
89.889,0.3592,19.53262,0.4883155,0.29933333333333334
90.307,0.3574,19.585179999999998,0.48962949999999994,0.29783333333333334
90.357,0.35513333333333336,19.63824,0.490956,0.29594444444444445
90.775,0.3532666666666666,19.690800000000003,0.4922700000000001,0.29438888888888887
90.825,0.3514,19.743859999999998,0.49359649999999994,0.29283333333333333
91.243,0.34986666666666666,19.796426666666665,0.4949106666666666,0.29155555555555557
91.293,0.3488,19.84949333333333,0.4962373333333333,0.2906666666666667
91.71,0.3488,19.902053333333335,0.49755133333333335,0.2906666666666667
91.76,0.3498,19.95512,0.49887800000000004,0.29150000000000004
92.178,0.3510666666666667,20.007746666666666,0.5001936666666666,0.29255555555555557
92.228,0.3529333333333333,20.060873333333333,0.5015218333333333,0.2941111111111111
92.646,0.3554,20.11356,0.502839,0.2961666666666667
92.696,0.35866666666666663,20.166746666666665,0.5041686666666666,0.29888888888888887
93.114,0.36213333333333336,20.21943333333333,0.5054858333333333,0.3017777777777778
93.164,0.3655333333333333,20.27262,0.5068155,0.3046111111111111
93.582,0.37006666666666665,20.325306666666666,0.5081326666666667,0.3083888888888889
93.632,0.37406666666666666,20.378493333333335,0.5094623333333334,0.31172222222222223
94.05,0.3782,20.431179999999998,0.5107794999999999,0.31516666666666665
94.1,0.38193333333333335,20.484373333333334,0.5121093333333333,0.3182777777777778
94.518,0.3856,20.53706,0.5134265,0.32133333333333336
94.568,0.3889333333333333,20.590246666666665,0.5147561666666667,0.32411111111111107
94.986,0.3914666666666667,20.642933333333335,0.5160733333333334,0.32622222222222225
95.036,0.39293333333333336,20.69612,0.5174030000000001,0.3274444444444445
95.453,0.3936,20.748866666666668,0.5187216666666667,0.328
95.503,0.394,20.801986666666668,0.5200496666666667,0.32833333333333337
95.921,0.39353333333333335,20.85474,0.5213685,0.3279444444444445
95.971,0.3924666666666667,20.907866666666667,0.5226966666666667,0.3270555555555556
96.389,0.3914,20.96062,0.5240155,0.3261666666666667
96.439,0.39013333333333333,21.013746666666666,0.5253436666666667,0.32511111111111113
96.857,0.3889333333333333,21.06649333333333,0.5266623333333332,0.32411111111111107
96.907,0.3866,21.119613333333334,0.5279903333333333,0.32216666666666666
97.325,0.38520000000000004,21.172366666666665,0.5293091666666666,0.32100000000000006
97.375,0.38366666666666666,21.225493333333336,0.5306373333333334,0.31972222222222224
97.793,0.3828666666666667,21.27818,0.5319545,0.3190555555555556
97.844,0.3821333333333333,21.33137333333333,0.5332843333333332,0.3184444444444445
98.261,0.3817333333333333,21.384059999999998,0.5346015,0.3181111111111111
98.311,0.3821333333333333,21.437246666666667,0.5359311666666666,0.3184444444444445
98.729,0.3831333333333333,21.489933333333333,0.5372483333333333,0.31927777777777777
98.779,0.38493333333333335,21.54312,0.538578,0.32077777777777783
99.197,0.38753333333333334,21.595873333333333,0.5398968333333334,0.3229444444444445
99.247,0.391,21.649060000000002,0.5412265,0.32583333333333336
99.665,0.39553333333333335,21.701806666666666,0.5425451666666666,0.32961111111111113
99.715,0.4000666666666667,21.754993333333335,0.5438748333333334,0.3333888888888889
100.132,0.4049333333333333,21.807746666666667,0.5451936666666667,0.33744444444444444
100.182,0.40973333333333334,21.860873333333334,0.5465218333333334,0.34144444444444444
100.6,0.4145333333333333,21.91362666666667,0.5478406666666668,0.34544444444444444
100.65,0.4184,21.966746666666666,0.5491686666666666,0.3486666666666667
101.068,0.4216666666666667,22.019493333333333,0.5504873333333333,0.3513888888888889
101.118,0.42419999999999997,22.07268,0.551817,0.3535
101.536,0.42573333333333335,22.125366666666665,0.5531341666666666,0.3547777777777778
101.586,0.42693333333333333,22.178553333333333,0.5544638333333334,0.3557777777777778
102.004,0.4267333333333333,22.23124,0.555781,0.3556111111111111
102.054,0.42593333333333333,22.284433333333332,0.5571108333333333,0.35494444444444445
102.472,0.4246,22.337120000000002,0.558428,0.35383333333333333
102.522,0.42246666666666666,22.390306666666667,0.5597576666666667,0.35205555555555557
102.94,0.4204,22.442993333333334,0.5610748333333333,0.35033333333333333
102.99,0.4172666666666667,22.49618,0.5624045,0.34772222222222227
103.408,0.4144,22.548866666666665,0.5637216666666667,0.3453333333333333
103.458,0.4112,22.602053333333334,0.5650513333333333,0.3426666666666667
103.876,0.40873333333333334,22.654806666666666,0.5663701666666666,0.34061111111111114
103.926,0.40626666666666666,22.707993333333334,0.5676998333333334,0.33855555555555555
104.344,0.40473333333333333,22.76068666666667,0.5690171666666667,0.3372777777777778
104.394,0.40380000000000005,22.813813333333332,0.5703453333333333,0.3365000000000001
104.812,0.4034666666666667,22.86644,0.571661,0.33622222222222226
104.862,0.40413333333333334,22.919500000000003,0.5729875000000001,0.3367777777777778
105.28,0.40586666666666665,22.972066666666667,0.5743016666666667,0.3382222222222222
105.33,0.409,23.025066666666664,0.5756266666666666,0.3408333333333333
105.748,0.4126,23.077566666666666,0.5769391666666667,0.3438333333333334
105.798,0.41673333333333334,23.130566666666667,0.5782641666666667,0.3472777777777778
106.216,0.4219333333333333,23.183066666666665,0.5795766666666666,0.3516111111111111
106.266,0.4270666666666667,23.236066666666666,0.5809016666666666,0.3558888888888889
106.684,0.4326,23.288566666666668,0.5822141666666667,0.3605
106.734,0.4378666666666666,23.341566666666665,0.5835391666666666,0.3648888888888889
107.152,0.4436666666666667,23.394066666666667,0.5848516666666667,0.3697222222222223
107.202,0.4487333333333333,23.447066666666668,0.5861766666666667,0.37394444444444447
107.62,0.45326666666666665,23.499566666666666,0.5874891666666666,0.37772222222222224
107.67,0.45686666666666664,23.552626666666665,0.5888156666666666,0.38072222222222224
108.087,0.4596,23.60518666666667,0.5901296666666667,0.383
108.137,0.46173333333333333,23.658246666666667,0.5914561666666667,0.3847777777777778
108.555,0.46326666666666666,23.710873333333332,0.5927718333333333,0.38605555555555554
108.605,0.4637333333333334,23.763993333333335,0.5940998333333334,0.3864444444444445
109.023,0.4634,23.81668,0.5954170000000001,0.38616666666666666
109.073,0.4626,23.869866666666667,0.5967466666666666,0.3855
109.49,0.46146666666666664,23.922559999999997,0.5980639999999999,0.38455555555555554
109.54,0.45926666666666666,23.975686666666668,0.5993921666666667,0.38272222222222224
109.958,0.4574,24.028373333333334,0.6007093333333333,0.38116666666666665
110.008,0.45513333333333333,24.081500000000002,0.6020375,0.37927777777777777
110.426,0.4534,24.13418666666667,0.6033546666666667,0.37783333333333335
110.476,0.45113333333333333,24.187306666666665,0.6046826666666666,0.37594444444444447
110.894,0.449,24.239993333333334,0.6059998333333334,0.3741666666666667
110.944,0.4474,24.29312,0.607328,0.37283333333333335
111.362,0.44653333333333334,24.345806666666665,0.6086451666666666,0.3721111111111111
111.412,0.44653333333333334,24.398933333333332,0.6099733333333333,0.3721111111111111
111.83,0.4474,24.45168,0.611292,0.37283333333333335
111.88,0.44886666666666664,24.504866666666665,0.6126216666666666,0.37405555555555553
112.298,0.45086666666666664,24.55762,0.6139405,0.37572222222222224
112.348,0.45366666666666666,24.61080666666667,0.6152701666666667,0.3780555555555556
112.766,0.4574666666666667,24.663493333333335,0.6165873333333334,0.38122222222222224
112.816,0.4616,24.716613333333335,0.6179153333333334,0.3846666666666667
113.234,0.46686666666666665,24.769299999999998,0.6192325,0.38905555555555554
113.284,0.4718,24.82236,0.620559,0.39316666666666666
113.702,0.4766,24.874986666666665,0.6218746666666666,0.3971666666666667
113.752,0.48086666666666666,24.92805333333333,0.6232013333333333,0.40072222222222226
114.17,0.48486666666666667,24.98068,0.624517,0.40405555555555556
114.22,0.48873333333333335,25.03374,0.6258435,0.4072777777777778
114.638,0.4922666666666667,25.086366666666667,0.6271591666666667,0.41022222222222227
114.688,0.49506666666666665,25.13942666666667,0.6284856666666667,0.41255555555555556
115.106,0.49693333333333334,25.192053333333334,0.6298013333333333,0.41411111111111115
115.156,0.49793333333333334,25.24512,0.631128,0.41494444444444445
115.574,0.4986666666666667,25.29768,0.632442,0.4155555555555556
115.624,0.4988666666666666,25.35074,0.6337685,0.4157222222222222
116.041,0.4988,25.403306666666666,0.6350826666666667,0.4156666666666667
116.091,0.49773333333333336,25.456366666666668,0.6364091666666667,0.4147777777777778
116.509,0.49613333333333337,25.508993333333333,0.6377248333333333,0.4134444444444445
116.559,0.4934,25.56212,0.639053,0.4111666666666667
116.977,0.491,25.614806666666667,0.6403701666666667,0.4091666666666667
117.027,0.4887333333333333,25.667993333333335,0.6416998333333334,0.40727777777777774
117.445,0.4872666666666667,25.72068,0.6430170000000001,0.40605555555555556
117.495,0.48606666666666665,25.773866666666667,0.6443466666666666,0.40505555555555556
117.913,0.48586666666666667,25.826553333333333,0.6456638333333333,0.4048888888888889
117.963,0.486,25.87974,0.6469935,0.405
118.381,0.487,25.932433333333332,0.6483108333333333,0.4058333333333333
118.431,0.48893333333333333,25.985619999999997,0.6496405,0.40744444444444444
118.849,0.4916,26.038306666666664,0.6509576666666665,0.4096666666666667
118.899,0.4945333333333333,26.091493333333332,0.6522873333333333,0.4121111111111111
119.317,0.4981333333333333,26.144119999999997,0.6536029999999999,0.4151111111111111
119.367,0.502,26.19724,0.654931,0.41833333333333333
119.785,0.5064666666666667,26.249866666666666,0.6562466666666666,0.42205555555555563
119.835,0.5114666666666667,26.302926666666668,0.6575731666666667,0.4262222222222223
120.253,0.5169333333333334,26.355486666666664,0.6588871666666666,0.4307777777777778
120.303,0.5220666666666667,26.408486666666665,0.6602121666666666,0.4350555555555556
120.721,0.5266,26.460986666666667,0.6615246666666666,0.4388333333333333
120.771,0.5303333333333333,26.51392,0.662848,0.4419444444444445
121.189,0.5335333333333333,26.56636,0.6641589999999999,0.4446111111111111
121.239,0.5357333333333334,26.6193,0.6654825,0.44644444444444453
121.657,0.5372,26.671733333333336,0.6667933333333333,0.4476666666666667
121.707,0.5378000000000001,26.724666666666668,0.6681166666666667,0.4481666666666667
122.125,0.5382666666666667,26.77710666666667,0.6694276666666668,0.4485555555555556
122.175,0.538,26.830046666666664,0.6707511666666666,0.44833333333333336
122.593,0.5369333333333334,26.88248666666667,0.6720621666666667,0.4474444444444445
122.643,0.5352,26.93548666666667,0.6733871666666668,0.446
123.061,0.5337999999999999,26.987986666666664,0.6746996666666666,0.4448333333333333
123.111,0.5318,27.041046666666666,0.6760261666666667,0.4431666666666667
123.527,0.5306000000000001,27.093613333333334,0.6773403333333333,0.44216666666666676
123.577,0.5289333333333334,27.146553333333333,0.6786638333333334,0.4407777777777778
123.995,0.5276000000000001,27.19912,0.679978,0.43966666666666676
124.045,0.5268666666666667,27.252059999999997,0.6813014999999999,0.4390555555555556
124.463,0.5269333333333334,27.304626666666664,0.6826156666666666,0.4391111111111112
124.513,0.5275333333333333,27.357626666666665,0.6839406666666666,0.4396111111111111
124.931,0.5289333333333334,27.410186666666668,0.6852546666666667,0.4407777777777778
124.981,0.5310666666666667,27.46318666666667,0.6865796666666667,0.4425555555555556
125.399,0.534,27.515753333333336,0.6878938333333334,0.44500000000000006
125.45,0.5370666666666667,27.56881333333333,0.6892203333333333,0.4475555555555556
125.867,0.5408000000000001,27.621373333333334,0.6905343333333334,0.4506666666666667
125.917,0.5453333333333333,27.674433333333333,0.6918608333333334,0.4544444444444445
126.335,0.5508000000000001,27.726993333333333,0.6931748333333333,0.4590000000000001
126.385,0.5559333333333334,27.78006,0.6945015,0.46327777777777784
126.803,0.5614,27.832626666666666,0.6958156666666666,0.4678333333333334
126.853,0.5660666666666666,27.88568666666667,0.6971421666666667,0.4717222222222222
127.271,0.5708,27.938433333333332,0.6984608333333333,0.4756666666666667
127.321,0.5752,27.99156,0.699789,0.4793333333333334
127.739,0.5793333333333333,28.044306666666667,0.7011076666666667,0.48277777777777775
127.789,0.5826666666666667,28.097433333333335,0.7024358333333334,0.4855555555555556
128.207,0.5848666666666666,28.15012,0.7037530000000001,0.48738888888888887
128.257,0.5862666666666667,28.203186666666667,0.7050796666666667,0.48855555555555563
128.675,0.5871999999999999,28.255813333333332,0.7063953333333333,0.4893333333333333
128.725,0.5873333333333333,28.308873333333334,0.7077218333333334,0.4894444444444444
129.143,0.5868666666666666,28.36143333333333,0.7090358333333333,0.4890555555555556
129.193,0.5857333333333333,28.414493333333333,0.7103623333333333,0.4881111111111111
129.611,0.5841999999999999,28.46706,0.7116765,0.4868333333333333
129.661,0.5817333333333333,28.520126666666666,0.7130031666666666,0.4847777777777778
130.078,0.58,28.572686666666666,0.7143171666666667,0.48333333333333334
130.128,0.5779333333333334,28.62568666666667,0.7156421666666668,0.4816111111111112
130.546,0.5765333333333333,28.678253333333334,0.7169563333333333,0.48044444444444445
130.596,0.5750666666666666,28.73125333333333,0.7182813333333333,0.4792222222222222
131.014,0.5743333333333334,28.783813333333335,0.7195953333333334,0.47861111111111115
131.064,0.5738666666666666,28.836873333333337,0.7209218333333334,0.4782222222222222
131.482,0.5738666666666666,28.889493333333334,0.7222373333333334,0.4782222222222222
131.532,0.575,28.942619999999998,0.7235655,0.47916666666666663
131.95,0.5778,28.995306666666668,0.7248826666666667,0.4815
132.0,0.5810666666666666,29.048493333333333,0.7262123333333333,0.4842222222222222
132.418,0.5850000000000001,29.10118,0.7275294999999999,0.4875000000000001
132.468,0.5895333333333334,29.154373333333336,0.7288593333333334,0.4912777777777778
132.886,0.5948666666666667,29.207060000000002,0.7301765,0.49572222222222223
132.936,0.6006,29.260246666666667,0.7315061666666667,0.5005000000000001
133.354,0.6066666666666667,29.312933333333334,0.7328233333333334,0.5055555555555556
133.404,0.612,29.366120000000002,0.7341530000000001,0.51
133.822,0.6176666666666667,29.418866666666666,0.7354716666666666,0.5147222222222223
133.872,0.6226666666666667,29.472053333333335,0.7368013333333334,0.518888888888889
134.29,0.6277333333333334,29.52474,0.7381185,0.5231111111111112
134.34,0.6320666666666667,29.57786666666667,0.7394466666666667,0.5267222222222222
134.758,0.6356666666666667,29.630493333333334,0.7407623333333333,0.5297222222222223
134.808,0.6388,29.68356,0.742089,0.5323333333333334
135.226,0.6413333333333334,29.736120000000003,0.743403,0.5344444444444445
135.276,0.6422000000000001,29.789179999999998,0.7447294999999999,0.5351666666666668
135.694,0.6427333333333334,29.841746666666666,0.7460436666666667,0.5356111111111111
135.744,0.6426,29.894806666666668,0.7473701666666667,0.5355
136.162,0.6421333333333333,29.947366666666667,0.7486841666666667,0.5351111111111111
136.212,0.6408666666666666,30.000433333333334,0.7500108333333333,0.5340555555555555
136.63,0.6397999999999999,30.052993333333333,0.7513248333333333,0.5331666666666667
136.68,0.6384000000000001,30.106053333333332,0.7526513333333333,0.5320000000000001
137.098,0.6376666666666666,30.15862,0.7539655,0.5313888888888889
137.148,0.6365999999999999,30.211686666666665,0.7552921666666667,0.5305
137.564,0.6360666666666667,30.26424666666667,0.7566061666666667,0.5300555555555556
137.614,0.6354666666666666,30.317186666666668,0.7579296666666667,0.5295555555555556
138.032,0.6358666666666667,30.369746666666668,0.7592436666666667,0.529888888888889
138.082,0.637,30.422686666666667,0.7605671666666667,0.5308333333333334
138.5,0.6385333333333333,30.475246666666667,0.7618811666666667,0.5321111111111111
138.55,0.6406666666666666,30.528186666666667,0.7632046666666666,0.5338888888888889
138.968,0.6438666666666666,30.58068666666667,0.7645171666666667,0.5365555555555556
139.018,0.6474,30.63356,0.7658389999999999,0.5395
139.436,0.6515333333333333,30.686,0.76715,0.5429444444444445
139.487,0.656,30.738873333333334,0.7684718333333334,0.5466666666666667
139.904,0.6611333333333334,30.791186666666665,0.7697796666666666,0.5509444444444445
139.954,0.6660666666666667,30.84394,0.7710985,0.5550555555555556
140.372,0.6709999999999999,30.896126666666667,0.7724031666666666,0.5591666666666666
140.422,0.6752666666666667,30.94881333333333,0.7737203333333332,0.5627222222222222
140.84,0.6796,31.000933333333332,0.7750233333333333,0.5663333333333334
140.89,0.6834,31.05356,0.776339,0.5695
141.308,0.6869999999999999,31.10580666666667,0.7776451666666667,0.5725
141.358,0.6896,31.158433333333335,0.7789608333333333,0.5746666666666667
141.776,0.6916666666666667,31.210680000000004,0.780267,0.576388888888889
141.826,0.6933333333333334,31.26330666666667,0.7815826666666668,0.5777777777777778
142.244,0.6942666666666667,31.315553333333334,0.7828888333333334,0.5785555555555556
142.294,0.6941333333333333,31.36818,0.7842045,0.5784444444444444
142.712,0.6934666666666666,31.420426666666668,0.7855106666666667,0.5778888888888888
142.762,0.6921999999999999,31.473053333333333,0.7868263333333333,0.5768333333333333
143.18,0.6912,31.52524,0.788131,0.5760000000000001
143.23,0.6895333333333333,31.577926666666666,0.7894481666666666,0.5746111111111112
143.648,0.689,31.630173333333335,0.7907543333333333,0.5741666666666666
143.698,0.6884666666666667,31.682926666666667,0.7920731666666667,0.5737222222222222
144.116,0.6883333333333332,31.735173333333332,0.7933793333333333,0.5736111111111111
144.166,0.6881333333333333,31.787926666666667,0.7946981666666667,0.5734444444444444
144.584,0.6889333333333333,31.840173333333333,0.7960043333333333,0.5741111111111111
144.634,0.6899333333333334,31.89298666666667,0.7973246666666667,0.5749444444444445
145.052,0.6923333333333334,31.9453,0.7986325,0.5769444444444445
145.102,0.6952666666666667,31.99818,0.7999545,0.579388888888889
145.519,0.6987333333333333,32.05055333333333,0.8012638333333333,0.5822777777777778
145.569,0.7029333333333334,32.103366666666666,0.8025841666666667,0.5857777777777778
145.987,0.708,32.15574,0.8038935,0.59
146.037,0.7136,32.208553333333334,0.8052138333333334,0.5946666666666667
146.455,0.7196666666666667,32.26092666666667,0.8065231666666668,0.5997222222222223
146.505,0.7254666666666666,32.31380666666667,0.8078451666666668,0.6045555555555555
146.923,0.7313333333333333,32.36624,0.809156,0.6094444444444445
146.973,0.7360666666666666,32.41912,0.810478,0.6133888888888889
147.391,0.7404,32.47155333333333,0.8117888333333333,0.617
147.441,0.7443333333333333,32.52449333333333,0.8131123333333333,0.6202777777777778
147.859,0.7482666666666666,32.576926666666665,0.8144231666666666,0.6235555555555555
147.909,0.7512000000000001,32.629866666666665,0.8157466666666666,0.6260000000000001
148.327,0.7542666666666666,32.68224,0.817056,0.6285555555555555
148.377,0.7559333333333333,32.73511333333333,0.8183778333333332,0.6299444444444445
148.795,0.7572,32.787420000000004,0.8196855000000001,0.631
148.845,0.7579333333333333,32.84023333333333,0.8210058333333332,0.6316111111111111
149.263,0.7578,32.89261333333334,0.8223153333333334,0.6315000000000001
149.313,0.7568,32.94542666666667,0.8236356666666668,0.6306666666666667
149.731,0.7558666666666667,32.99780666666667,0.8249451666666667,0.6298888888888889
149.781,0.7544666666666667,33.05062,0.8262655000000001,0.6287222222222223
150.199,0.754,33.10292666666667,0.8275731666666667,0.6283333333333334
150.249,0.7534666666666666,33.15568,0.828892,0.6278888888888888
150.667,0.7532,33.20798666666666,0.8301996666666666,0.6276666666666667
150.717,0.7533333333333334,33.26074,0.8315184999999999,0.6277777777777779
151.135,0.7548666666666667,33.31298666666667,0.8328246666666667,0.6290555555555556
151.185,0.7564,33.365739999999995,0.8341434999999999,0.6303333333333333
151.602,0.759,33.417986666666664,0.8354496666666666,0.6325000000000001
151.652,0.7614666666666667,33.47068,0.836767,0.6345555555555557
152.07,0.7646666666666667,33.52292666666667,0.8380731666666668,0.6372222222222222
152.12,0.7682666666666668,33.57562,0.8393905,0.6402222222222224
152.538,0.7722,33.62786666666667,0.8406966666666668,0.6435000000000001
152.588,0.7769999999999999,33.680553333333336,0.8420138333333334,0.6475
153.006,0.7828,33.73280666666667,0.8433201666666668,0.6523333333333334
153.056,0.7885333333333333,33.785493333333335,0.8446373333333334,0.6571111111111111
153.473,0.7952,33.83774666666667,0.8459436666666666,0.6626666666666667
153.524,0.8009333333333333,33.89044,0.8472609999999999,0.6674444444444444
153.941,0.8071333333333333,33.94268666666667,0.8485671666666667,0.672611111111111
153.991,0.8130666666666666,33.99538,0.8498844999999999,0.6775555555555556
154.409,0.8188,34.047626666666666,0.8511906666666667,0.6823333333333333
154.459,0.8231333333333333,34.10038,0.8525095,0.6859444444444445
154.877,0.827,34.15269333333333,0.8538173333333333,0.6891666666666667
154.927,0.8298,34.205506666666665,0.8551376666666666,0.6915
155.345,0.8318666666666666,34.25794,0.8564485,0.6932222222222222
155.395,0.8331999999999999,34.31082,0.8577705,0.6943333333333334
155.813,0.8336666666666666,34.36332,0.859083,0.6947222222222221
155.863,0.8338,34.416259999999994,0.8604064999999999,0.6948333333333333
156.281,0.8338666666666666,34.46882,0.8617205,0.6948888888888889
156.331,0.8329333333333333,34.52181333333333,0.8630453333333332,0.6941111111111111
156.749,0.8327333333333333,34.574373333333334,0.8643593333333334,0.6939444444444445
156.799,0.8316,34.62736666666667,0.8656841666666667,0.6930000000000001
157.217,0.8311333333333333,34.67992666666667,0.8669981666666666,0.6926111111111111
157.267,0.8301999999999999,34.732926666666664,0.8683231666666666,0.6918333333333333
157.685,0.8305333333333333,34.785486666666664,0.8696371666666666,0.6921111111111111
157.735,0.8310666666666666,34.83848666666667,0.8709621666666667,0.6925555555555556
158.153,0.8324666666666667,34.89098666666667,0.8722746666666668,0.6937222222222222
158.203,0.8343333333333333,34.943920000000006,0.8735980000000001,0.6952777777777778
158.621,0.8370666666666666,34.996359999999996,0.8749089999999999,0.6975555555555556
158.671,0.8405333333333332,35.049240000000005,0.8762310000000001,0.7004444444444444
159.089,0.8447333333333333,35.10161333333333,0.8775403333333334,0.7039444444444445
159.139,0.8498,35.154419999999995,0.8788604999999998,0.7081666666666667
159.557,0.8558666666666667,35.20673333333333,0.8801683333333333,0.7132222222222222
159.607,0.862,35.25948,0.8814870000000001,0.7183333333333334
160.025,0.8690666666666667,35.311733333333336,0.8827933333333334,0.7242222222222222
160.075,0.8754000000000001,35.36448,0.884112,0.7295
160.493,0.8822,35.41673333333333,0.8854183333333333,0.7351666666666666
160.543,0.8883333333333333,35.469546666666666,0.8867386666666667,0.7402777777777778
160.961,0.8940666666666667,35.52186,0.8880465,0.7450555555555556
161.011,0.8985333333333333,35.574733333333334,0.8893683333333333,0.7487777777777778
161.428,0.9026666666666667,35.627113333333334,0.8906778333333334,0.7522222222222223
161.478,0.9059333333333334,35.679986666666665,0.8919996666666666,0.7549444444444445
161.896,0.9082666666666667,35.73242666666667,0.8933106666666667,0.7568888888888889
161.946,0.9097333333333334,35.7853,0.8946324999999999,0.7581111111111112
162.364,0.9106666666666666,35.83773333333333,0.8959433333333333,0.7588888888888888
162.414,0.9108666666666667,35.89067333333333,0.8972668333333333,0.7590555555555556
162.832,0.9114000000000001,35.943173333333334,0.8985793333333334,0.7595000000000001
162.882,0.9109333333333333,35.99617333333333,0.8999043333333333,0.7591111111111111
163.3,0.9112000000000001,36.048739999999995,0.9012184999999999,0.7593333333333334
163.35,0.9105333333333334,36.101800000000004,0.9025450000000002,0.7587777777777779
163.768,0.9102666666666667,36.15442666666667,0.9038606666666669,0.7585555555555555
163.818,0.9095333333333334,36.20755333333333,0.9051888333333332,0.7579444444444445
164.236,0.9098666666666666,36.26018,0.9065044999999999,0.7582222222222222
164.286,0.9106000000000001,36.31330666666667,0.9078326666666667,0.7588333333333335
164.704,0.9120666666666667,36.36587333333333,0.9091468333333333,0.7600555555555556
164.754,0.9138666666666667,36.418933333333335,0.9104733333333334,0.7615555555555557
165.172,0.9168666666666667,36.4715,0.9117875,0.7640555555555556
165.222,0.9208,36.524499999999996,0.9131124999999999,0.7673333333333333
165.639,0.9250666666666666,36.57706666666666,0.9144266666666665,0.7708888888888888
165.689,0.9298666666666667,36.63000666666667,0.9157501666666666,0.774888888888889
166.107,0.9357333333333333,36.68250666666667,0.9170626666666667,0.7797777777777778
166.157,0.9412666666666667,36.73538666666666,0.9183846666666666,0.7843888888888889
166.575,0.9483333333333334,36.787886666666665,0.9196971666666667,0.7902777777777779
166.625,0.9546666666666667,36.84076,0.921019,0.7955555555555556
167.043,0.9614666666666667,36.8932,0.92233,0.8012222222222223
167.093,0.9678666666666665,36.94601333333333,0.9236503333333334,0.8065555555555555
167.511,0.9741333333333333,36.99838666666667,0.9249596666666667,0.8117777777777778
167.562,0.9793333333333333,37.05119333333334,0.9262798333333334,0.8161111111111111
167.979,0.9841333333333334,37.10350666666667,0.9275876666666667,0.8201111111111112
168.029,0.9882000000000001,37.15631333333333,0.9289078333333333,0.8235000000000001
168.447,0.9917999999999999,37.20862666666667,0.9302156666666667,0.8264999999999999
168.497,0.9942,37.261433333333336,0.9315358333333335,0.8285
168.915,0.9963333333333334,37.31374666666667,0.9328436666666666,0.8302777777777779
168.965,0.9981333333333333,37.36655333333333,0.9341638333333332,0.8317777777777778
169.382,1.0,37.41892666666667,0.9354731666666668,0.8333333333333334
169.432,1.0008000000000001,37.471673333333335,0.9367918333333334,0.8340000000000002
169.85,1.0019333333333333,37.52404666666666,0.9381011666666665,0.8349444444444445
169.9,1.0015333333333334,37.57673333333333,0.9394183333333332,0.8346111111111112
170.318,1.002,37.62904666666667,0.9407261666666666,0.8350000000000001
170.368,1.002,37.681799999999996,0.9420449999999999,0.8350000000000001
170.786,1.0028,37.73417333333334,0.9433543333333334,0.8356666666666667
170.836,1.0037333333333334,37.78692,0.9446730000000001,0.8364444444444445
171.254,1.0060666666666667,37.83923333333333,0.9459808333333333,0.838388888888889
171.304,1.0088,37.89204666666667,0.9473011666666669,0.8406666666666667
171.722,1.0128,37.944426666666665,0.9486106666666666,0.844
171.772,1.0172666666666668,37.997299999999996,0.9499324999999998,0.8477222222222224
172.19,1.0230000000000001,38.049679999999995,0.9512419999999999,0.8525000000000001
172.24,1.0290000000000001,38.102553333333326,0.9525638333333332,0.8575000000000002
172.658,1.0352666666666666,38.15493333333333,0.9538733333333334,0.8627222222222222
172.708,1.0414666666666668,38.20780666666667,0.9551951666666667,0.867888888888889
173.126,1.0482666666666667,38.26024666666667,0.9565061666666667,0.8735555555555556
173.176,1.0547333333333333,38.313120000000005,0.9578280000000001,0.8789444444444444
173.594,1.0608,38.365559999999995,0.9591389999999999,0.884
173.644,1.066,38.41843333333334,0.9604608333333335,0.8883333333333334
174.062,1.0712000000000002,38.47080666666667,0.9617701666666667,0.8926666666666668
174.112,1.0756000000000001,38.52362,0.9630905000000001,0.8963333333333334
174.53,1.0798666666666668,38.576,0.9644,0.899888888888889
174.58,1.0827333333333333,38.62881333333333,0.9657203333333333,0.9022777777777778
174.998,1.0852666666666666,38.681126666666664,0.9670281666666666,0.9043888888888889
175.048,1.0865333333333334,38.733873333333335,0.9683468333333334,0.9054444444444445
175.466,1.0876,38.78612666666666,0.9696531666666666,0.9063333333333333
175.516,1.0874,38.83887333333334,0.9709718333333335,0.9061666666666667
175.934,1.0877333333333334,38.891126666666665,0.9722781666666667,0.9064444444444446
175.984,1.0878,38.943873333333336,0.9735968333333334,0.9065000000000001
176.402,1.0879333333333334,38.99612666666667,0.9749031666666668,0.9066111111111113
176.452,1.0874666666666668,39.04894,0.9762235,0.9062222222222224
176.869,1.0877333333333334,39.10125333333333,0.9775313333333333,0.9064444444444446
176.919,1.0884,39.153999999999996,0.9788499999999999,0.907
177.337,1.0899333333333334,39.206313333333334,0.9801578333333334,0.9082777777777779
177.387,1.0914666666666666,39.25906,0.9814765,0.9095555555555556
177.805,1.0941333333333332,39.311373333333336,0.9827843333333334,0.9117777777777777
177.855,1.0969333333333333,39.36418666666667,0.9841046666666667,0.9141111111111111
178.273,1.1005333333333334,39.41656,0.9854139999999999,0.9171111111111112
178.323,1.1044666666666667,39.469433333333335,0.9867358333333334,0.9203888888888889
178.741,1.1094666666666666,39.52187333333333,0.9880468333333333,0.9245555555555556
178.791,1.1146666666666667,39.57480666666667,0.9893701666666667,0.928888888888889
179.208,1.1207333333333334,39.627246666666665,0.9906811666666666,0.9339444444444445
179.258,1.1262666666666665,39.68012,0.9920030000000001,0.9385555555555555
179.676,1.133,39.73262,0.9933154999999999,0.9441666666666667
179.726,1.1396666666666666,39.78555333333334,0.9946388333333335,0.9497222222222222
180.144,1.1478,39.83805333333333,0.9959513333333332,0.9565
180.194,1.1552,39.890993333333334,0.9972748333333333,0.9626666666666667
180.612,1.1629333333333334,39.94362,0.9985905,0.9691111111111111
180.662,1.1698,39.99662,0.9999155,0.9748333333333333
181.08,1.1764000000000001,40.04924666666667,1.0012311666666667,0.9803333333333335
181.13,1.1818666666666668,40.102246666666666,1.0025561666666667,0.984888888888889
181.548,1.1871333333333332,40.154806666666666,1.0038701666666667,0.9892777777777777
181.599,1.1916,40.207813333333334,1.0051953333333334,0.993
182.016,1.1953333333333334,40.260313333333336,1.0065078333333335,0.9961111111111112
182.066,1.198,40.31324666666667,1.0078311666666668,0.9983333333333333
182.484,1.2004,40.36568666666667,1.0091421666666667,1.0003333333333333
182.534,1.2019333333333333,40.418620000000004,1.0104655,1.0016111111111112
182.952,1.2032,40.471120000000006,1.011778,1.0026666666666668
183.002,1.2032666666666667,40.52399333333334,1.0130998333333334,1.0027222222222223
183.42,1.2042,40.576433333333334,1.0144108333333333,1.0035
183.47,1.2036666666666667,40.629239999999996,1.015731,1.0030555555555556
183.888,1.2041333333333335,40.68161333333333,1.0170403333333333,1.0034444444444446
183.938,1.2042666666666666,40.73436,1.018359,1.0035555555555555
184.356,1.2051333333333332,40.78667333333333,1.0196668333333334,1.0042777777777776
184.406,1.2062666666666668,40.839486666666666,1.0209871666666666,1.0052222222222225
184.824,1.2081333333333333,40.891859999999994,1.0222965,1.0067777777777778
184.874,1.2102,40.94473333333334,1.0236183333333335,1.0085
185.291,1.2138666666666666,40.99710666666667,1.0249276666666667,1.0115555555555555
185.341,1.2182666666666668,41.04992000000001,1.0262480000000003,1.0152222222222225
185.759,1.2236666666666667,41.1023,1.0275575,1.0197222222222222
185.809,1.2293333333333334,41.15511333333334,1.0288778333333335,1.0244444444444445
186.227,1.2360666666666666,41.20749333333333,1.0301873333333333,1.0300555555555555
186.277,1.2430666666666668,41.26030666666667,1.0315076666666667,1.035888888888889
186.695,1.2508666666666666,41.312686666666664,1.0328171666666666,1.0423888888888888
186.745,1.2578,41.3655,1.0341375,1.0481666666666667
187.163,1.2659333333333334,41.41788,1.035447,1.0549444444444445
187.213,1.2730666666666666,41.47075333333333,1.0367688333333331,1.0608888888888888
187.631,1.2802,41.52319333333333,1.0380798333333332,1.0668333333333333
187.681,1.2866,41.57613333333334,1.0394033333333335,1.0721666666666667
188.099,1.2924666666666667,41.62850666666667,1.0407126666666666,1.0770555555555557
188.149,1.2975999999999999,41.68138666666667,1.0420346666666667,1.0813333333333333
188.567,1.3021999999999998,41.7337,1.0433425,1.0851666666666666
188.617,1.3052,41.78651333333333,1.0446628333333332,1.0876666666666666
189.035,1.3081999999999998,41.83888666666667,1.0459721666666666,1.0901666666666665
189.085,1.3101999999999998,41.8917,1.0472925,1.0918333333333332
189.503,1.312,41.944073333333336,1.0486018333333333,1.0933333333333335
189.553,1.3127333333333333,41.99688666666667,1.0499221666666667,1.0939444444444444
189.971,1.3144666666666667,42.04926,1.0512314999999999,1.095388888888889
190.021,1.3154,42.10207333333334,1.0525518333333335,1.0961666666666667
190.439,1.3170666666666666,42.154446666666665,1.0538611666666666,1.0975555555555556
190.489,1.3175333333333332,42.20726,1.0551815,1.0979444444444444
190.907,1.3186666666666667,42.259573333333336,1.0564893333333334,1.098888888888889
190.957,1.3198,42.312326666666664,1.0578081666666665,1.0998333333333334
191.375,1.3219999999999998,42.36457333333333,1.0591143333333333,1.1016666666666666
191.425,1.3247333333333333,42.41732666666667,1.0604331666666666,1.1039444444444444
191.843,1.3280666666666667,42.46957333333333,1.0617393333333331,1.1067222222222224
191.893,1.3319333333333332,42.522326666666665,1.0630581666666665,1.1099444444444444
192.31,1.3365333333333334,42.57457333333333,1.0643643333333332,1.1137777777777778
192.36,1.3411333333333333,42.62726,1.0656815,1.117611111111111
192.778,1.3473333333333335,42.67950666666666,1.0669876666666664,1.1227777777777779
192.828,1.3537333333333335,42.73226,1.0683064999999998,1.1281111111111113
193.245,1.3612666666666666,42.78456666666667,1.0696141666666668,1.134388888888889
193.295,1.3678,42.83725333333334,1.0709313333333335,1.1398333333333333
193.713,1.3750666666666667,42.889559999999996,1.072239,1.145888888888889
193.763,1.3816,42.94231333333333,1.0735578333333333,1.1513333333333333
194.181,1.3882666666666665,42.99468666666667,1.0748671666666667,1.1568888888888889
194.231,1.3942666666666668,43.04744,1.076186,1.161888888888889
194.649,1.4003333333333332,43.09981333333334,1.0774953333333335,1.1669444444444443
194.699,1.4053333333333333,43.15262666666667,1.0788156666666668,1.1711111111111112
195.117,1.4101333333333335,43.20506,1.0801265,1.1751111111111112
195.167,1.4143333333333332,43.257933333333334,1.0814483333333333,1.178611111111111
195.585,1.4176,43.31036666666667,1.0827591666666667,1.1813333333333333
195.636,1.4201333333333332,43.363306666666666,1.0840826666666667,1.1834444444444445
196.053,1.4216666666666666,43.41580666666666,1.0853951666666666,1.1847222222222222
196.103,1.4216,43.46874666666667,1.0867186666666666,1.1846666666666668
196.521,1.4221333333333335,43.521179999999994,1.0880294999999998,1.1851111111111112
196.571,1.4215333333333333,43.57406,1.0893515,1.184611111111111
196.989,1.4218,43.626560000000005,1.090664,1.1848333333333334
197.039,1.4213333333333333,43.67944,1.091986,1.1844444444444444
197.457,1.4218,43.73187333333333,1.0932968333333333,1.1848333333333334
197.507,1.4221333333333335,43.784686666666666,1.0946171666666666,1.1851111111111112
197.925,1.424,43.83712,1.095928,1.1866666666666668
197.975,1.4258,43.88993333333334,1.0972483333333334,1.1881666666666666
198.393,1.4289333333333334,43.94230666666667,1.0985576666666668,1.190777777777778
198.443,1.4322666666666666,43.99512,1.099878,1.1935555555555555
198.86,1.4368,44.0475,1.1011875,1.1973333333333334
198.91,1.4422666666666666,44.10025333333333,1.1025063333333331,1.2018888888888888
199.328,1.4487333333333334,44.152566666666665,1.1038141666666665,1.207277777777778
199.378,1.4562,44.20532,1.105133,1.2135
199.796,1.4647333333333334,44.25763333333334,1.1064408333333335,1.2206111111111113
199.846,1.4726666666666666,44.310446666666664,1.1077611666666667,1.2272222222222222
200.264,1.481,44.362820000000006,1.1090705,1.2341666666666669
200.314,1.4884666666666666,44.41569333333334,1.1103923333333334,1.240388888888889
200.732,1.4962666666666666,44.46812666666666,1.1117031666666666,1.246888888888889
200.782,1.5031333333333334,44.52106666666667,1.1130266666666668,1.2526111111111113
201.2,1.5097333333333334,44.573566666666665,1.1143391666666667,1.2581111111111112
201.25,1.5148000000000001,44.62656666666667,1.1156641666666667,1.2623333333333335
201.668,1.5192,44.67906666666667,1.1169766666666667,1.2660000000000002
201.718,1.5222666666666667,44.73206666666667,1.1183016666666667,1.2685555555555557
202.136,1.5252000000000001,44.784506666666665,1.1196126666666666,1.2710000000000001
202.186,1.5269333333333333,44.83744,1.120936,1.2724444444444445
202.604,1.5286,44.88994,1.1222485,1.2738333333333334
202.654,1.5292666666666668,44.94287333333333,1.1235718333333333,1.274388888888889
203.072,1.5302,44.99537333333333,1.1248843333333334,1.2751666666666668
203.122,1.5300666666666667,45.04830666666667,1.1262076666666667,1.2750555555555556
203.54,1.5307333333333333,45.100746666666666,1.1275186666666666,1.275611111111111
203.59,1.531,45.153620000000004,1.1288405000000001,1.2758333333333334
204.008,1.5318666666666667,45.206,1.13015,1.2765555555555557
204.058,1.5324,45.258813333333336,1.1314703333333334,1.2770000000000001
204.476,1.5341333333333333,45.311126666666674,1.1327781666666668,1.2784444444444445
204.526,1.5361333333333334,45.36394,1.1340985,1.2801111111111112
204.943,1.5386,45.41625333333333,1.1354063333333333,1.2821666666666667
204.993,1.5417333333333334,45.46906666666667,1.1367266666666667,1.2847777777777778
205.411,1.5456,45.52144,1.138036,1.288
205.461,1.5496,45.57431333333333,1.1393578333333332,1.2913333333333334
205.879,1.5545333333333333,45.62675333333333,1.1406688333333332,1.2954444444444444
205.929,1.5595333333333334,45.67968666666666,1.1419921666666666,1.2996111111111113
206.347,1.5654666666666666,45.732126666666666,1.1433031666666666,1.3045555555555555
206.397,1.5711333333333333,45.78506,1.1446265,1.3092777777777778
206.815,1.5776666666666666,45.8375,1.1459375,1.3147222222222221
206.865,1.5834000000000001,45.890433333333334,1.1472608333333334,1.3195000000000001
207.282,1.5897333333333334,45.94287333333333,1.1485718333333332,1.3247777777777778
207.332,1.5954666666666668,45.99574666666667,1.1498936666666668,1.3295555555555558
207.75,1.6005333333333334,46.048246666666664,1.1512061666666666,1.333777777777778
207.8,1.6043999999999998,46.10118,1.1525295,1.337
208.218,1.6087333333333333,46.15361333333333,1.1538403333333334,1.3406111111111112
208.268,1.6126,46.20648666666667,1.1551621666666667,1.3438333333333334
208.686,1.6153333333333333,46.258919999999996,1.1564729999999999,1.346111111111111
208.736,1.6173333333333335,46.311733333333336,1.1577933333333335,1.347777777777778
209.154,1.6182666666666667,46.364106666666665,1.1591026666666666,1.3485555555555557
209.204,1.6182666666666667,46.41685333333333,1.1604213333333333,1.3485555555555557
209.622,1.6179999999999999,46.469166666666666,1.1617291666666667,1.3483333333333334
209.672,1.6168000000000002,46.52198,1.1630495,1.3473333333333335
210.089,1.6162666666666667,46.57429333333334,1.1643573333333335,1.346888888888889
210.139,1.6148666666666667,46.62704,1.165676,1.3457222222222223
210.557,1.6146,46.67935333333333,1.1669838333333333,1.3455000000000001
210.607,1.6137333333333332,46.732099999999996,1.1683024999999998,1.3447777777777778
211.025,1.6140666666666668,46.78447333333334,1.1696118333333334,1.3450555555555557
211.075,1.6150666666666667,46.837226666666666,1.1709306666666666,1.345888888888889
211.493,1.6176,46.889606666666666,1.1722401666666666,1.348
211.543,1.6196666666666668,46.94242,1.1735605,1.3497222222222225
211.961,1.6227333333333334,46.99486,1.1748715,1.352277777777778
212.011,1.6269333333333333,47.04774,1.1761935,1.3557777777777777
212.429,1.6320000000000001,47.10018,1.1775045,1.36
212.479,1.6381333333333332,47.15305333333333,1.1788263333333333,1.3651111111111112
212.897,1.6444,47.20549333333334,1.1801373333333334,1.3703333333333334
212.947,1.6509333333333334,47.25836666666667,1.1814591666666667,1.3757777777777778
213.365,1.6587333333333334,47.31074,1.1827685000000001,1.382277777777778
213.415,1.6658666666666666,47.36361333333333,1.1840903333333332,1.3882222222222222
213.833,1.6733333333333333,47.41605333333334,1.1854013333333335,1.3944444444444446
213.883,1.6796666666666666,47.46892666666667,1.1867231666666667,1.3997222222222223
214.301,1.6858,47.52136666666667,1.1880341666666667,1.4048333333333334
214.351,1.6907333333333334,47.57424,1.189356,1.4089444444444446
214.769,1.6949333333333334,47.62661333333333,1.1906653333333332,1.4124444444444446
214.819,1.6976,47.67942,1.1919855,1.4146666666666667
215.237,1.6995333333333333,47.73173333333333,1.1932933333333333,1.4162777777777777
215.287,1.7004666666666668,47.78448,1.194612,1.4170555555555557
215.705,1.7010666666666665,47.836726666666664,1.1959181666666665,1.4175555555555555
215.755,1.7008,47.889540000000004,1.1972385,1.4173333333333336
216.172,1.7002666666666668,47.941853333333334,1.1985463333333333,1.416888888888889
216.222,1.6996,47.99460666666666,1.1998651666666666,1.4163333333333334
216.64,1.6998,48.04692,1.201173,1.4165
216.69,1.6987333333333334,48.099666666666664,1.2024916666666665,1.4156111111111112
217.108,1.6984,48.15198,1.2037995000000001,1.4153333333333333
217.158,1.6977333333333333,48.20472666666667,1.2051181666666668,1.414777777777778
217.576,1.698,48.257039999999996,1.206426,1.415
217.626,1.6984666666666668,48.30985333333333,1.2077463333333331,1.415388888888889
218.044,1.7001333333333333,48.36223333333333,1.2090558333333332,1.4167777777777777
218.094,1.7025333333333335,48.41510666666667,1.2103776666666666,1.418777777777778
218.512,1.706,48.467486666666666,1.2116871666666666,1.4216666666666666
218.562,1.7102,48.52036,1.213009,1.4251666666666667
218.98,1.7151333333333334,48.572739999999996,1.2143184999999999,1.4292777777777779
219.03,1.7204000000000002,48.625613333333334,1.2156403333333334,1.4336666666666669
219.448,1.7264666666666666,48.677926666666664,1.2169481666666666,1.4387222222222222
219.498,1.7328000000000001,48.73074,1.2182685,1.4440000000000002
219.916,1.7398,48.78311333333333,1.2195778333333334,1.4498333333333333
219.966,1.7459333333333333,48.835926666666666,1.2208981666666667,1.4549444444444446
220.384,1.7529333333333335,48.88830666666667,1.2222076666666668,1.460777777777778
220.434,1.7591999999999999,48.94112,1.223528,1.466
220.852,1.7651999999999999,48.993500000000004,1.2248375,1.4709999999999999
220.902,1.7702666666666667,49.04631333333334,1.2261578333333334,1.4752222222222222
221.319,1.7748666666666668,49.09862666666666,1.2274656666666666,1.4790555555555558
221.369,1.7782666666666667,49.151313333333334,1.2287828333333333,1.481888888888889
221.787,1.7792666666666668,49.20356666666667,1.2300891666666667,1.4827222222222223
221.837,1.7792,49.25625333333333,1.2314063333333334,1.4826666666666666
222.255,1.7786666666666666,49.308506666666666,1.2327126666666666,1.4822222222222223
222.305,1.7773999999999999,49.36119333333333,1.2340298333333333,1.4811666666666665
222.722,1.7758666666666665,49.413446666666665,1.2353361666666667,1.4798888888888888
222.772,1.7735333333333332,49.46606666666666,1.2366516666666665,1.4779444444444443
223.19,1.7717999999999998,49.51832,1.2379580000000001,1.4765
223.24,1.7694,49.57106666666667,1.2392766666666666,1.4745000000000001
223.658,1.7673333333333332,49.62338,1.2405845,1.4727777777777777
223.708,1.7644,49.67619333333334,1.2419048333333333,1.4703333333333333
224.126,1.7628666666666666,49.728566666666666,1.2432141666666667,1.4690555555555556
224.176,1.7616,49.781439999999996,1.2445359999999999,1.4680000000000002
224.594,1.7614666666666667,49.83381333333333,1.2458453333333332,1.467888888888889
224.644,1.7618,49.88668666666667,1.2471671666666668,1.4681666666666668
225.062,1.7631333333333332,49.93912,1.248478,1.4692777777777777
225.112,1.7668666666666666,49.99199333333333,1.2497998333333333,1.472388888888889
225.53,1.7704,50.044426666666666,1.2511106666666667,1.4753333333333334
225.58,1.7744,50.097300000000004,1.2524325,1.4786666666666668
225.998,1.7798666666666667,50.149739999999994,1.2537435,1.4832222222222222
226.048,1.7855999999999999,50.20261333333334,1.2550653333333335,1.488
226.466,1.7920666666666667,50.255113333333334,1.2563778333333333,1.4933888888888889
226.516,1.7979333333333334,50.30798666666667,1.2576996666666669,1.4982777777777778
226.934,1.8036666666666668,50.36036,1.259009,1.5030555555555556
226.984,1.8090666666666666,50.41317333333333,1.2603293333333334,1.5075555555555555
227.402,1.8138666666666665,50.46548,1.261637,1.5115555555555555
227.452,1.8172666666666666,50.51829333333333,1.2629573333333333,1.5143888888888888
227.87,1.8198,50.57060666666666,1.2642651666666667,1.5165000000000002
227.92,1.8212000000000002,50.62342,1.2655855,1.517666666666667
228.337,1.8214666666666666,50.67573333333333,1.2668933333333334,1.5178888888888888
228.387,1.8207333333333333,50.72848666666666,1.2682121666666666,1.5172777777777777
228.805,1.8202,50.7808,1.26952,1.5168333333333335
228.855,1.8198666666666667,50.83361333333333,1.2708403333333333,1.5165555555555557
229.273,1.8196,50.88598666666667,1.2721496666666667,1.5163333333333335
229.323,1.8178666666666667,50.93879333333334,1.2734698333333334,1.514888888888889
229.741,1.8164666666666667,50.991166666666665,1.2747791666666666,1.5137222222222222
229.791,1.8143333333333334,51.04404666666667,1.2761011666666666,1.5119444444444445
230.209,1.8129333333333333,51.096419999999995,1.2774104999999998,1.5107777777777778
230.259,1.8116666666666668,51.149300000000004,1.2787325,1.5097222222222224
230.677,1.8106,51.20167333333333,1.2800418333333332,1.5088333333333335
230.727,1.8101333333333334,51.254553333333334,1.2813638333333333,1.5084444444444445
231.145,1.8109333333333335,51.306866666666664,1.2826716666666667,1.5091111111111113
231.195,1.8126,51.359680000000004,1.283992,1.5105
231.613,1.8156,51.411993333333335,1.2852998333333334,1.5130000000000001
231.663,1.8197333333333332,51.46480666666666,1.2866201666666666,1.5164444444444445
232.081,1.8245333333333336,51.51718,1.2879295000000002,1.5204444444444447
232.131,1.8291333333333335,51.56999333333333,1.2892498333333333,1.524277777777778
232.549,1.8349333333333333,51.62230666666667,1.2905576666666667,1.529111111111111
232.599,1.8406666666666667,51.67506,1.2918765,1.5338888888888889
233.017,1.8465333333333334,51.72737333333334,1.2931843333333335,1.5387777777777778
233.067,1.8520666666666665,51.78012666666667,1.2945031666666666,1.543388888888889
233.485,1.8579333333333332,51.83237333333333,1.2958093333333331,1.5482777777777776
233.535,1.8630666666666669,51.885126666666665,1.2971281666666665,1.5525555555555557
233.953,1.8668,51.93737333333333,1.2984343333333332,1.5556666666666668
234.003,1.8703333333333334,51.990186666666666,1.2997546666666666,1.5586111111111112
234.42,1.8738666666666668,52.042500000000004,1.3010625,1.5615555555555558
234.47,1.8761333333333332,52.09525333333333,1.3023813333333334,1.5634444444444444
234.887,1.8779333333333335,52.14756666666666,1.3036891666666666,1.5649444444444447
234.937,1.8784,52.20025333333333,1.3050063333333333,1.5653333333333335
235.355,1.8780000000000001,52.25256666666667,1.3063141666666667,1.5650000000000002
235.405,1.8769333333333333,52.30525333333333,1.3076313333333334,1.5641111111111112
235.823,1.8752666666666669,52.35756666666667,1.3089391666666668,1.5627222222222223
235.873,1.8723999999999998,52.41025333333334,1.3102563333333335,1.5603333333333333
236.291,1.8693333333333333,52.46256666666667,1.3115641666666666,1.5577777777777777
236.341,1.8661333333333334,52.515319999999996,1.3128829999999998,1.5551111111111113
236.759,1.8631333333333333,52.56769333333333,1.3141923333333332,1.5526111111111112
236.81,1.8598000000000001,52.62056666666667,1.3155141666666668,1.5498333333333334
237.227,1.8572666666666668,52.672940000000004,1.3168235000000001,1.5477222222222224
237.277,1.8561333333333332,52.725813333333335,1.3181453333333333,1.5467777777777778
237.695,1.8557333333333335,52.77812666666667,1.319453166666667,1.5464444444444445
237.745,1.8553333333333335,52.83093333333333,1.3207733333333331,1.5461111111111112
238.163,1.8562666666666667,52.88330666666666,1.3220826666666665,1.546888888888889
238.213,1.8576666666666668,52.93611333333333,1.3234028333333332,1.5480555555555557
238.631,1.8598,52.988553333333336,1.3247138333333335,1.5498333333333334
238.681,1.8628,53.041360000000005,1.3260340000000002,1.5523333333333333
239.099,1.8667333333333334,53.0938,1.327345,1.5556111111111113
239.149,1.8712666666666666,53.146613333333335,1.3286653333333334,1.559388888888889
239.567,1.8764666666666665,53.19905333333334,1.3299763333333334,1.5637222222222222
239.617,1.8818666666666668,53.25186,1.3312965,1.5682222222222224
240.035,1.8878666666666668,53.30423333333333,1.3326058333333333,1.5732222222222223
240.085,1.8936666666666668,53.35698,1.3339245,1.5780555555555558
240.502,1.8989333333333334,53.40923333333333,1.3352308333333334,1.5824444444444445
240.552,1.9034,53.46192,1.336548,1.5861666666666667
240.97,1.9079333333333333,53.51417333333333,1.3378543333333333,1.5899444444444444
241.02,1.9117333333333333,53.56686,1.3391715,1.5931111111111111
241.438,1.9150666666666667,53.61911333333333,1.3404778333333334,1.595888888888889
241.488,1.9170666666666667,53.67186,1.3417965,1.5975555555555556
241.906,1.9182666666666668,53.72417333333333,1.3431043333333332,1.5985555555555557
241.956,1.9187333333333332,53.776986666666666,1.3444246666666666,1.5989444444444443
242.374,1.9174666666666667,53.82936666666667,1.345734166666667,1.597888888888889
242.424,1.9152666666666667,53.88224,1.347056,1.5960555555555556
242.842,1.9126666666666665,53.93467333333333,1.3483668333333332,1.593888888888889
242.892,1.9094,53.987613333333336,1.3496903333333334,1.5911666666666666
243.31,1.9070666666666665,54.04005333333334,1.3510013333333335,1.589222222222222
243.36,1.9041333333333332,54.09299333333333,1.3523248333333333,1.5867777777777778
243.778,1.9016666666666666,54.14543333333334,1.3536358333333334,1.5847222222222221
243.828,1.8997333333333333,54.19837333333333,1.3549593333333332,1.5831111111111111
244.246,1.8988666666666667,54.25087333333333,1.3562718333333332,1.582388888888889
244.296,1.8979333333333335,54.30381333333333,1.3575953333333333,1.5816111111111113
244.714,1.898,54.35631333333333,1.3589078333333333,1.5816666666666666
244.764,1.8985333333333332,54.40925333333333,1.3602313333333333,1.582111111111111
245.182,1.9,54.46169333333333,1.3615423333333332,1.5833333333333333
245.232,1.9022666666666666,54.51457333333334,1.3628643333333335,1.585222222222222
245.65,1.9040666666666666,54.56694666666667,1.3641736666666666,1.5867222222222221
245.7,1.9076,54.61976,1.365494,1.5896666666666668
246.118,1.9106666666666667,54.67207333333333,1.3668018333333332,1.5922222222222224
246.168,1.9141333333333332,54.724826666666665,1.3681206666666665,1.5951111111111111
246.585,1.9185333333333332,54.777073333333334,1.3694268333333333,1.5987777777777776
246.635,1.922,54.82976,1.370744,1.6016666666666666
247.053,1.926,54.88200666666667,1.3720501666666667,1.605
247.103,1.929533333333333,54.93476,1.3733689999999998,1.6079444444444444
247.521,1.9327333333333334,54.98706666666667,1.3746766666666668,1.6106111111111112
247.571,1.9348666666666667,55.039880000000004,1.3759970000000001,1.612388888888889
247.989,1.9371333333333332,55.09225333333333,1.3773063333333333,1.6142777777777777
248.039,1.9384000000000001,55.14512666666666,1.3786281666666667,1.6153333333333335
248.456,1.9386666666666665,55.197559999999996,1.3799389999999998,1.6155555555555554
248.506,1.938,55.25037333333333,1.3812593333333332,1.615
248.924,1.9372,55.30280666666667,1.3825701666666668,1.6143333333333334
248.974,1.9368666666666667,55.35568,1.383892,1.6140555555555556
249.392,1.9359333333333335,55.40818,1.3852045,1.613277777777778
249.442,1.9354666666666667,55.46112,1.386528,1.612888888888889
249.86,1.9358,55.51368,1.387842,1.6131666666666666
249.91,1.9351999999999998,55.56668,1.389167,1.6126666666666665
250.328,1.9347999999999999,55.61930666666667,1.3904826666666668,1.6123333333333332
250.378,1.9338666666666666,55.67230666666667,1.3918076666666668,1.6115555555555556
250.796,1.9335333333333333,55.72486666666667,1.3931216666666668,1.6112777777777778
250.847,1.9335333333333333,55.77786666666667,1.3944466666666666,1.6112777777777778
251.264,1.9344,55.83036666666667,1.3957591666666667,1.6119999999999999
251.314,1.9351333333333334,55.8833,1.3970825,1.6126111111111112
251.732,1.9372,55.93574,1.3983935,1.6143333333333334
251.782,1.9402666666666666,55.98861333333333,1.3997153333333334,1.6168888888888888
252.199,1.9441333333333333,56.041113333333335,1.4010278333333335,1.620111111111111
252.249,1.9481333333333335,56.09392666666667,1.4023481666666666,1.6234444444444447
252.667,1.9526000000000001,56.14636666666667,1.403659166666667,1.6271666666666669
252.717,1.9576666666666669,56.199173333333334,1.4049793333333334,1.6313888888888892
253.135,1.9630666666666667,56.25160666666667,1.4062901666666667,1.635888888888889
253.185,1.9676666666666667,56.30442,1.4076105,1.6397222222222223
253.603,1.9719333333333333,56.35686,1.4089215,1.6432777777777778
253.653,1.976,56.40973333333333,1.4102433333333333,1.6466666666666667
254.071,1.9784000000000002,56.46223333333333,1.4115558333333333,1.648666666666667
254.121,1.9802,56.51517333333334,1.4128793333333334,1.6501666666666668
254.539,1.9814666666666667,56.567613333333334,1.4141903333333334,1.6512222222222224
254.589,1.9818666666666667,56.62055333333333,1.4155138333333332,1.6515555555555557
255.007,1.9817333333333333,56.67299333333334,1.4168248333333335,1.6514444444444445
255.057,1.9802666666666666,56.72593333333334,1.4181483333333333,1.6502222222222223
255.475,1.9787333333333335,56.778373333333334,1.4194593333333334,1.6489444444444445
255.525,1.9764000000000002,56.831313333333334,1.4207828333333334,1.6470000000000002
255.943,1.9734,56.883813333333336,1.4220953333333335,1.6445
255.993,1.9699333333333333,56.93675333333333,1.4234188333333333,1.6416111111111111
256.411,1.9667999999999999,56.98919333333333,1.4247298333333334,1.639
256.461,1.9633333333333334,57.042073333333335,1.4260518333333334,1.6361111111111113
256.879,1.9600666666666666,57.09444666666666,1.4273611666666666,1.633388888888889
256.929,1.9571333333333334,57.147259999999996,1.4286815,1.6309444444444445
257.347,1.9533333333333334,57.19957333333333,1.4299893333333333,1.6277777777777778
257.397,1.9512,57.252386666666666,1.4313096666666667,1.6260000000000001
257.814,1.9505333333333332,57.30469333333333,1.4326173333333334,1.6254444444444445
257.864,1.9504,57.35744666666667,1.4339361666666668,1.6253333333333333
258.282,1.9516666666666667,57.409753333333335,1.4352438333333333,1.6263888888888889
258.332,1.9534666666666667,57.46250666666666,1.4365626666666667,1.627888888888889
258.75,1.9567333333333332,57.514813333333336,1.4378703333333334,1.630611111111111
258.8,1.9600666666666666,57.56762666666667,1.4391906666666667,1.633388888888889
259.218,1.9636,57.62,1.4405,1.6363333333333334
259.268,1.9678,57.672873333333335,1.4418218333333335,1.6398333333333335
259.686,1.9722666666666666,57.72524666666666,1.4431311666666666,1.6435555555555557
259.736,1.9764000000000002,57.778119999999994,1.4444529999999998,1.6470000000000002
260.154,1.9808666666666668,57.83049333333334,1.4457623333333334,1.6507222222222224
260.204,1.9851333333333334,57.88336666666667,1.4470841666666667,1.654277777777778
260.622,1.9893333333333334,57.93574,1.4483935000000001,1.6577777777777778
260.672,1.9944,57.98861333333333,1.4497153333333332,1.662
261.09,1.9992666666666667,58.04092666666667,1.4510231666666669,1.6660555555555556
261.14,2.002666666666667,58.093740000000004,1.4523435,1.668888888888889
261.558,2.005533333333333,58.14611333333333,1.4536528333333334,1.6712777777777776
261.608,2.007,58.198926666666665,1.4549731666666665,1.6725
262.026,2.0082,58.2513,1.4562825,1.6735
262.076,2.0079333333333333,58.30411333333333,1.4576028333333333,1.6732777777777779
262.493,2.0067333333333335,58.35642666666667,1.4589106666666667,1.672277777777778
262.543,2.005333333333333,58.40911333333334,1.4602278333333334,1.671111111111111
262.961,2.0036,58.46136666666666,1.4615341666666666,1.6696666666666669
263.011,2.0016000000000003,58.51405333333334,1.4628513333333335,1.6680000000000004
263.428,1.9991333333333334,58.56630666666667,1.4641576666666667,1.6659444444444447
263.478,1.9963333333333333,58.61893333333333,1.4654733333333332,1.6636111111111112
263.896,1.9918000000000002,58.67118666666667,1.4667796666666668,1.6598333333333335
263.946,1.9873333333333334,58.72381333333333,1.4680953333333333,1.6561111111111113
264.364,1.9844666666666668,58.776066666666665,1.4694016666666667,1.6537222222222223
264.415,1.9818,58.82881333333333,1.4707203333333332,1.6515
264.832,1.9806666666666668,58.88112666666667,1.4720281666666666,1.6505555555555558
264.882,1.9800666666666666,58.93394,1.4733485,1.6500555555555556
265.3,1.9804,58.98632,1.474658,1.6503333333333334
265.35,1.981,59.03919333333333,1.4759798333333332,1.6508333333333334
265.768,1.9823333333333333,59.091573333333336,1.4772893333333335,1.6519444444444444
265.818,1.9846000000000001,59.14444666666667,1.4786111666666666,1.6538333333333335
266.236,1.9874666666666667,59.196886666666664,1.4799221666666666,1.6562222222222223
266.286,1.9906666666666666,59.24976,1.481244,1.6588888888888889
266.704,1.9945333333333333,59.3022,1.482555,1.662111111111111
266.754,1.9988666666666668,59.35507333333333,1.4838768333333332,1.6657222222222223
267.172,2.0034,59.40757333333333,1.4851893333333333,1.6695000000000002
267.222,2.0096666666666665,59.46044666666667,1.4865111666666668,1.6747222222222222
267.64,2.0161333333333333,59.51294666666667,1.4878236666666669,1.680111111111111
267.69,2.021,59.56582,1.4891455,1.6841666666666666
268.108,2.0237333333333334,59.6182,1.490455,1.6864444444444446
268.158,2.0249333333333333,59.671013333333335,1.4917753333333335,1.6874444444444445
268.576,2.024,59.72332666666667,1.4930831666666669,1.6866666666666668
268.626,2.0221333333333336,59.776073333333336,1.4944018333333333,1.6851111111111114
269.044,2.0201333333333333,59.82832666666666,1.4957081666666665,1.6834444444444445
269.094,2.0174,59.88107333333333,1.4970268333333334,1.6811666666666667
269.511,2.015066666666667,59.933326666666666,1.4983331666666666,1.6792222222222224
269.561,2.0121333333333333,59.98601333333333,1.4996503333333333,1.676777777777778
269.979,2.0094666666666665,60.038266666666665,1.5009566666666667,1.6745555555555556
270.029,2.006133333333333,60.09101333333333,1.5022753333333332,1.6717777777777776
270.447,2.0031333333333334,60.14332666666667,1.5035831666666666,1.6692777777777779
270.497,1.9999333333333333,60.196133333333336,1.5049033333333335,1.6666111111111113
270.915,1.9979333333333333,60.24850666666667,1.5062126666666669,1.6649444444444446
270.965,1.9957333333333334,60.30138,1.5075345,1.6631111111111112
271.383,1.9942,60.35375333333333,1.5088438333333332,1.6618333333333333
271.433,1.9948000000000001,60.40662666666667,1.5101656666666667,1.6623333333333334
271.851,1.9959333333333333,60.458999999999996,1.511475,1.6632777777777779
271.901,1.9991999999999999,60.511873333333334,1.5127968333333333,1.666
272.319,2.0029333333333335,60.56424666666667,1.5141061666666666,1.6691111111111112
272.369,2.0068,60.61712,1.515428,1.6723333333333334
272.787,2.0103333333333335,60.669493333333335,1.5167373333333334,1.675277777777778
272.837,2.013466666666667,60.722366666666666,1.5180591666666667,1.6778888888888892
273.255,2.014133333333333,60.7748,1.5193699999999999,1.6784444444444444
273.305,2.0145333333333335,60.82767333333333,1.5206918333333332,1.678777777777778
273.723,2.0148,60.880046666666665,1.5220011666666666,1.6790000000000003
273.773,2.0147333333333335,60.93286,1.5233215,1.6789444444444446
274.191,2.0154,60.985173333333336,1.5246293333333334,1.6795000000000002
274.241,2.014866666666667,61.037926666666664,1.5259481666666666,1.6790555555555557
274.659,2.0146666666666664,61.09017333333334,1.5272543333333335,1.6788888888888887
274.709,2.0138000000000003,61.142986666666665,1.5285746666666666,1.678166666666667
275.127,2.0122666666666666,61.195299999999996,1.5298824999999998,1.6768888888888889
275.177,2.0101999999999998,61.248180000000005,1.5312045,1.6751666666666665
275.594,2.0076666666666667,61.30055333333333,1.5325138333333332,1.6730555555555557
275.644,2.0046666666666666,61.353433333333335,1.5338358333333333,1.6705555555555556
276.061,1.9976,61.40586666666666,1.5351466666666664,1.6646666666666667
276.111,1.9908666666666666,61.45868,1.536467,1.6590555555555555
276.529,1.9834,61.511113333333334,1.5377778333333334,1.6528333333333334
276.579,1.9784000000000002,61.56392666666667,1.5390981666666668,1.648666666666667
276.997,1.9730666666666667,61.61636,1.540409,1.6442222222222223
277.047,1.9678666666666667,61.669239999999995,1.541731,1.639888888888889
277.465,1.9628666666666668,61.72174,1.5430435,1.6357222222222223
277.515,1.9571333333333334,61.774680000000004,1.544367,1.6309444444444445
277.933,1.9516,61.827239999999996,1.5456809999999999,1.6263333333333334
277.983,1.9457333333333333,61.88024,1.547006,1.6214444444444445
278.401,1.9402000000000001,61.93280666666667,1.5483201666666668,1.6168333333333336
278.452,1.9353333333333333,61.985866666666666,1.5496466666666666,1.6127777777777779
278.869,1.9298666666666666,62.03836666666667,1.5509591666666667,1.6082222222222222
278.919,1.9248666666666667,62.091366666666666,1.5522841666666667,1.6040555555555556
279.337,1.9204,62.14386666666667,1.5535966666666667,1.6003333333333334
279.387,1.9200000000000002,62.19680666666667,1.5549201666666668,1.6
279.805,1.9192666666666667,62.24937333333333,1.5562343333333333,1.599388888888889
279.855,1.9192666666666667,62.30231333333334,1.5575578333333335,1.599388888888889
280.273,1.9192,62.35488,1.558872,1.5993333333333335
280.323,1.9194666666666664,62.40782,1.5601955,1.5995555555555554
280.741,1.9185333333333332,62.46032,1.5615080000000001,1.5987777777777776
280.791,1.9174,62.51325333333333,1.5628313333333332,1.5978333333333334
281.209,1.9144666666666665,62.56575333333333,1.5641438333333333,1.5953888888888887
281.259,1.911333333333333,62.61869333333333,1.5654673333333333,1.5927777777777776
281.676,1.905,62.671193333333335,1.5667798333333334,1.5875000000000001
281.726,1.8983333333333332,62.724000000000004,1.5681,1.5819444444444444
282.144,1.88,62.77637333333333,1.5694093333333332,1.5666666666666667
282.194,1.8622666666666665,62.829179999999994,1.5707295,1.5518888888888889
282.612,1.7338666666666667,62.881553333333336,1.5720388333333335,1.444888888888889
282.662,1.604933333333333,62.93442666666667,1.5733606666666666,1.3374444444444442
283.08,1.4734,62.986866666666664,1.5746716666666667,1.2278333333333333
283.132,1.3421999999999998,63.03611333333333,1.5759028333333334,1.1184999999999998
283.548,1.2116,63.08161333333333,1.5770403333333332,1.0096666666666667
283.6,1.0810666666666668,63.12386,1.5780965,0.9008888888888891
284.016,0.9504666666666667,63.16236,1.579059,0.7920555555555556
284.067,0.8210666666666666,63.197606666666665,1.5799401666666666,0.6842222222222222
284.484,0.6918,63.22904666666667,1.5807261666666668,0.5765
284.535,0.5643333333333334,63.25723333333334,1.5814308333333336,0.4702777777777778
284.952,0.43753333333333333,63.28160666666667,1.5820401666666668,0.3646111111111111
285.003,0.3139333333333333,63.30273333333333,1.5825683333333331,0.26161111111111107
285.42,0.18946666666666664,63.32017333333333,1.5830043333333332,0.15788888888888888
285.471,0.07666666666666666,63.3343,1.5833575,0.06388888888888888
285.888,-0.0366,63.34474,1.5836185,-0.030500000000000003
285.939,-0.0392,63.351866666666666,1.5837966666666667,-0.03266666666666667
286.356,-0.042133333333333335,63.35524,1.583881,-0.035111111111111114
286.407,-0.042466666666666666,63.35530000000001,1.5838825,-0.03538888888888889
286.824,-0.043133333333333336,63.35530000000001,1.5838825,-0.035944444444444446
286.875,-0.0444,63.35530000000001,1.5838825,-0.037000000000000005
287.292,-0.045733333333333334,63.35530000000001,1.5838825,-0.038111111111111116
287.343,-0.047,63.35530000000001,1.5838825,-0.03916666666666667
287.76,-0.04873333333333333,63.35530000000001,1.5838825,-0.04061111111111111
287.811,-0.0506,63.35530000000001,1.5838825,-0.042166666666666665
288.228,-0.052533333333333335,63.35530000000001,1.5838825,-0.043777777777777784
288.279,-0.05513333333333334,63.35530000000001,1.5838825,-0.045944444444444454
288.696,-0.05806666666666667,63.35530000000001,1.5838825,-0.04838888888888889
288.747,-0.06013333333333334,63.35530000000001,1.5838825,-0.05011111111111111
289.163,-0.062200000000000005,63.35530000000001,1.5838825,-0.05183333333333334
289.215,-0.0638,63.35530000000001,1.5838825,-0.05316666666666667
289.631,-0.06546666666666666,63.35530000000001,1.5838825,-0.05455555555555555
289.683,-0.0668,63.35530000000001,1.5838825,-0.05566666666666667
290.098,-0.06846666666666666,63.35530000000001,1.5838825,-0.057055555555555554
290.151,-0.0698,63.35530000000001,1.5838825,-0.05816666666666667
290.566,-0.07093333333333333,63.35530000000001,1.5838825,-0.059111111111111114
290.619,-0.07200000000000001,63.35530000000001,1.5838825,-0.06000000000000001
291.034,-0.07333333333333333,63.35530000000001,1.5838825,-0.061111111111111116
291.086,-0.0742,63.35530000000001,1.5838825,-0.06183333333333334
291.502,-0.075,63.35530000000001,1.5838825,-0.0625
291.554,-0.07573333333333333,63.35530000000001,1.5838825,-0.06311111111111112
291.97,-0.07646666666666667,63.35530000000001,1.5838825,-0.06372222222222222
292.022,-0.07686666666666667,63.35530000000001,1.5838825,-0.06405555555555556
292.438,-0.0774,63.35530000000001,1.5838825,-0.0645
292.49,-0.07793333333333334,63.35530000000001,1.5838825,-0.06494444444444446
292.906,-0.0784,63.35530000000001,1.5838825,-0.06533333333333334
292.957,-0.0788,63.35530000000001,1.5838825,-0.06566666666666666
293.374,-0.0794,63.35530000000001,1.5838825,-0.06616666666666667
293.425,-0.07966666666666668,63.35530000000001,1.5838825,-0.0663888888888889
293.842,-0.07980000000000001,63.35530000000001,1.5838825,-0.06650000000000002
293.893,-0.08013333333333333,63.35530000000001,1.5838825,-0.06677777777777778
294.31,-0.08046666666666667,63.35530000000001,1.5838825,-0.06705555555555556
294.361,-0.08053333333333333,63.35530000000001,1.5838825,-0.06711111111111111
294.778,-0.0806,63.35530000000001,1.5838825,-0.06716666666666668
294.829,-0.08073333333333334,63.35530000000001,1.5838825,-0.06727777777777778
295.246,-0.0808,63.35530000000001,1.5838825,-0.06733333333333333
295.297,-0.08086666666666667,63.35530000000001,1.5838825,-0.0673888888888889
295.714,-0.08113333333333334,63.35530000000001,1.5838825,-0.06761111111111112
295.765,-0.08126666666666667,63.35530000000001,1.5838825,-0.06772222222222223
296.181,-0.08113333333333334,63.35530000000001,1.5838825,-0.06761111111111112
296.233,-0.08106666666666666,63.35530000000001,1.5838825,-0.06755555555555555
296.649,-0.08373333333333334,63.35530000000001,1.5838825,-0.06977777777777779
296.701,-0.0862,63.35530000000001,1.5838825,-0.07183333333333333
297.117,-0.08006666666666667,63.35530000000001,1.5838825,-0.06672222222222224
297.169,-0.07406666666666667,63.35530000000001,1.5838825,-0.06172222222222223
297.585,-0.0672,63.35530000000001,1.5838825,-0.056
297.637,-0.060333333333333336,63.35530000000001,1.5838825,-0.05027777777777778
298.053,-0.0564,63.35530000000001,1.5838825,-0.047
298.104,-0.05246666666666667,63.35530000000001,1.5838825,-0.043722222222222225
298.521,-0.05273333333333333,63.35530000000001,1.5838825,-0.043944444444444446
298.572,-0.05306666666666667,63.35530000000001,1.5838825,-0.044222222222222225
298.989,-0.05326666666666667,63.35530000000001,1.5838825,-0.044388888888888894
299.04,-0.05326666666666667,63.35530000000001,1.5838825,-0.044388888888888894
299.457,-0.05333333333333334,63.35530000000001,1.5838825,-0.044444444444444446
299.508,-0.05366666666666667,63.35530000000001,1.5838825,-0.044722222222222226
299.925,-0.05393333333333334,63.35530000000001,1.5838825,-0.044944444444444454
299.976,-0.05146666666666667,63.35530000000001,1.5838825,-0.04288888888888889
300.393,-0.049066666666666675,63.35530000000001,1.5838825,-0.0408888888888889
300.444,-0.05526666666666667,63.35530000000001,1.5838825,-0.046055555555555565
300.861,-0.06006666666666667,63.35530000000001,1.5838825,-0.05005555555555556
300.912,-0.06573333333333334,63.35530000000001,1.5838825,-0.054777777777777786
301.329,-0.07066666666666667,63.35530000000001,1.5838825,-0.05888888888888889
301.38,-0.07266666666666667,63.35530000000001,1.5838825,-0.060555555555555564
301.797,-0.07466666666666667,63.35530000000001,1.5838825,-0.06222222222222223
301.848,-0.07246666666666667,63.35530000000001,1.5838825,-0.06038888888888889
302.265,-0.07133333333333333,63.35530000000001,1.5838825,-0.059444444444444446
302.316,-0.07033333333333333,63.35530000000001,1.5838825,-0.058611111111111114
302.733,-0.07086666666666666,63.35530000000001,1.5838825,-0.059055555555555556
302.784,-0.07133333333333333,63.35530000000001,1.5838825,-0.059444444444444446
303.2,-0.07173333333333334,63.35530000000001,1.5838825,-0.05977777777777779
303.252,-0.0722,63.35530000000001,1.5838825,-0.06016666666666667
303.668,-0.0728,63.35530000000001,1.5838825,-0.060666666666666674
303.72,-0.07333333333333333,63.35530000000001,1.5838825,-0.061111111111111116
304.135,-0.07406666666666667,63.35530000000001,1.5838825,-0.06172222222222223
304.188,-0.0762,63.35530000000001,1.5838825,-0.0635
304.603,-0.078,63.35530000000001,1.5838825,-0.065
304.656,-0.08053333333333333,63.35530000000001,1.5838825,-0.06711111111111111
305.071,-0.08293333333333333,63.35530000000001,1.5838825,-0.06911111111111111
305.123,-0.08533333333333333,63.35530000000001,1.5838825,-0.07111111111111111
305.539,-0.08746666666666666,63.35530000000001,1.5838825,-0.07288888888888889
305.591,-0.08853333333333334,63.35530000000001,1.5838825,-0.07377777777777779
306.007,-0.08993333333333334,63.35530000000001,1.5838825,-0.07494444444444445
306.059,-0.0898,63.35530000000001,1.5838825,-0.07483333333333334
306.475,-0.08953333333333333,63.35530000000001,1.5838825,-0.07461111111111111
306.527,-0.08933333333333332,63.35530000000001,1.5838825,-0.07444444444444444
306.943,-0.08959999999999999,63.35530000000001,1.5838825,-0.07466666666666666
306.994,-0.08973333333333335,63.35530000000001,1.5838825,-0.07477777777777779
307.411,-0.08966666666666666,63.35530000000001,1.5838825,-0.07472222222222222
307.462,-0.0894,63.35530000000001,1.5838825,-0.0745
307.879,-0.08873333333333333,63.35530000000001,1.5838825,-0.07394444444444445
307.93,-0.0884,63.35530000000001,1.5838825,-0.07366666666666667
308.347,-0.08773333333333334,63.35530000000001,1.5838825,-0.07311111111111113
308.398,-0.0872,63.35530000000001,1.5838825,-0.07266666666666667
308.815,-0.0872,63.35530000000001,1.5838825,-0.07266666666666667
308.866,-0.08746666666666666,63.35530000000001,1.5838825,-0.07288888888888889
309.283,-0.08726666666666666,63.35530000000001,1.5838825,-0.07272222222222222
309.334,-0.08673333333333333,63.35530000000001,1.5838825,-0.07227777777777777
309.751,-0.08600000000000001,63.35530000000001,1.5838825,-0.07166666666666667
309.802,-0.08539999999999999,63.35530000000001,1.5838825,-0.07116666666666666
310.219,-0.08499999999999999,63.35530000000001,1.5838825,-0.07083333333333333
310.27,-0.08413333333333334,63.35530000000001,1.5838825,-0.07011111111111112
310.686,-0.083,63.35530000000001,1.5838825,-0.06916666666666667
310.738,-0.08206666666666668,63.35530000000001,1.5838825,-0.0683888888888889
311.154,-0.08146666666666666,63.35530000000001,1.5838825,-0.06788888888888889
311.206,-0.08126666666666667,63.35530000000001,1.5838825,-0.06772222222222223
311.622,-0.08073333333333334,63.35530000000001,1.5838825,-0.06727777777777778
311.674,-0.08053333333333333,63.35530000000001,1.5838825,-0.06711111111111111
312.09,-0.08020000000000001,63.35530000000001,1.5838825,-0.06683333333333334
312.142,-0.07933333333333333,63.35530000000001,1.5838825,-0.0661111111111111
312.558,-0.07886666666666667,63.35530000000001,1.5838825,-0.06572222222222222
312.61,-0.07886666666666667,63.35530000000001,1.5838825,-0.06572222222222222
313.026,-0.07873333333333334,63.35530000000001,1.5838825,-0.06561111111111112
313.077,-0.0788,63.35530000000001,1.5838825,-0.06566666666666666
313.494,-0.07893333333333333,63.35530000000001,1.5838825,-0.06577777777777778
313.545,-0.07886666666666667,63.35530000000001,1.5838825,-0.06572222222222222
313.962,-0.07873333333333334,63.35530000000001,1.5838825,-0.06561111111111112
314.013,-0.07886666666666667,63.35530000000001,1.5838825,-0.06572222222222222
314.43,-0.07906666666666666,63.35530000000001,1.5838825,-0.06588888888888889
314.481,-0.07893333333333333,63.35530000000001,1.5838825,-0.06577777777777778
314.898,-0.07866666666666666,63.35530000000001,1.5838825,-0.06555555555555556
314.949,-0.07873333333333334,63.35530000000001,1.5838825,-0.06561111111111112
315.366,-0.07893333333333333,63.35530000000001,1.5838825,-0.06577777777777778
315.417,-0.07926666666666667,63.35530000000001,1.5838825,-0.06605555555555556
315.834,-0.07959999999999999,63.35530000000001,1.5838825,-0.06633333333333333
315.885,-0.07953333333333333,63.35530000000001,1.5838825,-0.06627777777777778
316.302,-0.0794,63.35530000000001,1.5838825,-0.06616666666666667
316.353,-0.0794,63.35530000000001,1.5838825,-0.06616666666666667
316.77,-0.07933333333333333,63.35530000000001,1.5838825,-0.0661111111111111
316.821,-0.07919999999999999,63.35530000000001,1.5838825,-0.066
317.238,-0.07913333333333333,63.35530000000001,1.5838825,-0.06594444444444444
317.289,-0.07913333333333333,63.35530000000001,1.5838825,-0.06594444444444444
317.704,-0.07906666666666666,63.35530000000001,1.5838825,-0.06588888888888889
317.757,-0.07893333333333333,63.35530000000001,1.5838825,-0.06577777777777778
318.172,-0.079,63.35530000000001,1.5838825,-0.06583333333333334
318.225,-0.07919999999999999,63.35530000000001,1.5838825,-0.066
318.64,-0.07946666666666666,63.35530000000001,1.5838825,-0.06622222222222222
318.693,-0.07959999999999999,63.35530000000001,1.5838825,-0.06633333333333333
319.108,-0.07966666666666668,63.35530000000001,1.5838825,-0.0663888888888889
319.161,-0.07973333333333334,63.35530000000001,1.5838825,-0.06644444444444444
319.576,-0.07980000000000001,63.35530000000001,1.5838825,-0.06650000000000002
319.629,-0.07993333333333334,63.35530000000001,1.5838825,-0.06661111111111112
320.044,-0.08006666666666667,63.35530000000001,1.5838825,-0.06672222222222224
320.096,-0.08026666666666667,63.35530000000001,1.5838825,-0.06688888888888889
320.512,-0.08033333333333334,63.35530000000001,1.5838825,-0.06694444444444446
320.564,-0.08033333333333334,63.35530000000001,1.5838825,-0.06694444444444446
320.98,-0.08026666666666667,63.35530000000001,1.5838825,-0.06688888888888889
321.031,-0.08026666666666667,63.35530000000001,1.5838825,-0.06688888888888889
321.448,-0.08026666666666667,63.35530000000001,1.5838825,-0.06688888888888889
321.499,-0.08006666666666667,63.35530000000001,1.5838825,-0.06672222222222224
321.916,-0.08,63.35530000000001,1.5838825,-0.06666666666666667
321.967,-0.07986666666666667,63.35530000000001,1.5838825,-0.06655555555555556
322.384,-0.081,63.35530000000001,1.5838825,-0.0675
322.435,-0.08220000000000001,63.35530000000001,1.5838825,-0.0685
322.852,-0.0912,63.35530000000001,1.5838825,-0.07600000000000001
322.903,-0.10020000000000001,63.35530000000001,1.5838825,-0.08350000000000002
323.32,-0.1036,63.35530000000001,1.5838825,-0.08633333333333333
323.371,-0.107,63.35530000000001,1.5838825,-0.08916666666666667
